Date;Open;High;Low;Close;Volume
2004.06.11 07:18;384;384.1;384;384;3
2004.06.11 07:23;384.1;384.1;384;384;2
2004.06.11 07:24;383.8;383.8;383.8;383.8;1
2004.06.11 07:25;383.8;384.3;383.8;384.3;3
2004.06.11 07:27;383.8;383.8;383.8;383.8;1
2004.06.11 07:28;383.8;383.8;383.8;383.8;1
2004.06.11 07:29;384.3;384.3;384.3;384.3;1
2004.06.11 07:31;383.8;383.8;383.8;383.8;1
2004.06.11 07:32;383.8;383.8;383.8;383.8;1
2004.06.11 07:35;383.8;383.8;383.8;383.8;1
2004.06.11 07:37;384.3;384.3;384.3;384.3;1
2004.06.11 07:38;383.8;383.8;383.6;383.6;2
2004.06.11 07:39;384.1;384.1;383.8;383.8;2
2004.06.11 07:41;384.1;384.1;384.1;384.1;1
2004.06.11 07:42;383.6;383.6;383.6;383.6;1
2004.06.11 07:43;383.6;383.6;383.6;383.6;1
2004.06.11 07:44;383.8;383.8;383.8;383.8;1
2004.06.11 07:45;383.3;383.3;383.3;383.3;1
2004.06.11 07:46;383.3;383.3;383.3;383.3;1
2004.06.11 07:47;383.5;383.5;383.5;383.5;1
2004.06.11 07:48;383.3;383.3;383.3;383.3;1
2004.06.11 07:49;383.3;383.3;383.3;383.3;1
2004.06.11 07:50;383.3;383.3;383.3;383.3;1
2004.06.11 07:51;383.5;383.5;383.3;383.3;2
2004.06.11 07:52;383.6;383.6;383.6;383.6;1
2004.06.11 07:53;383.8;383.8;383.8;383.8;1
2004.06.11 07:54;383.6;383.6;383.5;383.5;2
2004.06.11 07:56;383.6;383.6;383.5;383.5;2
2004.06.11 07:58;383.8;383.8;383.6;383.6;5
2004.06.11 07:59;383.8;383.8;383.8;383.8;1
2004.06.11 08:00;383.8;383.8;383.8;383.8;1
2004.06.11 08:03;383.8;384.1;383.8;384.1;2
2004.06.11 08:04;383.8;383.8;383.6;383.6;3
2004.06.11 08:11;384.1;384.1;384.1;384.1;1
2004.06.11 08:12;383.6;383.6;383.6;383.6;1
2004.06.11 08:15;383.6;383.8;383.6;383.8;3
2004.06.11 08:16;383.6;383.6;383.6;383.6;1
2004.06.11 08:17;383.6;384.3;383.6;384.3;2
2004.06.11 08:18;383.8;383.8;383.8;383.8;1
2004.06.11 08:19;383.6;383.8;383.6;383.8;2
2004.06.11 08:20;383.6;383.8;383.6;383.8;2
2004.06.11 08:22;384.1;384.1;384.1;384.1;1
2004.06.11 08:23;383.6;383.6;383.6;383.6;1
2004.06.11 08:24;383.5;384;383.5;384;3
2004.06.11 08:25;383.6;383.6;383.6;383.6;1
2004.06.11 08:26;383.5;383.6;383.5;383.6;2
2004.06.11 08:29;383.5;383.5;383.5;383.5;1
2004.06.11 08:32;383.3;383.3;383.3;383.3;1
2004.06.11 08:33;383.5;383.5;383.5;383.5;1
2004.06.11 08:34;383.3;383.5;383.3;383.5;2
2004.06.11 08:37;383.5;383.5;383.5;383.5;1
2004.06.11 08:39;383.5;383.5;383.5;383.5;1
2004.06.11 08:41;383.5;383.5;383.5;383.5;1
2004.06.11 08:45;383.3;383.3;383.3;383.3;1
2004.06.11 08:48;383.3;383.3;383.3;383.3;1
2004.06.11 08:50;383.1;383.1;383.1;383.1;1
2004.06.11 08:53;383.1;383.1;383.1;383.1;1
2004.06.11 08:54;383.1;383.1;383.1;383.1;1
2004.06.11 08:58;383.1;383.1;383.1;383.1;1
2004.06.11 09:01;383.1;383.1;383.1;383.1;1
2004.06.11 09:07;383.5;383.5;383.5;383.5;1
2004.06.11 09:08;383.8;383.8;383.6;383.8;3
2004.06.11 09:09;383.8;383.8;383.8;383.8;1
2004.06.11 09:12;383.8;384.1;383.6;383.6;3
2004.06.11 09:16;383.8;383.8;383.8;383.8;1
2004.06.11 09:18;384;384;384;384;1
2004.06.11 09:19;383.8;384;383.8;383.8;3
2004.06.11 09:20;383.6;383.6;383.6;383.6;1
2004.06.11 09:21;383.6;383.6;383.6;383.6;1
2004.06.11 09:24;383.1;383.1;383.1;383.1;1
2004.06.11 09:25;382.8;383.1;382.8;383;3
2004.06.11 09:26;382.8;382.8;382.8;382.8;1
2004.06.11 09:28;383;383;383;383;1
2004.06.11 09:29;382.8;383;382.8;383;2
2004.06.11 09:30;383.1;383.3;383.1;383.1;4
2004.06.11 09:31;383.1;383.1;383.1;383.1;1
2004.06.11 09:32;383;383;383;383;1
2004.06.11 09:33;383.1;383.1;383.1;383.1;1
2004.06.11 09:34;383;383;382.8;382.8;2
2004.06.11 09:35;382.8;382.8;382.8;382.8;1
2004.06.11 09:37;382.8;382.8;382.8;382.8;1
2004.06.11 09:38;382.8;382.8;382.8;382.8;1
2004.06.11 09:39;382.8;383.1;382.8;383.1;3
2004.06.11 09:40;383;383;383;383;1
2004.06.11 09:41;382.8;383;382.8;383;2
2004.06.11 09:42;382.8;383;382.8;383;2
2004.06.11 09:45;383;383;383;383;1
2004.06.11 09:48;383.1;383.1;383.1;383.1;1
2004.06.11 09:51;383;383.1;383;383.1;2
2004.06.11 09:54;382.8;383;382.8;383;2
2004.06.11 09:55;383.1;383.3;383.1;383.1;3
2004.06.11 09:59;383;383.1;383;383.1;2
2004.06.11 10:02;383;383;383;383;1
2004.06.11 10:03;383.1;383.1;383.1;383.1;1
2004.06.11 10:04;383.3;383.3;383.3;383.3;1
2004.06.11 10:07;383.3;383.3;383.3;383.3;1
2004.06.11 10:10;383.3;383.3;383.1;383.1;2
2004.06.11 10:11;383.3;383.3;383.3;383.3;1
2004.06.11 10:12;383.6;383.6;383.6;383.6;1
2004.06.11 10:13;383.5;383.6;383.5;383.6;2
2004.06.11 10:16;383.6;383.6;383.6;383.6;1
2004.06.11 10:27;383.6;383.6;383.6;383.6;1
2004.06.11 10:31;383.6;383.6;383.6;383.6;1
2004.06.11 10:32;383.6;383.6;383.6;383.6;1
2004.06.11 10:33;383.8;383.8;383.6;383.6;2
2004.06.11 10:34;383.5;383.5;383.5;383.5;1
2004.06.11 10:37;383.6;383.6;383.5;383.5;2
2004.06.11 10:38;383.6;383.6;383.5;383.6;3
2004.06.11 10:46;383.6;383.6;383.6;383.6;1
2004.06.11 10:47;383.6;383.6;383.6;383.6;1
2004.06.11 10:49;383.6;383.8;383.6;383.8;4
2004.06.11 10:50;383.6;383.6;383.6;383.6;1
2004.06.11 10:51;383.8;383.8;383.8;383.8;1
2004.06.11 10:53;383.8;383.8;383.8;383.8;1
2004.06.11 10:56;383.6;383.6;383.6;383.6;1
2004.06.11 10:58;383.6;383.6;383.6;383.6;1
2004.06.11 11:02;383.6;383.6;383.5;383.6;3
2004.06.11 11:04;383.6;383.6;383.6;383.6;1
2004.06.11 11:05;383.5;383.6;383.5;383.6;2
2004.06.11 11:08;383.6;383.6;383.6;383.6;1
2004.06.11 11:10;383.6;383.6;383.6;383.6;1
2004.06.11 11:15;383.6;383.6;383.6;383.6;1
2004.06.11 11:19;383.6;383.6;383.6;383.6;1
2004.06.11 11:20;383.6;383.6;383.6;383.6;1
2004.06.11 11:27;383.6;383.6;383.6;383.6;1
2004.06.11 11:30;383.6;383.6;383.6;383.6;1
2004.06.11 11:31;383.6;383.6;383.6;383.6;1
2004.06.11 11:34;383.6;383.6;383.6;383.6;1
2004.06.11 11:38;383.6;383.6;383.6;383.6;1
2004.06.11 11:41;383.6;383.6;383.6;383.6;1
2004.06.11 11:45;383.6;383.6;383.6;383.6;1
2004.06.11 11:48;383.6;383.6;383.6;383.6;1
2004.06.11 11:52;383.6;383.6;383.6;383.6;1
2004.06.11 11:54;383.6;383.8;383.6;383.6;3
2004.06.11 12:00;383.5;383.6;383.5;383.6;2
2004.06.11 12:02;383.6;383.6;383.6;383.6;1
2004.06.11 12:03;384.1;384.1;384.1;384.1;1
2004.06.11 12:06;383.6;383.6;383.6;383.6;1
2004.06.11 12:07;383.8;383.8;383.8;383.8;1
2004.06.11 12:08;383.6;383.6;383.6;383.6;1
2004.06.11 12:10;383.6;383.6;383.6;383.6;1
2004.06.11 12:11;383.6;383.6;383.6;383.6;1
2004.06.11 12:22;383.6;383.6;383.6;383.6;1
2004.06.11 12:26;383.5;383.5;383.5;383.5;1
2004.06.11 12:27;383.6;383.6;383.6;383.6;1
2004.06.11 12:30;383.6;383.6;383.6;383.6;1
2004.06.11 12:31;383.6;383.6;383.6;383.6;1
2004.06.11 12:32;383.6;383.6;383.6;383.6;1
2004.06.11 12:40;383.6;383.6;383.6;383.6;1
2004.06.11 12:47;383.8;383.8;383.8;383.8;1
2004.06.11 12:50;383.3;383.3;383.3;383.3;1
2004.06.11 12:53;383.3;383.3;383.3;383.3;1
2004.06.11 12:58;383.3;383.3;383.3;383.3;1
2004.06.11 13:02;383.6;383.6;383.6;383.6;1
2004.06.11 13:10;383.6;383.6;383.6;383.6;1
2004.06.11 13:13;383.6;383.6;383.6;383.6;1
2004.06.11 13:17;383.8;383.8;383.8;383.8;1
2004.06.11 13:18;383.8;383.8;383.8;383.8;1
2004.06.11 13:24;383.6;383.6;383.6;383.6;1
2004.06.11 13:27;383.8;383.8;383.8;383.8;1
2004.06.11 13:34;383.6;383.6;383.6;383.6;1
2004.06.11 13:37;384;384;383.8;383.8;2
2004.06.11 13:43;384.3;384.3;384.3;384.3;1
2004.06.11 13:49;384.1;384.3;384.1;384.3;2
2004.06.11 13:51;384.1;384.1;384.1;384.1;1
2004.06.11 13:53;384;384;384;384;1
2004.06.11 14:40;383.8;383.8;383.8;383.8;1
2004.06.11 14:41;383.8;383.8;383.8;383.8;1
2004.06.11 14:48;383.8;383.8;383.8;383.8;1
2004.06.11 14:53;383.8;383.8;383.8;383.8;1
2004.06.11 15:14;383.8;383.8;383.8;383.8;1
2004.06.11 15:19;384.1;384.1;384.1;384.1;1
2004.06.11 15:23;384.3;384.3;384.3;384.3;1
2004.06.11 15:30;384.3;384.3;384.3;384.3;1
2004.06.11 15:33;384.3;384.3;384.3;384.3;1
2004.06.11 15:35;384.1;384.1;384.1;384.1;1
2004.06.11 15:42;384.1;384.1;384.1;384.1;1
2004.06.11 15:48;384.6;384.6;384.6;384.6;1
2004.06.11 15:56;384.6;384.6;384.6;384.6;1
2004.06.11 16:09;384.3;384.3;384.3;384.3;1
2004.06.11 16:17;384.3;384.3;384.3;384.3;1
2004.06.11 16:22;384.1;384.1;384.1;384.1;1
2004.06.11 16:25;384.6;384.8;384.6;384.8;2
2004.06.11 16:26;384.6;384.6;384.6;384.6;1
2004.06.11 16:30;384.3;384.3;384.1;384.1;2
2004.06.11 16:35;384.3;384.3;384.3;384.3;1
2004.06.11 16:37;384.1;384.1;384.1;384.1;1
2004.06.11 16:41;384.3;384.3;384.3;384.3;1
2004.06.11 16:44;384.3;384.3;384.3;384.3;1
2004.06.11 16:45;384.3;384.3;384.3;384.3;1
2004.06.11 16:47;384.3;384.3;384.3;384.3;1
2004.06.11 16:50;384.3;384.3;384.3;384.3;1
2004.06.11 16:53;384.3;384.3;384.3;384.3;1
2004.06.11 16:55;384.1;384.1;384.1;384.1;1
2004.06.11 16:56;384.3;384.3;384.3;384.3;1
2004.06.11 16:58;384.3;384.3;384.3;384.3;1
2004.06.11 17:06;384.1;384.1;384.1;384.1;1
2004.06.11 17:16;384.1;384.1;384.1;384.1;1
2004.06.11 17:25;384.1;384.1;384.1;384.1;1
2004.06.11 17:31;384.3;384.3;384.3;384.3;1
2004.06.11 17:33;384.1;384.1;384.1;384.1;1
2004.06.11 17:57;383.8;383.8;383.8;383.8;1
2004.06.11 18:38;384.3;384.3;384.3;384.3;1
2004.06.11 18:41;384.3;384.3;384.3;384.3;1
2004.06.11 18:46;384.1;384.1;384.1;384.1;1
2004.06.14 01:05;384.3;384.3;384.3;384.3;1
2004.06.14 01:07;384.5;384.5;384.3;384.3;3
2004.06.14 01:26;384.3;384.3;384.3;384.3;1
2004.06.14 01:33;384.3;384.3;384.3;384.3;1
2004.06.14 01:40;384.3;384.3;384.3;384.3;1
2004.06.14 01:41;384.3;384.3;384.3;384.3;1
2004.06.14 01:45;384.3;384.3;384.3;384.3;1
2004.06.14 01:46;384.3;384.3;384.3;384.3;1
2004.06.14 01:53;384.5;384.5;384.5;384.5;1
2004.06.14 01:59;383.6;383.6;383.6;383.6;1
2004.06.14 02:01;384.3;384.3;383.5;383.5;3
2004.06.14 02:02;383.6;383.6;383.6;383.6;1
2004.06.14 02:03;382.6;382.6;382.6;382.6;1
2004.06.14 02:04;382.6;383.6;382.6;383.1;4
2004.06.14 02:05;383.3;383.3;383.1;383.1;2
2004.06.14 02:07;383.6;383.6;383.6;383.6;1
2004.06.14 02:08;383;383.3;383;383.3;3
2004.06.14 02:09;383.8;383.8;383.8;383.8;1
2004.06.14 02:10;383.5;383.8;383.5;383.8;2
2004.06.14 02:11;383.8;383.8;383.8;383.8;1
2004.06.14 02:13;383.6;383.6;383.6;383.6;1
2004.06.14 02:15;383.3;383.5;383.3;383.3;3
2004.06.14 02:16;383.6;383.6;383.3;383.3;2
2004.06.14 02:17;383.6;383.6;383.1;383.1;2
2004.06.14 02:19;383.1;383.3;383.1;383.1;4
2004.06.14 02:22;383.1;383.3;383.1;383.3;2
2004.06.14 02:27;382.8;382.8;382.8;382.8;1
2004.06.14 02:29;383.3;383.3;383.3;383.3;1
2004.06.14 02:33;382.8;383.3;382.8;383.3;3
2004.06.14 02:35;382.8;382.8;382.8;382.8;1
2004.06.14 02:37;383.3;383.3;382.6;382.6;2
2004.06.14 02:38;382.8;382.8;382.8;382.8;1
2004.06.14 02:40;382.6;383.1;382.6;383.1;2
2004.06.14 02:43;382.6;382.6;382.6;382.6;1
2004.06.14 02:45;382.8;382.8;382.8;382.8;1
2004.06.14 02:49;382.6;382.6;382.6;382.6;1
2004.06.14 02:50;382.3;382.6;382.3;382.6;2
2004.06.14 02:51;382.6;382.6;382.6;382.6;1
2004.06.14 02:54;382.6;382.6;382.5;382.5;2
2004.06.14 02:55;382.8;382.8;382.8;382.8;1
2004.06.14 02:56;382.6;382.6;382.5;382.5;2
2004.06.14 02:57;382.8;382.8;382.8;382.8;1
2004.06.14 02:59;382.8;383;382.8;383;4
2004.06.14 03:02;382.8;383.1;382.8;383.1;2
2004.06.14 03:04;382.8;383.3;382.8;383.1;4
2004.06.14 03:05;383.3;383.3;382.8;382.8;2
2004.06.14 03:06;383;383;382.8;382.8;3
2004.06.14 03:09;382.6;382.8;382.6;382.8;4
2004.06.14 03:11;382.6;382.6;382.6;382.6;1
2004.06.14 03:13;382.5;382.8;382.5;382.8;2
2004.06.14 03:14;382.5;382.6;382.5;382.5;3
2004.06.14 03:15;382.3;382.5;382.3;382.5;2
2004.06.14 03:23;382.3;382.5;382.3;382.5;2
2004.06.14 03:24;382.3;382.5;382.3;382.5;2
2004.06.14 03:25;382.6;382.6;382.6;382.6;1
2004.06.14 03:28;382.3;382.3;382.3;382.3;1
2004.06.14 03:30;382.5;382.5;382.5;382.5;1
2004.06.14 03:32;382.3;382.5;382.3;382.5;2
2004.06.14 03:33;382.6;382.6;382.5;382.5;5
2004.06.14 03:34;382.6;382.6;382.6;382.6;1
2004.06.14 03:35;382.3;382.5;382.3;382.5;2
2004.06.14 03:39;382.6;382.6;382.6;382.6;1
2004.06.14 03:40;383.1;383.1;383.1;383.1;1
2004.06.14 03:42;382.6;382.6;382.6;382.6;1
2004.06.14 03:44;382.6;382.6;382.6;382.6;1
2004.06.14 03:45;382.6;382.8;382.6;382.8;3
2004.06.14 03:46;382.6;382.6;382.6;382.6;1
2004.06.14 03:47;382.6;382.6;382.6;382.6;1
2004.06.14 03:48;383.1;383.1;383.1;383.1;1
2004.06.14 03:54;382.6;382.6;382.6;382.6;1
2004.06.14 03:58;382.6;382.6;382.6;382.6;1
2004.06.14 04:01;382.6;382.6;382.6;382.6;1
2004.06.14 04:02;382.6;382.6;382.6;382.6;1
2004.06.14 04:03;382.6;382.8;382.6;382.8;2
2004.06.14 04:06;382.6;382.6;382.6;382.6;1
2004.06.14 04:07;382.8;383.3;382.8;383.1;5
2004.06.14 04:10;383;383.1;383;383.1;2
2004.06.14 04:14;382.8;382.8;382.8;382.8;1
2004.06.14 04:15;382.6;383.1;382.6;383.1;7
2004.06.14 04:16;383.3;383.3;383.1;383.1;5
2004.06.14 04:19;383;383;383;383;1
2004.06.14 04:25;382.8;383;382.8;383;2
2004.06.14 04:26;382.8;382.8;382.8;382.8;1
2004.06.14 04:29;383;383;383;383;1
2004.06.14 04:38;383.1;383.1;383.1;383.1;1
2004.06.14 04:39;383;383.3;383;383.3;2
2004.06.14 04:40;382.8;382.8;382.8;382.8;1
2004.06.14 04:41;383;383.1;383;383.1;2
2004.06.14 04:43;383.1;383.3;383;383.3;3
2004.06.14 04:44;383;383;383;383;1
2004.06.14 04:45;383.1;383.1;383;383;2
2004.06.14 04:55;383.1;383.1;383;383.1;3
2004.06.14 04:56;383;383;383;383;1
2004.06.14 05:09;382.8;382.8;382.8;382.8;1
2004.06.14 05:15;383.3;383.3;383.3;383.3;1
2004.06.14 05:16;383.1;383.1;383.1;383.1;1
2004.06.14 05:20;383.3;383.3;383.3;383.3;1
2004.06.14 05:22;382.8;382.8;382.8;382.8;1
2004.06.14 05:26;382.8;382.8;382.8;382.8;1
2004.06.14 05:38;382.8;382.8;382.8;382.8;1
2004.06.14 05:40;382.8;382.8;382.8;382.8;1
2004.06.14 05:41;383;383;383;383;1
2004.06.14 05:45;382.8;383.3;382.8;383.3;2
2004.06.14 05:49;383.3;383.3;383.3;383.3;1
2004.06.14 05:50;383;383;383;383;1
2004.06.14 05:55;383.3;383.3;383.3;383.3;1
2004.06.14 05:56;382.8;382.8;382.8;382.8;1
2004.06.14 05:57;383;383;383;383;1
2004.06.14 05:59;383;383;383;383;1
2004.06.14 06:02;382.8;383.3;382.6;383.3;8
2004.06.14 06:03;382.8;382.8;382.8;382.8;1
2004.06.14 06:05;383.1;383.3;383.1;383.3;2
2004.06.14 06:07;382.8;383.3;382.8;383.3;2
2004.06.14 06:08;382.8;382.8;382.8;382.8;1
2004.06.14 06:09;382.6;382.6;382.6;382.6;1
2004.06.14 06:10;383.1;383.1;383.1;383.1;1
2004.06.14 06:16;382.6;382.8;382.6;382.6;3
2004.06.14 06:17;382.6;382.8;382.6;382.8;2
2004.06.14 06:20;382.6;382.6;382.6;382.6;1
2004.06.14 06:23;382.8;382.8;382.6;382.6;2
2004.06.14 06:26;383.1;383.1;383.1;383.1;1
2004.06.14 06:27;382.6;382.6;382.6;382.6;1
2004.06.14 06:28;382.6;382.6;382.6;382.6;1
2004.06.14 06:29;382.6;382.6;382.6;382.6;1
2004.06.14 06:30;382.8;382.8;382.8;382.8;1
2004.06.14 06:32;382.6;382.6;382.6;382.6;1
2004.06.14 06:35;382.5;382.5;382.5;382.5;1
2004.06.14 06:38;383.1;383.1;383.1;383.1;1
2004.06.14 06:41;382.5;382.5;382.5;382.5;1
2004.06.14 06:42;382.8;382.8;382.8;382.8;1
2004.06.14 06:49;382.6;382.8;382.6;382.8;3
2004.06.14 06:53;382.5;382.8;382.5;382.8;2
2004.06.14 06:54;382.8;382.8;382.8;382.8;1
2004.06.14 07:00;383.1;383.1;382.8;382.8;5
2004.06.14 07:08;382.8;382.8;382.8;382.8;1
2004.06.14 07:13;382.3;382.3;382.3;382.3;1
2004.06.14 07:16;382.3;382.3;382.3;382.3;1
2004.06.14 07:18;382.8;382.8;382.8;382.8;1
2004.06.14 07:22;382.3;382.5;382.3;382.5;5
2004.06.14 07:23;382.6;382.6;382.3;382.3;3
2004.06.14 07:24;382.8;382.8;382.8;382.8;1
2004.06.14 07:25;382.6;382.6;382.6;382.6;1
2004.06.14 07:28;382.6;382.6;382.6;382.6;1
2004.06.14 07:29;382.6;383;382.6;382.8;4
2004.06.14 07:31;383;383.1;383;383.1;2
2004.06.14 07:33;382.8;382.8;382.8;382.8;1
2004.06.14 07:37;383.3;383.3;383.3;383.3;1
2004.06.14 07:40;383.1;383.1;383.1;383.1;1
2004.06.14 07:42;382.6;382.6;382.6;382.6;1
2004.06.14 07:46;382.6;382.6;382.6;382.6;1
2004.06.14 07:49;382.6;382.6;382.6;382.6;1
2004.06.14 07:51;382.6;382.6;382.6;382.6;1
2004.06.14 07:52;382.6;382.6;382.6;382.6;1
2004.06.14 07:54;382.6;382.6;382.6;382.6;1
2004.06.14 07:57;382.6;382.6;382.6;382.6;1
2004.06.14 08:01;382.6;382.6;382.6;382.6;1
2004.06.14 08:05;382.6;382.6;382.6;382.6;1
2004.06.14 08:08;382.6;382.6;382.6;382.6;1
2004.06.14 08:12;382.5;382.5;382.5;382.5;1
2004.06.14 08:27;382.5;382.5;382.5;382.5;1
2004.06.14 08:30;382.3;382.3;382.3;382.3;1
2004.06.14 08:31;382.5;382.5;382.3;382.3;2
2004.06.14 08:35;382.3;382.3;382.3;382.3;1
2004.06.14 08:36;382.5;382.5;382.3;382.3;2
2004.06.14 08:37;382.5;382.5;382.5;382.5;1
2004.06.14 08:40;382.3;382.5;382.3;382.5;2
2004.06.14 08:43;382.3;382.3;382.3;382.3;1
2004.06.14 08:44;382.5;382.5;382.5;382.5;1
2004.06.14 08:47;382.3;382.5;382.3;382.5;2
2004.06.14 08:50;383.8;383.8;383.8;383.8;1
2004.06.14 08:55;382.5;382.5;382.3;382.5;3
2004.06.14 08:57;382.3;382.5;382.3;382.3;3
2004.06.14 08:58;382.5;382.5;382.5;382.5;1
2004.06.14 08:59;382.3;382.3;382.3;382.3;1
2004.06.14 09:00;382.5;382.5;382.5;382.5;1
2004.06.14 09:03;382.3;382.5;382.3;382.5;2
2004.06.14 09:05;382.3;382.5;382.3;382.5;2
2004.06.14 09:06;382.3;382.3;382.3;382.3;1
2004.06.14 09:10;382.5;382.5;382.5;382.5;1
2004.06.14 09:11;382.3;382.5;382.3;382.5;2
2004.06.14 09:17;382.3;382.5;382.3;382.5;2
2004.06.14 09:18;382.3;382.5;382.3;382.3;3
2004.06.14 09:19;382.5;382.8;382.5;382.6;6
2004.06.14 09:21;382.8;382.8;382.6;382.6;2
2004.06.14 09:22;382.8;382.8;382.8;382.8;1
2004.06.14 09:24;382.6;382.8;382.6;382.8;2
2004.06.14 09:31;382.6;382.8;382.6;382.6;3
2004.06.14 09:33;382.5;382.5;382.3;382.3;2
2004.06.14 09:35;382.3;382.3;382.3;382.3;1
2004.06.14 09:36;382.3;382.3;382.3;382.3;1
2004.06.14 09:40;382.3;382.3;382.3;382.3;1
2004.06.14 09:41;382.3;382.3;382.1;382.1;3
2004.06.14 09:42;382.3;382.3;382.3;382.3;1
2004.06.14 09:44;382.1;382.1;382.1;382.1;1
2004.06.14 09:45;382.3;382.3;382.1;382.1;2
2004.06.14 09:46;382.1;382.1;382.1;382.1;1
2004.06.14 09:47;382.1;382.1;382.1;382.1;1
2004.06.14 09:53;382.1;382.1;382.1;382.1;1
2004.06.14 09:54;382.1;382.1;382.1;382.1;1
2004.06.14 09:55;382.1;382.1;382.1;382.1;1
2004.06.14 09:59;382.3;382.3;382.3;382.3;1
2004.06.14 10:04;382.1;382.3;382.1;382.3;2
2004.06.14 10:06;382.1;382.3;382.1;382.3;2
2004.06.14 10:07;382.1;382.1;382.1;382.1;1
2004.06.14 10:08;382.3;382.3;382.1;382.1;2
2004.06.14 10:11;382.3;382.3;382.1;382.1;2
2004.06.14 10:12;382.3;382.3;382.3;382.3;1
2004.06.14 10:18;382.3;382.3;382.3;382.3;1
2004.06.14 10:21;382.1;382.3;382.1;382.3;2
2004.06.14 10:22;382.3;382.6;382.3;382.6;3
2004.06.14 10:23;382.5;382.5;382.5;382.5;1
2004.06.14 10:28;382.3;382.5;382.3;382.5;2
2004.06.14 10:29;382.3;382.3;382.3;382.3;1
2004.06.14 10:31;382.3;382.3;382.3;382.3;1
2004.06.14 10:34;382.3;382.5;382.3;382.5;2
2004.06.14 10:39;382.3;382.5;382.3;382.5;2
2004.06.14 10:40;382.3;382.5;382.3;382.3;6
2004.06.14 10:44;382.1;382.3;382.1;382.3;2
2004.06.14 10:48;382.1;382.1;382.1;382.1;1
2004.06.14 10:54;382.1;382.1;382.1;382.1;1
2004.06.14 10:55;382.3;382.3;382.3;382.3;1
2004.06.14 10:58;382.3;382.3;382.1;382.1;2
2004.06.14 10:59;382.3;382.3;382.3;382.3;1
2004.06.14 11:04;382.3;382.3;382.3;382.3;1
2004.06.14 11:07;382.1;382.1;382.1;382.1;1
2004.06.14 11:09;382.1;382.1;382.1;382.1;1
2004.06.14 11:10;382.3;382.3;382.3;382.3;1
2004.06.14 11:11;382.1;382.1;382.1;382.1;1
2004.06.14 11:12;382.3;382.3;382.3;382.3;1
2004.06.14 11:15;382.1;382.1;382.1;382.1;1
2004.06.14 11:16;382.3;382.3;382.1;382.1;2
2004.06.14 11:17;382.3;382.5;382.1;382.3;7
2004.06.14 11:18;382.1;382.3;382;382.1;6
2004.06.14 11:19;382.3;382.3;382.1;382.1;3
2004.06.14 11:20;382.1;382.1;382.1;382.1;1
2004.06.14 11:21;382;382;382;382;1
2004.06.14 11:26;381.8;382;381.8;382;2
2004.06.14 11:27;381.8;382;381.8;382;2
2004.06.14 11:31;381.8;382;381.8;382;2
2004.06.14 11:33;381.8;382;381.8;382;4
2004.06.14 11:37;381.8;381.8;381.8;381.8;1
2004.06.14 11:38;382;382;381.8;381.8;2
2004.06.14 11:39;382;382;382;382;1
2004.06.14 11:40;381.8;382;381.8;382;2
2004.06.14 11:47;382.1;382.1;382.1;382.1;1
2004.06.14 11:48;382.3;382.3;382.3;382.3;1
2004.06.14 11:50;382.1;382.3;382.1;382.1;3
2004.06.14 11:51;382.3;382.3;382.1;382.3;3
2004.06.14 11:55;382.3;382.5;382.3;382.3;3
2004.06.14 11:56;382.5;382.5;382.3;382.5;3
2004.06.14 12:00;382.3;382.3;382.3;382.3;1
2004.06.14 12:01;382.6;382.8;382.6;382.8;6
2004.06.14 12:07;382.6;382.8;382.6;382.6;3
2004.06.14 12:09;382.5;382.6;382.5;382.6;2
2004.06.14 12:11;382.5;382.6;382.5;382.5;3
2004.06.14 12:14;382.5;382.5;382.3;382.3;2
2004.06.14 12:15;382.3;382.6;382.3;382.5;5
2004.06.14 12:18;382.6;382.6;382.6;382.6;1
2004.06.14 12:24;382.6;382.6;382.6;382.6;1
2004.06.14 12:30;382.5;382.5;382.5;382.5;1
2004.06.14 12:31;382.6;382.6;382.6;382.6;1
2004.06.14 12:33;382.6;382.6;382.6;382.6;1
2004.06.14 12:36;382.6;382.6;382.6;382.6;1
2004.06.14 12:37;382.5;382.6;382.5;382.6;2
2004.06.14 12:39;382.5;382.5;382.5;382.5;1
2004.06.14 12:40;382.6;382.6;382.6;382.6;1
2004.06.14 12:50;382.5;382.6;382.5;382.6;2
2004.06.14 12:51;382.6;382.6;382.5;382.5;2
2004.06.14 12:54;382.6;382.6;382.6;382.6;1
2004.06.14 12:59;382.6;382.6;382.6;382.6;1
2004.06.14 13:01;382.5;382.5;382.5;382.5;1
2004.06.14 13:02;382.6;382.6;382.6;382.6;1
2004.06.14 13:03;382.5;382.5;382.5;382.5;1
2004.06.14 13:04;382.6;382.6;382.5;382.6;3
2004.06.14 13:05;382.3;382.3;382.3;382.3;1
2004.06.14 13:06;382.6;382.6;382.6;382.6;1
2004.06.14 13:08;382.6;383;382.6;382.8;6
2004.06.14 13:12;382.8;382.8;382.8;382.8;1
2004.06.14 13:13;382.6;383;382.6;382.6;7
2004.06.14 13:20;382.8;383;382.8;383;2
2004.06.14 13:21;382.8;382.8;382.8;382.8;1
2004.06.14 13:22;383;383.1;382.8;382.8;4
2004.06.14 13:26;382.8;382.8;382.8;382.8;1
2004.06.14 13:28;383;383;383;383;1
2004.06.14 13:29;382.8;382.8;382.8;382.8;1
2004.06.14 13:32;382.8;382.8;382.8;382.8;1
2004.06.14 13:35;383;383;382.8;382.8;2
2004.06.14 13:40;383;383;383;383;1
2004.06.14 13:42;382.8;382.8;382.8;382.8;1
2004.06.14 13:56;382.6;383.1;382.6;383.1;3
2004.06.14 14:01;383;383;382.8;382.8;2
2004.06.14 14:06;383;383;383;383;1
2004.06.14 14:07;382.8;382.8;382.8;382.8;1
2004.06.14 14:09;383;383;382.8;382.8;2
2004.06.14 14:10;383;383;383;383;1
2004.06.14 14:11;382.8;382.8;382.8;382.8;1
2004.06.14 14:13;383;383;382.8;382.8;2
2004.06.14 14:14;383.3;383.3;383.3;383.3;1
2004.06.14 14:16;383.1;383.1;383.1;383.1;1
2004.06.14 14:17;382.8;383;382.8;382.8;3
2004.06.14 14:19;383;383.3;383;383.1;4
2004.06.14 14:20;383;383;382.6;382.6;4
2004.06.14 14:21;382.5;383.3;382.5;383.3;11
2004.06.14 14:22;382.8;383.3;382.8;383.3;3
2004.06.14 14:23;383.3;383.3;383.1;383.1;5
2004.06.14 14:24;382.8;383.1;382.6;382.8;6
2004.06.14 14:25;382.6;383.1;382.6;383.1;10
2004.06.14 14:26;382.6;383.1;382.6;383.1;2
2004.06.14 14:27;383;383;382.8;383;3
2004.06.14 14:28;382.6;383.1;382.6;383;4
2004.06.14 14:29;382.8;383.1;382.6;382.8;6
2004.06.14 14:30;382.6;383.6;382.6;383.6;11
2004.06.14 14:31;383.6;383.8;383.3;383.8;10
2004.06.14 14:32;383.8;384.1;383.8;384.1;4
2004.06.14 14:33;384.3;384.3;383.6;384.1;6
2004.06.14 14:34;383.8;384.1;383.6;384.1;11
2004.06.14 14:35;384;384.1;383.8;383.8;6
2004.06.14 14:36;384;384.1;384;384.1;3
2004.06.14 14:37;384.3;384.6;384.3;384.6;3
2004.06.14 14:38;384.6;384.8;384.5;384.8;13
2004.06.14 14:39;384.8;384.8;384.6;384.8;4
2004.06.14 14:40;384.6;384.6;384.3;384.6;10
2004.06.14 14:41;384.8;385.1;384.8;385.1;13
2004.06.14 14:42;385;385.3;384.8;384.8;4
2004.06.14 14:43;384.8;385.5;384.8;385.5;7
2004.06.14 14:44;385.3;385.8;385.3;385.8;5
2004.06.14 14:45;385.6;385.6;385.6;385.6;1
2004.06.14 14:46;385.5;385.6;385;385.6;13
2004.06.14 14:47;385.5;385.5;385.1;385.1;5
2004.06.14 14:48;385;385;384.6;384.6;3
2004.06.14 14:49;384.1;384.5;384.1;384.3;10
2004.06.14 14:50;384.6;384.6;384.1;384.6;5
2004.06.14 14:51;384.6;384.6;384.1;384.5;6
2004.06.14 14:52;384.3;384.3;383.8;384.1;10
2004.06.14 14:53;383.8;384.3;383.6;384.1;6
2004.06.14 14:54;384.1;384.3;384.1;384.3;3
2004.06.14 14:55;384;384.1;383.8;384;5
2004.06.14 14:56;384.1;384.1;383.8;384;10
2004.06.14 14:57;383.8;384.3;383.8;384.1;11
2004.06.14 14:58;384.1;384.1;384;384.1;3
2004.06.14 14:59;383.8;384.3;383.8;384.3;3
2004.06.14 15:00;384.1;384.3;383.6;384.1;9
2004.06.14 15:01;384.1;384.1;383.6;384;10
2004.06.14 15:02;384.1;384.1;383.8;384.1;3
2004.06.14 15:03;384.3;384.3;383.8;384.1;5
2004.06.14 15:04;383.6;383.8;383.6;383.6;5
2004.06.14 15:05;383.8;384.1;383.6;384.1;9
2004.06.14 15:06;384.3;384.3;384.1;384.1;2
2004.06.14 15:07;383.6;383.8;383.6;383.8;7
2004.06.14 15:08;383.6;384.1;383.6;383.8;6
2004.06.14 15:09;384.1;384.3;383.8;384.1;4
2004.06.14 15:10;384.3;384.3;384.3;384.3;1
2004.06.14 15:11;384.3;384.3;383.8;384.1;8
2004.06.14 15:12;384.1;384.1;383.8;384.1;4
2004.06.14 15:13;384;384.3;383.8;384.3;10
2004.06.14 15:14;384.1;384.3;384.1;384.3;4
2004.06.14 15:15;384;384.3;383.8;384.1;5
2004.06.14 15:16;383.6;383.8;383.6;383.8;2
2004.06.14 15:17;383.8;384.3;383.6;383.6;4
2004.06.14 15:18;384.1;384.1;383.6;383.6;9
2004.06.14 15:19;383.8;383.8;383.8;383.8;1
2004.06.14 15:20;383.8;384.3;383.8;384.1;8
2004.06.14 15:21;383.8;384.3;383.8;384.3;3
2004.06.14 15:22;384.1;384.3;384;384.3;7
2004.06.14 15:23;384.1;384.1;383.8;384.1;5
2004.06.14 15:24;384.1;384.1;383.6;384.1;4
2004.06.14 15:25;383.8;383.8;383.8;383.8;1
2004.06.14 15:26;383.6;383.8;383.6;383.6;7
2004.06.14 15:27;383.6;383.8;383.6;383.6;3
2004.06.14 15:28;383.6;384;383.6;383.8;5
2004.06.14 15:29;383.8;384;383.6;383.8;7
2004.06.14 15:30;383.8;384.3;383.8;384.3;6
2004.06.14 15:31;383.8;384.3;383.8;384.3;3
2004.06.14 15:32;384.1;384.1;383.8;383.8;2
2004.06.14 15:33;384.3;384.3;383.8;384.3;7
2004.06.14 15:35;383.8;384;383.8;384;4
2004.06.14 15:36;383.8;384.3;383.8;384.1;5
2004.06.14 15:37;384.5;384.5;384.5;384.5;1
2004.06.14 15:38;384.3;384.6;384.1;384.6;11
2004.06.14 15:39;384.8;384.8;384.3;384.6;5
2004.06.14 15:40;384.6;384.6;384.6;384.6;1
2004.06.14 15:41;384.1;384.3;384.1;384.3;4
2004.06.14 15:42;384.1;384.3;384.1;384.1;4
2004.06.14 15:43;384.6;384.6;384.1;384.1;5
2004.06.14 15:44;384.3;384.3;384.3;384.3;1
2004.06.14 15:45;384;384.3;383.8;384.3;8
2004.06.14 15:46;384.1;384.3;384.1;384.3;2
2004.06.14 15:47;383.8;384.1;383.8;384.1;5
2004.06.14 15:48;383.8;383.8;383.6;383.6;5
2004.06.14 15:49;383.6;384.6;383.6;384.6;12
2004.06.14 15:50;384.8;384.8;384.3;384.3;3
2004.06.14 15:51;384.6;385.1;384.6;385.1;3
2004.06.14 15:53;384.8;384.8;384.6;384.6;3
2004.06.14 15:54;384.5;384.8;384.3;384.3;4
2004.06.14 15:55;384.1;384.6;384.1;384.6;5
2004.06.14 15:56;384.3;384.8;384.3;384.8;5
2004.06.14 15:57;384.5;384.8;384.3;384.6;6
2004.06.14 15:58;384.6;384.8;384.5;384.5;10
2004.06.14 15:59;384.3;384.8;384.3;384.6;4
2004.06.14 16:00;384.3;384.3;384.3;384.3;1
2004.06.14 16:01;384.3;384.8;384.1;384.8;15
2004.06.14 16:02;384.6;384.8;384.6;384.8;2
2004.06.14 16:03;384.6;384.6;384.1;384.1;6
2004.06.14 16:04;384.1;384.3;384.1;384.3;4
2004.06.14 16:05;384.3;384.5;384.3;384.3;7
2004.06.14 16:06;384.5;384.8;384.3;384.6;5
2004.06.14 16:07;384.3;384.6;384.1;384.5;4
2004.06.14 16:08;384.3;384.5;384.3;384.3;3
2004.06.14 16:09;384.5;384.6;384.3;384.6;8
2004.06.14 16:11;384.5;384.5;383.8;384.3;7
2004.06.14 16:12;384.3;384.3;384.3;384.3;1
2004.06.14 16:13;384.1;384.3;383.8;384;8
2004.06.14 16:14;383.8;384;383.8;384;2
2004.06.14 16:15;384.1;384.3;384.1;384.3;2
2004.06.14 16:16;383.8;384.3;383.8;384.3;8
2004.06.14 16:17;383.8;384.1;383.8;383.8;5
2004.06.14 16:18;384.1;384.1;384;384;2
2004.06.14 16:19;383.8;384.3;383.8;384.1;4
2004.06.14 16:20;383.8;384.3;383.8;384.3;8
2004.06.14 16:21;384.1;384.1;383.6;384.1;3
2004.06.14 16:22;383.6;384;383.6;384;10
2004.06.14 16:23;384.1;384.1;383.8;383.8;3
2004.06.14 16:24;383.8;383.8;383.6;383.8;7
2004.06.14 16:25;383.6;384.1;383.6;384.1;8
2004.06.14 16:26;383.6;383.8;383.6;383.6;5
2004.06.14 16:27;383.6;384.3;383.5;384.3;9
2004.06.14 16:28;384.1;384.5;384.1;384.3;5
2004.06.14 16:29;384;384.3;383.8;384.3;3
2004.06.14 16:30;383.8;384.1;383.8;384.1;3
2004.06.14 16:31;384.3;384.3;384;384.3;5
2004.06.14 16:32;383.8;384.3;383.8;384.3;2
2004.06.14 16:33;383.6;384.3;383.6;384.1;6
2004.06.14 16:34;384.1;384.1;383.6;383.6;4
2004.06.14 16:35;383.6;383.6;383.5;383.6;5
2004.06.14 16:36;383.8;384.1;383.8;384.1;4
2004.06.14 16:37;383.6;384.1;383.6;384;4
2004.06.14 16:38;384.1;384.3;384.1;384.3;5
2004.06.14 16:39;383.8;384.1;383.8;384.1;2
2004.06.14 16:40;383.8;384.1;383.6;384.1;7
2004.06.14 16:41;384.3;384.3;384.1;384.1;2
2004.06.14 16:42;384.3;384.3;383.8;384.1;3
2004.06.14 16:43;384.3;384.3;384;384;7
2004.06.14 16:44;383.8;384.3;383.8;384.3;4
2004.06.14 16:45;384;384.1;384;384.1;8
2004.06.14 16:46;384.5;384.5;384.1;384.1;4
2004.06.14 16:47;384.3;384.6;384.1;384.3;6
2004.06.14 16:48;384.3;384.3;383.8;383.8;6
2004.06.14 16:49;384.1;384.3;384.1;384.3;5
2004.06.14 16:51;383.8;384.3;383.6;384.1;11
2004.06.14 16:52;384.3;384.3;384.3;384.3;1
2004.06.14 16:53;384.1;384.3;383.8;383.8;4
2004.06.14 16:54;384.1;384.3;384;384;14
2004.06.14 16:55;384.1;384.3;384;384.1;9
2004.06.14 16:57;384.3;384.6;384.3;384.5;3
2004.06.14 16:58;384.3;384.3;384.1;384.1;3
2004.06.14 16:59;384;384.3;384;384.1;8
2004.06.14 17:00;384.3;384.3;384;384.3;3
2004.06.14 17:01;384.3;384.6;384.3;384.5;16
2004.06.14 17:02;384.3;384.3;384.1;384.3;9
2004.06.14 17:03;384.3;384.5;384.3;384.3;4
2004.06.14 17:04;384.1;384.6;384.1;384.3;4
2004.06.14 17:05;384.1;384.3;384.1;384.1;3
2004.06.14 17:06;384.3;384.8;384.3;384.8;2
2004.06.14 17:07;384.3;384.6;384.3;384.3;4
2004.06.14 17:08;384.8;384.8;384.1;384.6;6
2004.06.14 17:09;384.5;384.5;384.3;384.3;2
2004.06.14 17:10;384;384.3;383.8;384.3;5
2004.06.14 17:11;384;384.3;383.8;384.3;8
2004.06.14 17:12;383.8;384.3;383.8;384.3;3
2004.06.14 17:13;384.1;384.3;384.1;384.3;4
2004.06.14 17:14;383.8;384.3;383.6;384.3;4
2004.06.14 17:15;383.6;384.3;383.6;384.3;7
2004.06.14 17:16;384.1;384.1;384.1;384.1;1
2004.06.14 17:17;383.6;384.1;383.6;384.1;9
2004.06.14 17:18;384;384.1;384;384;3
2004.06.14 17:19;383.6;384.1;383.6;383.8;8
2004.06.14 17:20;383.6;383.8;383.3;383.8;6
2004.06.14 17:21;383.8;383.8;383.5;383.5;4
2004.06.14 17:22;383;383.6;383;383.6;7
2004.06.14 17:23;383.3;383.8;383.3;383.6;4
2004.06.14 17:24;383.6;383.8;383.6;383.8;5
2004.06.14 17:25;383.6;383.6;382.8;383.3;5
2004.06.14 17:26;382.8;383.3;382.8;383.3;7
2004.06.14 17:27;383.3;383.3;382.8;382.8;4
2004.06.14 17:28;382.8;383.6;382.8;383.6;9
2004.06.14 17:29;383.1;383.3;383.1;383.1;5
2004.06.14 17:30;383;383.6;383;383.6;6
2004.06.14 17:31;383;383.3;382.8;382.8;3
2004.06.14 17:32;383.3;383.3;383.1;383.1;6
2004.06.14 17:33;383.3;383.3;383;383.1;6
2004.06.14 17:34;382.6;383.3;382.5;383.1;9
2004.06.14 17:35;382.8;383.3;382.8;383;5
2004.06.14 17:36;383.3;383.3;383.3;383.3;1
2004.06.14 17:37;383.6;383.6;383.5;383.6;4
2004.06.14 17:39;383.6;383.8;383.6;383.8;2
2004.06.14 17:40;383.8;383.8;383.8;383.8;1
2004.06.14 17:41;383.8;383.8;383.8;383.8;1
2004.06.14 17:42;383.6;383.8;383.6;383.8;2
2004.06.14 17:43;383.6;383.8;383.6;383.8;4
2004.06.14 17:44;383.6;383.6;383.5;383.5;2
2004.06.14 17:45;383.3;383.3;383.1;383.1;2
2004.06.14 17:46;383.3;383.3;383.1;383.1;3
2004.06.14 17:47;383.3;383.3;383.1;383.1;3
2004.06.14 17:48;383.3;383.3;383.3;383.3;1
2004.06.14 17:49;383.5;383.5;383.5;383.5;1
2004.06.14 17:50;383.3;383.6;383.3;383.3;4
2004.06.14 17:51;383.6;383.6;383.3;383.3;4
2004.06.14 17:52;383.3;383.3;383.3;383.3;1
2004.06.14 17:53;383.3;383.3;383.3;383.3;1
2004.06.14 17:54;383.3;383.3;383.1;383.1;2
2004.06.14 17:55;383.1;383.3;383.1;383.1;4
2004.06.14 17:57;383;383.1;383;383.1;6
2004.06.14 17:58;383;383;383;383;1
2004.06.14 17:59;382.8;382.8;382.8;382.8;1
2004.06.14 18:01;383;383.1;382.8;383;6
2004.06.14 18:02;382.8;383;382.8;383;2
2004.06.14 18:03;382.8;382.8;382.8;382.8;1
2004.06.14 18:04;383;383;383;383;1
2004.06.14 18:05;382.8;383;382.8;383;4
2004.06.14 18:06;382.8;382.8;382.8;382.8;1
2004.06.14 18:08;383.1;383.3;383.1;383.3;5
2004.06.14 18:09;383.3;383.3;383.3;383.3;1
2004.06.14 18:10;383.6;383.6;383.3;383.3;2
2004.06.14 18:11;383.5;383.6;383.5;383.6;2
2004.06.14 18:12;383.3;383.3;383.3;383.3;1
2004.06.14 18:13;383.5;383.5;383.5;383.5;1
2004.06.14 18:14;383.3;383.3;383.3;383.3;1
2004.06.14 18:16;383.3;383.6;383.3;383.6;4
2004.06.14 18:17;383.5;383.5;383.5;383.5;1
2004.06.14 18:18;383.6;383.6;383.3;383.3;3
2004.06.14 18:19;383.5;383.6;383.5;383.5;3
2004.06.14 18:20;383.3;383.3;383.1;383.1;3
2004.06.14 18:21;383.3;383.3;383.3;383.3;1
2004.06.14 18:23;383.3;383.3;383.3;383.3;1
2004.06.14 18:24;383.3;383.3;383.1;383.1;2
2004.06.14 18:25;383.3;383.3;383.1;383.1;3
2004.06.14 18:26;383.1;383.1;382.8;382.8;2
2004.06.14 18:27;383;383.1;383;383.1;2
2004.06.14 18:28;382.8;382.8;382.8;382.8;1
2004.06.14 18:29;382.8;382.8;382.8;382.8;1
2004.06.14 18:30;382.8;383;382.8;383;4
2004.06.14 18:31;382.8;383;382.8;383;2
2004.06.14 18:32;383.1;383.1;382.8;383.1;3
2004.06.14 18:33;383;383;382.8;382.8;2
2004.06.14 18:35;382.8;382.8;382.8;382.8;1
2004.06.14 18:37;382.8;382.8;382.8;382.8;1
2004.06.14 18:38;382.8;382.8;382.8;382.8;1
2004.06.14 18:39;382.8;382.8;382.8;382.8;1
2004.06.14 18:42;383.1;383.1;383.1;383.1;1
2004.06.14 18:43;383.3;383.3;383.1;383.3;3
2004.06.14 18:44;383.1;383.1;383.1;383.1;1
2004.06.14 18:46;383;383;383;383;1
2004.06.14 18:47;383.1;383.1;383.1;383.1;1
2004.06.14 18:48;383;383.1;383;383.1;2
2004.06.14 18:49;383.3;383.3;383.3;383.3;1
2004.06.14 18:51;383.3;383.3;382.8;383.1;15
2004.06.14 18:52;383;383.1;382.8;382.8;5
2004.06.14 18:53;383;383.1;383;383.1;4
2004.06.14 18:55;383;383.1;382.8;382.8;4
2004.06.14 18:56;383.1;383.1;382.8;382.8;3
2004.06.14 18:57;383;383.3;383;383.3;3
2004.06.14 18:58;383.1;383.1;383.1;383.1;1
2004.06.14 19:01;383.3;383.3;383.3;383.3;1
2004.06.14 19:02;383.3;383.6;383.3;383.6;4
2004.06.14 19:03;383.8;383.8;383.6;383.6;6
2004.06.14 19:05;383.3;383.6;383.3;383.6;2
2004.06.14 19:06;383.3;383.6;383.3;383.6;2
2004.06.14 19:07;383.5;383.5;383.3;383.3;6
2004.06.14 19:09;383.3;383.3;383.3;383.3;1
2004.06.14 19:10;383.3;383.3;383.3;383.3;1
2004.06.14 19:11;383.3;383.3;383.3;383.3;1
2004.06.14 19:13;383.3;383.3;383.3;383.3;1
2004.06.14 19:14;383.3;383.3;383.1;383.1;3
2004.06.14 19:15;383.3;383.3;383.3;383.3;1
2004.06.14 19:16;383.3;383.3;383.3;383.3;1
2004.06.14 19:17;383.3;383.3;383.3;383.3;1
2004.06.14 19:18;383.3;383.3;383.3;383.3;1
2004.06.14 19:19;383.5;383.6;383.5;383.6;2
2004.06.14 19:20;383.5;383.6;383.5;383.5;3
2004.06.14 19:22;383.3;383.3;383.1;383.1;5
2004.06.14 19:23;383.1;383.3;383.1;383.1;4
2004.06.14 19:24;383.3;383.3;383.1;383.3;3
2004.06.14 19:25;383.3;383.3;383.3;383.3;1
2004.06.14 19:26;383.3;383.3;383.3;383.3;1
2004.06.14 19:27;383.3;383.3;383.1;383.1;2
2004.06.14 19:28;383.1;383.1;382.8;382.8;3
2004.06.14 19:29;383.1;383.3;383.1;383.3;3
2004.06.14 19:30;383.1;383.1;383.1;383.1;1
2004.06.14 19:37;383.3;383.3;383.1;383.1;3
2004.06.14 19:38;383.3;383.3;383.1;383.1;2
2004.06.14 19:39;383.3;383.3;383.1;383.1;2
2004.06.14 19:40;383.3;383.3;383.1;383.1;3
2004.06.14 19:41;383.1;383.1;383.1;383.1;1
2004.06.14 19:46;382.8;382.8;382.8;382.8;1
2004.06.14 19:48;383.1;383.1;383.1;383.1;1
2004.06.14 19:51;383.3;383.3;383.3;383.3;1
2004.06.14 19:53;383.3;383.3;383.3;383.3;1
2004.06.14 19:57;383.1;383.1;383.1;383.1;1
2004.06.14 19:58;383.3;383.3;383.3;383.3;1
2004.06.14 20:01;383.1;383.1;383.1;383.1;1
2004.06.14 20:05;383.3;383.3;383.3;383.3;1
2004.06.14 20:09;383.1;383.1;383.1;383.1;1
2004.06.14 20:14;382.8;382.8;382.8;382.8;1
2004.06.14 20:17;383.1;383.1;383.1;383.1;1
2004.06.14 20:20;383.3;383.3;383.3;383.3;1
2004.06.14 20:23;383.1;383.1;383.1;383.1;1
2004.06.14 20:25;383;383;383;383;1
2004.06.14 20:26;382.8;382.8;382.8;382.8;1
2004.06.14 20:29;383.1;383.1;383.1;383.1;1
2004.06.14 20:30;382.8;382.8;382.8;382.8;1
2004.06.14 20:39;383.1;383.1;383.1;383.1;1
2004.06.14 20:45;382.8;383.1;382.8;383.1;2
2004.06.14 20:46;382.8;382.8;382.8;382.8;1
2004.06.14 20:56;383.1;383.1;383;383;2
2004.06.14 20:57;382.8;382.8;382.8;382.8;1
2004.06.14 21:07;382.8;382.8;382.8;382.8;1
2004.06.14 21:10;382.8;382.8;382.8;382.8;1
2004.06.14 21:13;383.1;383.1;383.1;383.1;1
2004.06.14 21:15;382.8;382.8;382.8;382.8;1
2004.06.14 21:18;383.1;383.1;383.1;383.1;1
2004.06.14 21:22;382.8;382.8;382.8;382.8;1
2004.06.14 21:25;383;383;382.8;382.8;2
2004.06.14 21:26;382.6;382.6;382.6;382.6;1
2004.06.14 21:27;382.8;382.8;382.8;382.8;1
2004.06.14 21:30;382.8;383.1;382.8;383.1;2
2004.06.14 21:32;382.6;382.8;382.6;382.8;2
2004.06.14 21:34;382.6;382.8;382.6;382.8;2
2004.06.14 21:36;382.6;382.6;382.6;382.6;1
2004.06.14 21:38;382.8;382.8;382.8;382.8;1
2004.06.14 21:41;382.8;382.8;382.8;382.8;1
2004.06.14 21:44;382.6;382.8;382.6;382.8;2
2004.06.14 21:46;382.8;382.8;382.8;382.8;1
2004.06.14 21:48;382.8;382.8;382.8;382.8;1
2004.06.14 21:51;382.6;382.6;382.6;382.6;1
2004.06.14 21:52;382.8;382.8;382.8;382.8;1
2004.06.14 21:55;382.6;382.8;382.6;382.8;2
2004.06.14 21:56;383.1;383.1;383.1;383.1;1
2004.06.14 21:58;382.6;382.8;382.6;382.6;3
2004.06.14 21:59;382.8;382.8;382.8;382.8;1
2004.06.14 22:01;382.8;382.8;382.8;382.8;1
2004.06.14 22:04;383.1;383.1;383.1;383.1;1
2004.06.14 22:07;382.8;382.8;382.8;382.8;1
2004.06.14 22:13;382.6;382.6;382.6;382.6;1
2004.06.14 22:14;382.8;382.8;382.8;382.8;1
2004.06.14 22:15;383.1;383.1;383.1;383.1;1
2004.06.14 22:31;382.6;382.6;382.6;382.6;1
2004.06.14 22:32;383.1;383.1;383.1;383.1;1
2004.06.14 22:37;382.8;382.8;382.8;382.8;1
2004.06.14 22:38;382.8;382.8;382.8;382.8;1
2004.06.14 22:39;382.6;382.8;382.6;382.8;2
2004.06.14 22:48;383.1;383.1;383.1;383.1;1
2004.06.14 22:59;382.6;382.6;382.6;382.6;1
2004.06.14 23:00;382.8;382.8;382.8;382.8;1
2004.06.14 23:07;382.8;383.1;382.8;383.1;2
2004.06.14 23:14;382.6;382.6;382.6;382.6;1
2004.06.14 23:15;382.8;382.8;382.8;382.8;1
2004.06.14 23:16;382.6;382.6;382.6;382.6;1
2004.06.14 23:18;383.1;383.1;383.1;383.1;1
2004.06.14 23:22;382.6;382.6;382.6;382.6;1
2004.06.14 23:23;382.8;382.8;382.8;382.8;1
2004.06.14 23:24;382.6;382.6;382.6;382.6;1
2004.06.14 23:25;382.8;382.8;382.8;382.8;1
2004.06.14 23:26;382.8;382.8;382.6;382.6;3
2004.06.14 23:27;382.8;382.8;382.8;382.8;1
2004.06.14 23:34;383.1;383.1;383.1;383.1;1
2004.06.14 23:46;382.6;382.6;382.6;382.6;1
2004.06.14 23:47;382.8;382.8;382.8;382.8;1
2004.06.14 23:54;382.6;382.8;382.6;382.8;2
2004.06.15 01:25;382.8;382.8;382.8;382.8;1
2004.06.15 01:27;382.6;382.6;382.6;382.6;1
2004.06.15 01:28;383.3;383.3;383.3;383.3;1
2004.06.15 01:41;382.6;382.8;382.6;382.8;2
2004.06.15 01:45;382.6;382.6;382.6;382.6;1
2004.06.15 01:47;382.8;382.8;382.8;382.8;1
2004.06.15 01:50;382.8;382.8;382.8;382.8;1
2004.06.15 01:53;382.6;382.8;382.6;382.8;2
2004.06.15 01:55;382.8;382.8;382.8;382.8;1
2004.06.15 02:00;383.3;383.3;383.3;383.3;1
2004.06.15 02:01;383.1;383.1;383.1;383.1;1
2004.06.15 02:02;382.6;382.6;382.6;382.6;1
2004.06.15 02:03;382.6;382.6;382.3;382.3;2
2004.06.15 02:04;382.5;382.5;382.5;382.5;1
2004.06.15 02:05;382.8;382.8;382.6;382.6;2
2004.06.15 02:11;382.8;382.8;382.8;382.8;1
2004.06.15 02:13;383.1;383.1;383.1;383.1;1
2004.06.15 02:14;383.3;383.3;383.3;383.3;1
2004.06.15 02:18;382.8;382.8;382.8;382.8;1
2004.06.15 02:22;383;383.3;383;383.3;3
2004.06.15 02:23;382.8;383.3;382.8;383.3;2
2004.06.15 02:24;382.8;382.8;382.8;382.8;1
2004.06.15 02:25;382.8;382.8;382.8;382.8;1
2004.06.15 02:26;382.8;382.8;382.8;382.8;1
2004.06.15 02:27;382.8;382.8;382.8;382.8;1
2004.06.15 02:30;382.8;382.8;382.8;382.8;1
2004.06.15 02:31;382.8;382.8;382.8;382.8;1
2004.06.15 02:32;382.8;382.8;382.8;382.8;1
2004.06.15 02:33;383.1;383.1;383.1;383.1;1
2004.06.15 02:35;382.8;383;382.8;382.8;4
2004.06.15 02:36;383.3;383.3;383.3;383.3;1
2004.06.15 02:37;382.8;383.1;382.8;383.1;2
2004.06.15 02:38;383.3;383.3;383;383;2
2004.06.15 02:39;383.1;383.3;382.8;383.3;4
2004.06.15 02:42;382.8;382.8;382.8;382.8;1
2004.06.15 02:43;383.3;383.3;383.3;383.3;1
2004.06.15 02:44;383.1;383.6;383.1;383.6;2
2004.06.15 02:45;383.3;383.6;383.1;383.6;3
2004.06.15 02:46;383.5;383.5;383.3;383.3;2
2004.06.15 02:49;383.1;383.1;383.1;383.1;1
2004.06.15 02:51;383.1;383.1;383.1;383.1;1
2004.06.15 02:52;383.1;383.3;383.1;383.3;2
2004.06.15 02:54;383.6;383.6;383.6;383.6;1
2004.06.15 02:57;383.1;383.6;383.1;383.6;4
2004.06.15 02:58;383.5;383.6;383.3;383.3;4
2004.06.15 03:01;383.3;383.8;383.3;383.8;2
2004.06.15 03:02;383.3;383.3;383.3;383.3;1
2004.06.15 03:03;383.3;383.6;383.3;383.5;5
2004.06.15 03:04;383.3;383.3;383.3;383.3;1
2004.06.15 03:08;383.3;383.3;383.3;383.3;1
2004.06.15 03:09;383.3;383.8;383.3;383.8;2
2004.06.15 03:15;383.3;383.8;383.3;383.8;2
2004.06.15 03:21;383.1;383.1;383.1;383.1;1
2004.06.15 03:22;383.1;383.1;383.1;383.1;1
2004.06.15 03:26;383.1;383.3;383.1;383.1;3
2004.06.15 03:33;383.3;383.3;383.3;383.3;1
2004.06.15 03:34;383;383.1;383;383;5
2004.06.15 03:35;383.1;383.1;383.1;383.1;1
2004.06.15 03:36;383;383;383;383;1
2004.06.15 03:37;383.1;383.1;383.1;383.1;1
2004.06.15 03:39;383.1;383.1;383.1;383.1;1
2004.06.15 03:40;383;383.1;383;383.1;2
2004.06.15 03:44;383.1;383.1;383;383;3
2004.06.15 03:47;382.8;382.8;382.8;382.8;1
2004.06.15 03:48;382.8;383.3;382.8;383.3;3
2004.06.15 03:49;383.1;383.1;382.8;382.8;2
2004.06.15 03:52;382.6;382.8;382.6;382.8;3
2004.06.15 03:56;382.6;382.6;382.6;382.6;1
2004.06.15 03:57;382.8;382.8;382.8;382.8;1
2004.06.15 03:59;382.6;382.6;382.5;382.5;2
2004.06.15 04:02;382.3;382.8;382.1;382.8;3
2004.06.15 04:07;382.3;382.3;382.3;382.3;1
2004.06.15 04:08;382.3;382.6;382.3;382.6;4
2004.06.15 04:09;382.3;382.3;382.3;382.3;1
2004.06.15 04:13;382.3;382.3;382.3;382.3;1
2004.06.15 04:14;382.3;382.3;382.3;382.3;1
2004.06.15 04:19;382.3;382.3;382.3;382.3;1
2004.06.15 04:24;382.3;382.3;382.3;382.3;1
2004.06.15 04:26;382.3;382.3;382.3;382.3;1
2004.06.15 04:27;382.3;382.3;382.3;382.3;1
2004.06.15 04:29;382.8;382.8;382.8;382.8;1
2004.06.15 04:30;382.3;382.3;382.3;382.3;1
2004.06.15 04:32;382.3;382.3;382.3;382.3;1
2004.06.15 04:42;382.6;382.6;382.6;382.6;1
2004.06.15 04:43;382.8;382.8;382.3;382.3;2
2004.06.15 04:44;382.3;382.5;382.1;382.3;5
2004.06.15 04:45;382.1;382.8;382.1;382.8;3
2004.06.15 04:48;382.6;382.6;382.6;382.6;1
2004.06.15 04:51;382.3;382.3;382.3;382.3;1
2004.06.15 04:52;382.8;382.8;382.8;382.8;1
2004.06.15 04:53;382.3;382.3;382.3;382.3;1
2004.06.15 04:54;382.6;382.6;382.6;382.6;1
2004.06.15 05:03;382.6;382.6;382.6;382.6;1
2004.06.15 05:12;382.3;382.3;382.3;382.3;1
2004.06.15 05:23;382.3;382.3;382.3;382.3;1
2004.06.15 05:24;382.3;382.6;382.3;382.3;3
2004.06.15 05:25;382.3;382.3;382.3;382.3;1
2004.06.15 05:31;382.6;382.6;382.6;382.6;1
2004.06.15 05:34;382.5;382.5;382.5;382.5;1
2004.06.15 05:36;383;383;383;383;1
2004.06.15 05:38;382.5;382.5;382.5;382.5;1
2004.06.15 05:40;382.3;382.5;382.3;382.3;3
2004.06.15 05:43;382.1;382.1;382.1;382.1;1
2004.06.15 05:47;382.3;382.3;382.3;382.3;1
2004.06.15 05:52;382.8;382.8;382.8;382.8;1
2004.06.15 05:53;382.3;382.3;382.3;382.3;1
2004.06.15 05:55;382.6;382.6;382.6;382.6;1
2004.06.15 05:56;382.1;382.1;382.1;382.1;1
2004.06.15 05:58;382.1;382.1;382.1;382.1;1
2004.06.15 06:01;382.6;382.6;382.6;382.6;1
2004.06.15 06:03;382.3;382.3;382.1;382.1;3
2004.06.15 06:04;382.8;382.8;382.6;382.6;2
2004.06.15 06:12;382.3;382.3;382.3;382.3;1
2004.06.15 06:13;382.3;382.3;382.3;382.3;1
2004.06.15 06:14;382.1;382.1;382.1;382.1;1
2004.06.15 06:16;382.1;382.6;382.1;382.6;5
2004.06.15 06:17;382.3;382.3;382.3;382.3;1
2004.06.15 06:18;382.1;382.1;382;382;4
2004.06.15 06:20;382.6;382.6;382.6;382.6;1
2004.06.15 06:21;382.1;382.1;382.1;382.1;1
2004.06.15 06:23;382.3;382.3;382.3;382.3;1
2004.06.15 06:26;382.3;382.3;382.3;382.3;1
2004.06.15 06:27;382.6;382.6;382.6;382.6;1
2004.06.15 06:28;382.6;382.6;382.3;382.3;2
2004.06.15 06:29;382.6;382.6;382.6;382.6;1
2004.06.15 06:32;382;382.6;382;382.5;3
2004.06.15 06:33;382.3;382.3;382.3;382.3;1
2004.06.15 06:36;382.3;382.3;382.3;382.3;1
2004.06.15 06:38;382.1;382.1;382;382;2
2004.06.15 06:40;382.1;382.1;382.1;382.1;1
2004.06.15 06:43;382;382.3;382;382.3;3
2004.06.15 06:44;382.1;382.1;382.1;382.1;1
2004.06.15 06:47;382.6;382.6;382.6;382.6;1
2004.06.15 06:48;382.1;382.1;382.1;382.1;1
2004.06.15 06:51;382.1;382.1;382.1;382.1;1
2004.06.15 06:52;382.1;382.1;382.1;382.1;1
2004.06.15 06:54;382.1;382.1;382.1;382.1;1
2004.06.15 06:55;382.1;382.1;382.1;382.1;1
2004.06.15 07:00;382.6;382.6;382.3;382.6;4
2004.06.15 07:04;382.1;382.1;382.1;382.1;1
2004.06.15 07:07;382.3;382.3;382.3;382.3;1
2004.06.15 07:08;382.1;382.3;382.1;382.3;3
2004.06.15 07:09;382.1;382.3;382.1;382.1;3
2004.06.15 07:10;382.6;382.6;382.6;382.6;1
2004.06.15 07:11;382.8;382.8;382.8;382.8;1
2004.06.15 07:13;382.1;382.1;382.1;382.1;1
2004.06.15 07:24;382.6;382.8;382.6;382.8;2
2004.06.15 07:25;383.1;383.1;382.5;382.5;3
2004.06.15 07:26;382.3;382.6;382.3;382.6;2
2004.06.15 07:28;382.8;382.8;382.8;382.8;1
2004.06.15 07:29;382.3;382.5;382.3;382.5;2
2004.06.15 07:40;382.3;383;382.3;383;3
2004.06.15 07:41;382.8;382.8;382.8;382.8;1
2004.06.15 07:42;382.5;382.8;382.5;382.8;2
2004.06.15 07:46;382.3;382.5;382.3;382.5;2
2004.06.15 07:47;382.6;382.6;382.5;382.5;2
2004.06.15 07:48;382.6;382.6;382.5;382.5;2
2004.06.15 07:52;383;383.1;382.8;383.1;4
2004.06.15 07:53;382.8;383;382.8;383;2
2004.06.15 07:54;382.8;382.8;382.8;382.8;1
2004.06.15 07:58;382.8;382.8;382.8;382.8;1
2004.06.15 08:00;382.8;382.8;382.8;382.8;1
2004.06.15 08:02;383.3;383.3;383;383;3
2004.06.15 08:03;382.8;382.8;382.6;382.6;2
2004.06.15 08:06;382.8;383.1;382.8;383.1;2
2004.06.15 08:07;382.8;383.1;382.8;383.1;2
2004.06.15 08:09;383;383;382.8;382.8;2
2004.06.15 08:11;382.8;382.8;382.8;382.8;1
2004.06.15 08:12;382.6;382.6;382.6;382.6;1
2004.06.15 08:13;382.8;382.8;382.8;382.8;1
2004.06.15 08:16;383;383;383;383;1
2004.06.15 08:17;382.6;382.6;382.6;382.6;1
2004.06.15 08:18;383.1;383.1;383.1;383.1;1
2004.06.15 08:21;382.5;382.8;382.5;382.8;2
2004.06.15 08:23;382.3;382.3;382.3;382.3;1
2004.06.15 08:25;382.3;382.3;382.3;382.3;1
2004.06.15 08:27;382.8;382.8;382.6;382.6;2
2004.06.15 08:29;382.3;382.3;382.3;382.3;1
2004.06.15 08:32;382.1;382.1;382.1;382.1;1
2004.06.15 08:33;382.3;382.3;382.3;382.3;1
2004.06.15 08:35;382.1;382.1;382.1;382.1;1
2004.06.15 08:36;382.3;382.3;382.3;382.3;1
2004.06.15 08:38;382.1;382.3;382.1;382.3;2
2004.06.15 08:39;382.8;382.8;382.8;382.8;1
2004.06.15 08:42;382.6;382.6;382.6;382.6;1
2004.06.15 08:43;382.3;382.3;382.3;382.3;1
2004.06.15 08:45;382.1;382.3;382.1;382.1;3
2004.06.15 08:46;382.3;382.3;382.1;382.1;2
2004.06.15 08:47;382.3;382.3;382.3;382.3;1
2004.06.15 08:52;382.1;382.3;382.1;382.3;2
2004.06.15 08:53;382.1;382.1;382.1;382.1;1
2004.06.15 08:55;382.1;382.1;382;382;2
2004.06.15 08:56;382.1;382.1;382;382;2
2004.06.15 09:12;382.1;382.1;382.1;382.1;1
2004.06.15 09:13;382;382.3;382;382.3;2
2004.06.15 09:15;382.1;382.1;382.1;382.1;1
2004.06.15 09:17;381.8;381.8;381.8;381.8;1
2004.06.15 09:18;382.1;382.1;382.1;382.1;1
2004.06.15 09:19;382.1;382.1;382.1;382.1;1
2004.06.15 09:25;382.1;382.1;382.1;382.1;1
2004.06.15 09:26;382.1;382.1;382.1;382.1;1
2004.06.15 09:27;382.1;382.1;382.1;382.1;1
2004.06.15 09:28;382.1;382.1;382.1;382.1;1
2004.06.15 09:29;382.1;382.1;382.1;382.1;1
2004.06.15 09:42;382.3;382.3;382.3;382.3;1
2004.06.15 09:44;382.1;382.3;382.1;382.3;3
2004.06.15 09:45;381.6;382.1;381.6;382.1;2
2004.06.15 09:46;382.3;382.3;381.6;381.6;2
2004.06.15 09:47;381.6;381.6;381.6;381.6;1
2004.06.15 09:48;381.6;381.6;381.6;381.6;1
2004.06.15 09:50;382.1;382.1;382.1;382.1;1
2004.06.15 09:53;381.6;381.6;381.6;381.6;1
2004.06.15 09:59;382.3;382.3;382.3;382.3;1
2004.06.15 10:02;381.8;381.8;381.8;381.8;1
2004.06.15 10:05;381.6;381.6;381.6;381.6;1
2004.06.15 10:12;381.8;381.8;381.8;381.8;1
2004.06.15 10:13;381.6;381.8;381.6;381.8;2
2004.06.15 10:17;381.6;381.6;381.6;381.6;1
2004.06.15 10:20;382;382.1;381.8;381.8;3
2004.06.15 10:21;382.1;382.1;381.5;381.5;2
2004.06.15 10:22;381.1;381.6;381.1;381.6;6
2004.06.15 10:24;381.1;381.8;381.1;381.8;3
2004.06.15 10:25;381.1;381.3;381.1;381.3;2
2004.06.15 10:26;381.1;381.1;381.1;381.1;1
2004.06.15 10:28;381.1;381.3;381.1;381.3;4
2004.06.15 10:30;381.3;381.3;381.3;381.3;1
2004.06.15 10:31;381.3;381.3;381.3;381.3;1
2004.06.15 10:36;381.3;381.8;381.3;381.6;4
2004.06.15 10:37;381.6;381.6;381.6;381.6;1
2004.06.15 10:38;381.8;381.8;381.3;381.5;3
2004.06.15 10:39;381.3;381.3;381.3;381.3;1
2004.06.15 10:42;381.3;381.3;381.3;381.3;1
2004.06.15 10:44;381.3;381.3;381.3;381.3;1
2004.06.15 10:45;381.3;381.3;381.3;381.3;1
2004.06.15 10:47;381.6;381.8;381.6;381.8;2
2004.06.15 10:49;381.6;381.8;381.5;381.8;3
2004.06.15 10:52;381.6;381.6;381.3;381.3;3
2004.06.15 10:57;381.3;381.8;381.3;381.8;2
2004.06.15 11:03;381.3;381.5;381.3;381.5;2
2004.06.15 11:04;381.3;381.3;381.3;381.3;1
2004.06.15 11:08;381.1;381.1;381.1;381.1;1
2004.06.15 11:09;381.5;381.5;381.5;381.5;1
2004.06.15 11:13;381.6;381.6;381.6;381.6;1
2004.06.15 11:19;381.3;381.3;381.3;381.3;1
2004.06.15 11:20;381.1;381.1;381.1;381.1;1
2004.06.15 11:21;381.3;381.3;381.3;381.3;1
2004.06.15 11:22;381.6;381.6;381.6;381.6;1
2004.06.15 11:24;381.3;381.3;381.3;381.3;1
2004.06.15 11:25;381.1;381.8;381.1;381.8;2
2004.06.15 11:26;381.3;381.3;381.3;381.3;1
2004.06.15 11:34;381.6;381.6;381.6;381.6;1
2004.06.15 11:37;381.8;382;381.8;381.8;3
2004.06.15 11:43;381.5;381.6;381.5;381.6;2
2004.06.15 11:45;381.8;381.8;381.8;381.8;1
2004.06.15 11:46;381.8;381.8;381.8;381.8;1
2004.06.15 11:50;381.6;381.6;381.6;381.6;1
2004.06.15 11:55;381.6;382;381.6;382;2
2004.06.15 11:58;381.6;381.6;381.6;381.6;1
2004.06.15 11:59;382;382;382;382;1
2004.06.15 12:00;382.3;382.3;382.3;382.3;1
2004.06.15 12:01;382.1;382.1;382.1;382.1;1
2004.06.15 12:05;381.6;381.6;381.6;381.6;1
2004.06.15 12:06;381.8;381.8;381.6;381.6;2
2004.06.15 12:07;382.1;382.1;382.1;382.1;1
2004.06.15 12:08;381.6;381.6;381.6;381.6;1
2004.06.15 12:10;382;382;381.6;381.6;2
2004.06.15 12:11;381.6;382.1;381.6;382.1;2
2004.06.15 12:17;381.3;381.3;381.3;381.3;1
2004.06.15 12:18;381.6;381.6;381.6;381.6;1
2004.06.15 12:29;381.8;381.8;381.8;381.8;1
2004.06.15 12:30;381.5;381.8;381.5;381.8;2
2004.06.15 12:32;381.5;381.5;381.5;381.5;1
2004.06.15 12:33;381.6;381.6;381.6;381.6;1
2004.06.15 12:36;381.6;381.6;381.5;381.5;2
2004.06.15 12:37;381.3;381.3;381.3;381.3;1
2004.06.15 12:46;381.8;381.8;381.8;381.8;1
2004.06.15 12:51;381.8;381.8;381.8;381.8;1
2004.06.15 12:52;381.6;381.6;381.5;381.5;2
2004.06.15 12:58;381.8;381.8;381.8;381.8;1
2004.06.15 12:59;381.8;381.8;381.8;381.8;1
2004.06.15 13:00;381.6;382;381.6;382;2
2004.06.15 13:01;381.8;381.8;381.8;381.8;1
2004.06.15 13:03;381.6;381.6;381.6;381.6;1
2004.06.15 13:04;381.6;381.8;381.6;381.6;4
2004.06.15 13:05;381.6;381.6;381.6;381.6;1
2004.06.15 13:09;381.6;381.6;381.6;381.6;1
2004.06.15 13:11;381.6;381.6;381.6;381.6;1
2004.06.15 13:15;381.8;381.8;381.8;381.8;1
2004.06.15 13:16;381.6;382;381.6;382;2
2004.06.15 13:19;382.1;382.6;382.1;382.6;3
2004.06.15 13:20;382.1;382.5;382.1;382.5;2
2004.06.15 13:22;382.3;382.3;382.3;382.3;1
2004.06.15 13:23;382.8;382.8;382.8;382.8;1
2004.06.15 13:24;382.5;382.5;382.5;382.5;1
2004.06.15 13:26;383;383;383;383;1
2004.06.15 13:27;382.6;382.8;382.6;382.8;3
2004.06.15 13:28;382.6;383;382.6;383;2
2004.06.15 13:31;382.6;382.8;382.6;382.8;2
2004.06.15 13:33;382.6;382.6;382.6;382.6;1
2004.06.15 13:38;382.6;382.6;382.6;382.6;1
2004.06.15 13:39;382.6;382.6;382.6;382.6;1
2004.06.15 13:43;383.1;383.1;383.1;383.1;1
2004.06.15 13:50;382.8;382.8;382.8;382.8;1
2004.06.15 13:53;383;383;383;383;1
2004.06.15 13:56;383.1;383.1;383.1;383.1;1
2004.06.15 13:57;382.8;382.8;382.8;382.8;1
2004.06.15 13:59;382.6;382.8;382.6;382.6;3
2004.06.15 14:01;382.8;382.8;382.6;382.6;4
2004.06.15 14:02;382.8;382.8;382.6;382.6;2
2004.06.15 14:05;382.8;382.8;382.6;382.6;2
2004.06.15 14:07;382.8;382.8;382.6;382.6;2
2004.06.15 14:18;383.1;383.1;383.1;383.1;1
2004.06.15 14:20;382.8;383.1;382.8;383.1;3
2004.06.15 14:21;383;383;383;383;1
2004.06.15 14:22;383.1;383.3;383.1;383.1;5
2004.06.15 14:23;383;383;382.8;382.8;2
2004.06.15 14:24;383.1;383.1;382.8;383.1;5
2004.06.15 14:25;383.3;383.3;383.1;383.1;4
2004.06.15 14:26;383.3;383.3;383.1;383.1;4
2004.06.15 14:27;383.1;383.1;383.1;383.1;1
2004.06.15 14:28;382.8;382.8;382.6;382.6;3
2004.06.15 14:29;382.8;382.8;382.6;382.8;4
2004.06.15 14:30;382.8;382.8;382.6;382.8;4
2004.06.15 14:33;383.6;384.3;383.6;384.3;4
2004.06.15 14:41;384.3;384.3;384.3;384.3;1
2004.06.15 14:42;384.1;384.1;383.8;383.8;3
2004.06.15 14:49;384.1;384.1;384.1;384.1;1
2004.06.15 14:52;384.1;384.3;384.1;384.3;2
2004.06.15 14:57;384.1;384.1;384.1;384.1;1
2004.06.15 14:59;383.8;383.8;383.8;383.8;1
2004.06.15 15:02;384.1;384.1;384.1;384.1;1
2004.06.15 15:09;384.8;384.8;384.8;384.8;1
2004.06.15 15:12;385.1;385.1;384.3;384.8;8
2004.06.15 15:13;384.6;384.6;384.3;384.3;5
2004.06.15 15:14;384.5;384.6;384.5;384.6;2
2004.06.15 15:15;384.6;384.8;384.6;384.8;7
2004.06.15 15:16;384.8;384.8;384.8;384.8;1
2004.06.15 15:17;385;385;385;385;1
2004.06.15 15:18;384.8;384.8;384.6;384.6;3
2004.06.15 15:19;384.6;384.6;384.6;384.6;1
2004.06.15 15:20;384.6;384.6;384.6;384.6;1
2004.06.15 15:21;384.6;384.6;384.3;384.6;3
2004.06.15 15:23;384.8;384.8;384.8;384.8;1
2004.06.15 15:30;385.1;385.1;385.1;385.1;1
2004.06.15 15:33;385;385.1;384.8;384.8;4
2004.06.15 15:34;385.1;385.3;385.1;385.3;8
2004.06.15 15:35;385.1;385.1;385.1;385.1;1
2004.06.15 15:36;385.3;385.3;385.3;385.3;1
2004.06.15 15:39;384.6;385.1;384.3;384.8;15
2004.06.15 15:41;384.5;385;384.3;384.8;7
2004.06.15 15:43;384.6;385.3;384.6;385.1;11
2004.06.15 15:44;385.1;385.1;385;385;7
2004.06.15 15:45;385.1;385.1;385.1;385.1;1
2004.06.15 15:46;385.3;385.3;384.8;385.3;36
2004.06.15 15:47;384.8;384.8;384.1;384.5;9
2004.06.15 15:48;384.1;385.3;383.8;384.8;19
2004.06.15 15:49;384.5;385;384.3;385;19
2004.06.15 15:50;384.8;384.8;384.8;384.8;1
2004.06.15 15:52;384.6;384.8;384.3;384.3;5
2004.06.15 15:53;384.5;385.1;384.3;384.8;28
2004.06.15 15:54;385.1;385.1;385.1;385.1;1
2004.06.15 15:57;385.3;385.3;385;385;3
2004.06.15 15:58;385.3;385.6;384.8;385.3;28
2004.06.15 16:05;386.3;386.3;386.3;386.3;1
2004.06.15 16:06;386.3;386.8;386.3;386.3;5
2004.06.15 16:08;386.1;386.6;386;386.1;14
2004.06.15 16:09;386;386.1;385.8;386.1;6
2004.06.15 16:11;386.1;386.6;385.8;386.1;13
2004.06.15 16:12;386.3;386.3;386.1;386.1;2
2004.06.15 16:13;385.6;386.1;385.6;386.1;3
2004.06.15 16:14;385.8;386.3;385.6;386.3;5
2004.06.15 16:15;386;386.1;385.8;386.1;5
2004.06.15 16:16;385.8;386.3;385.6;385.8;10
2004.06.15 16:17;385.6;385.8;385.6;385.6;8
2004.06.15 16:18;385.8;385.8;385.3;385.8;13
2004.06.15 16:19;385.6;385.6;385.3;385.3;2
2004.06.15 16:20;385.8;385.8;385.6;385.8;6
2004.06.15 16:21;385.6;385.6;385.6;385.6;1
2004.06.15 16:22;385.6;386;385.3;385.8;9
2004.06.15 16:23;385.6;385.8;385.5;385.8;4
2004.06.15 16:24;385.5;385.6;385.3;385.5;9
2004.06.15 16:25;385.6;386.1;385.6;385.6;6
2004.06.15 16:26;385.8;386.1;385.6;385.6;5
2004.06.15 16:27;385.6;386.1;385.6;385.6;8
2004.06.15 16:28;385.5;386.1;385.5;385.8;5
2004.06.15 16:29;385.8;385.8;385.6;385.8;4
2004.06.15 16:30;385.8;385.8;385.6;385.6;3
2004.06.15 16:31;385.6;385.6;385.6;385.6;1
2004.06.15 16:32;385.6;385.8;385.6;385.8;3
2004.06.15 16:33;385.5;385.8;385.5;385.8;3
2004.06.15 16:34;386;386;386;386;1
2004.06.15 16:35;386.1;386.1;385.8;385.8;6
2004.06.15 16:36;385.8;386.3;385.8;386.1;9
2004.06.15 16:37;385.8;386.3;385.8;386.3;9
2004.06.15 16:38;386.3;386.3;386.1;386.1;3
2004.06.15 16:39;386.1;386.3;386.1;386.1;6
2004.06.15 16:40;386.3;386.6;386.1;386.5;8
2004.06.15 16:41;386.3;386.6;386.3;386.3;3
2004.06.15 16:42;386;386;385.8;386;4
2004.06.15 16:43;386.1;386.3;385.8;386.3;12
2004.06.15 16:44;386.3;386.3;386.3;386.3;1
2004.06.15 16:45;386.3;386.3;385.8;385.8;6
2004.06.15 16:46;385.8;385.8;385.6;385.6;8
2004.06.15 16:47;385.8;386.1;385.6;386.1;8
2004.06.15 16:48;385.8;386.3;385.8;386.1;4
2004.06.15 16:49;386.3;386.3;385.6;386.1;3
2004.06.15 16:50;386.3;386.3;386.1;386.1;3
2004.06.15 16:51;385.6;385.8;385.6;385.8;6
2004.06.15 16:52;385.5;386.1;385.5;385.8;7
2004.06.15 16:53;385.5;385.8;385.5;385.8;4
2004.06.15 16:54;385.6;385.6;385.6;385.6;1
2004.06.15 16:55;385.1;385.1;385;385;4
2004.06.15 16:56;384.8;385.3;384.8;385.3;6
2004.06.15 16:57;385;385.1;385;385.1;6
2004.06.15 16:58;385.1;385.3;384.8;385.1;11
2004.06.15 16:59;385.3;385.3;384.8;385.1;5
2004.06.15 17:01;384.6;385.3;384.6;385.3;14
2004.06.15 17:02;385.1;385.6;385;385.6;10
2004.06.15 17:03;385.3;385.3;385.1;385.3;14
2004.06.15 17:04;385.6;385.8;385.6;385.6;3
2004.06.15 17:05;385.5;385.6;385.3;385.3;8
2004.06.15 17:06;385.3;385.8;385.3;385.8;13
2004.06.15 17:07;385.8;385.8;385.8;385.8;1
2004.06.15 17:08;385.3;385.5;385.3;385.5;2
2004.06.15 17:09;385.3;385.8;385.3;385.8;4
2004.06.15 17:10;385.3;385.6;385.3;385.6;3
2004.06.15 17:11;385.3;385.5;385.3;385.5;2
2004.06.15 17:12;385.1;385.1;385.1;385.1;1
2004.06.15 17:13;385;385.3;385;385.3;3
2004.06.15 17:14;384.8;385.3;384.6;385.1;7
2004.06.15 17:15;385.1;385.1;385.1;385.1;1
2004.06.15 17:16;385;385.3;384.6;385.3;10
2004.06.15 17:17;384.8;385;384.6;384.6;6
2004.06.15 17:18;384.8;385.1;384.6;384.8;17
2004.06.15 17:19;385.3;385.3;385;385.1;5
2004.06.15 17:20;385.3;385.6;385.3;385.3;4
2004.06.15 17:21;385.3;385.6;385.1;385.1;3
2004.06.15 17:22;385.1;385.6;385.1;385.6;11
2004.06.15 17:23;385.6;385.6;385.3;385.6;4
2004.06.15 17:24;385.3;385.3;385.1;385.1;4
2004.06.15 17:25;385.1;385.8;385.1;385.8;7
2004.06.15 17:26;385.6;386.3;385.6;386.1;10
2004.06.15 17:27;386.1;386.3;386.1;386.1;3
2004.06.15 17:28;385.8;386;385.6;385.6;5
2004.06.15 17:29;386.1;386.3;386.1;386.1;4
2004.06.15 17:30;385.6;385.8;385.6;385.8;7
2004.06.15 17:31;385.6;386;385.5;385.8;8
2004.06.15 17:32;385.5;386.1;385.5;386.1;10
2004.06.15 17:33;385.5;386.1;385.5;386.1;6
2004.06.15 17:34;386.3;386.3;386.1;386.1;2
2004.06.15 17:35;386.3;386.3;385.6;385.6;5
2004.06.15 17:36;385.6;386.3;385.5;386.3;9
2004.06.15 17:37;385.6;386.1;385.6;386.1;4
2004.06.15 17:38;385.6;385.8;385.6;385.6;6
2004.06.15 17:39;385.8;385.8;385.6;385.6;4
2004.06.15 17:40;385.6;386.1;385.6;386.1;4
2004.06.15 17:41;386;386;385.6;385.6;4
2004.06.15 17:42;385.8;386.3;385.6;386.3;7
2004.06.15 17:43;385.8;386;385.8;386;3
2004.06.15 17:44;385.8;386.3;385.8;386.3;5
2004.06.15 17:45;386;386.6;385.8;386.6;9
2004.06.15 17:46;386.1;386.8;386.1;386.8;9
2004.06.15 17:47;386.3;386.8;386.3;386.8;9
2004.06.15 17:48;386.3;386.8;386.3;386.8;7
2004.06.15 17:49;386.6;387.1;386.5;387.1;7
2004.06.15 17:51;387.1;387.6;387;387.6;16
2004.06.15 17:52;387.8;388.6;387.8;388.6;4
2004.06.15 17:53;388.6;388.6;388.3;388.3;5
2004.06.15 17:54;388.3;388.5;388;388.3;10
2004.06.15 17:55;387.8;388.3;387.6;388.3;5
2004.06.15 17:56;388.3;388.3;387.8;388;5
2004.06.15 17:57;387.8;388.3;387.8;388.3;8
2004.06.15 17:58;388.1;388.6;388;388.5;8
2004.06.15 17:59;388.6;388.6;388.3;388.3;5
2004.06.15 18:01;388.1;388.6;388.1;388.3;12
2004.06.15 18:02;388.1;388.6;388;388.6;8
2004.06.15 18:03;388;388.3;388;388.1;16
2004.06.15 18:04;388.1;388.3;387.8;387.8;6
2004.06.15 18:05;388.3;388.3;388.3;388.3;1
2004.06.15 18:06;387.8;388.3;387.8;388.1;5
2004.06.15 18:07;387.6;387.8;387.5;387.5;10
2004.06.15 18:08;387.6;387.8;387.5;387.8;6
2004.06.15 18:09;387.6;388.1;387.6;388.1;7
2004.06.15 18:10;387.6;388.1;387.6;387.8;7
2004.06.15 18:11;387.8;387.8;387.8;387.8;1
2004.06.15 18:12;387.6;387.8;387.6;387.8;4
2004.06.15 18:13;387.3;387.6;387.1;387.3;14
2004.06.15 18:14;387.1;387.8;387.1;387.8;4
2004.06.15 18:15;387.5;387.6;387.3;387.5;6
2004.06.15 18:16;387.3;387.8;387.3;387.6;5
2004.06.15 18:17;387.8;387.8;387.6;387.6;2
2004.06.15 18:18;387.3;387.8;387.3;387.8;6
2004.06.15 18:19;387.6;388.1;387.6;387.8;5
2004.06.15 18:20;388.1;388.1;387.6;387.6;3
2004.06.15 18:21;387.6;387.8;387.6;387.6;4
2004.06.15 18:22;387.6;387.8;387.6;387.8;3
2004.06.15 18:23;387.5;387.5;387.3;387.3;2
2004.06.15 18:24;387.5;387.8;387.5;387.8;5
2004.06.15 18:25;387.3;387.5;387.3;387.5;3
2004.06.15 18:26;387.3;387.3;387.3;387.3;1
2004.06.15 18:27;387.5;388.1;387.5;388.1;5
2004.06.15 18:28;387.3;387.8;387.3;387.8;3
2004.06.15 18:29;387.6;388.1;387.5;388.1;7
2004.06.15 18:30;388;388;388;388;1
2004.06.15 18:31;387.3;387.8;387.3;387.3;3
2004.06.15 18:32;387.5;387.8;387.5;387.8;5
2004.06.15 18:33;387.8;388.3;387.8;388.3;3
2004.06.15 18:34;388.1;388.3;388;388;3
2004.06.15 18:35;388.1;388.3;388.1;388.3;3
2004.06.15 18:36;388;388.6;388;388.3;4
2004.06.15 18:37;388.1;388.5;388;388.3;8
2004.06.15 18:38;388;388.3;387.8;388.3;3
2004.06.15 18:39;388.1;388.1;387.8;387.8;2
2004.06.15 18:40;388;388.3;388;388.1;4
2004.06.15 18:41;388.1;388.1;388.1;388.1;1
2004.06.15 18:42;387.8;387.8;387.3;387.5;3
2004.06.15 18:43;387.3;387.8;387.3;387.8;5
2004.06.15 18:44;387.8;387.8;387.6;387.6;2
2004.06.15 18:45;387.8;387.8;387.3;387.5;3
2004.06.15 18:46;387.8;387.8;387.3;387.3;2
2004.06.15 18:47;387.5;387.8;387.3;387.8;4
2004.06.15 18:48;388;388;387.8;387.8;2
2004.06.15 18:49;388;388.3;387.8;388.3;5
2004.06.15 18:50;388.3;388.3;387.8;387.8;3
2004.06.15 18:51;388.3;388.3;387.8;388.3;6
2004.06.15 18:52;388.3;388.3;388.1;388.1;5
2004.06.15 18:53;388.3;388.6;388;388.6;5
2004.06.15 18:54;388.3;388.5;388.1;388.5;3
2004.06.15 18:55;388.6;388.6;388.3;388.3;3
2004.06.15 18:56;387.8;388.3;387.8;388.3;5
2004.06.15 18:57;387.8;388.3;387.8;388.3;3
2004.06.15 18:58;387.5;387.8;387.5;387.8;2
2004.06.15 18:59;387.6;387.8;387.6;387.6;4
2004.06.15 19:00;387.5;387.5;387.5;387.5;1
2004.06.15 19:01;388;388;387.1;387.8;7
2004.06.15 19:04;387.3;387.8;387.3;387.6;4
2004.06.15 19:05;387.6;388.1;387.6;388.1;4
2004.06.15 19:06;387.6;387.8;387.6;387.6;5
2004.06.15 19:07;387.6;388;387.6;387.8;4
2004.06.15 19:08;387.8;387.8;387.8;387.8;1
2004.06.15 19:09;387.8;387.8;387.3;387.3;2
2004.06.15 19:10;387.8;387.8;387.8;387.8;1
2004.06.15 19:11;387.5;387.6;387.5;387.5;3
2004.06.15 19:12;387.6;387.8;387.6;387.6;3
2004.06.15 19:13;387.6;388.1;387.6;388.1;2
2004.06.15 19:14;387.6;388;387.6;388;5
2004.06.15 19:15;387.8;388.1;387.6;387.6;7
2004.06.15 19:16;387.6;388.1;387.5;387.8;6
2004.06.15 19:17;387.5;387.6;387.3;387.6;7
2004.06.15 19:18;387.5;388;387.5;387.8;6
2004.06.15 19:19;387.3;387.6;387.3;387.3;3
2004.06.15 19:20;387.6;387.6;387.3;387.3;4
2004.06.15 19:21;387.6;387.8;387.3;387.8;11
2004.06.15 19:22;387.8;387.8;387.6;387.6;4
2004.06.15 19:23;388.1;388.1;387.5;388.1;5
2004.06.15 19:24;387.8;388;387.8;387.8;3
2004.06.15 19:25;388;388.1;387.8;387.8;3
2004.06.15 19:26;388;388;387.6;387.6;3
2004.06.15 19:27;387.8;387.8;387.5;387.5;3
2004.06.15 19:28;387.1;387.6;387.1;387.6;9
2004.06.15 19:29;387.1;387.8;387;387.8;21
2004.06.15 19:30;387.8;387.8;387.8;387.8;1
2004.06.15 19:33;387.5;387.5;387.3;387.3;2
2004.06.15 19:35;387.3;387.8;387.3;387.8;5
2004.06.15 19:36;387.8;387.8;387.8;387.8;1
2004.06.15 19:37;387.3;387.3;387.3;387.3;1
2004.06.15 19:38;387.6;387.6;387.6;387.6;1
2004.06.15 19:39;387.3;387.5;387.3;387.5;2
2004.06.15 19:41;387.3;387.3;387.3;387.3;1
2004.06.15 19:42;387.5;387.5;387.3;387.3;2
2004.06.15 19:43;387.6;387.6;387.6;387.6;1
2004.06.15 19:46;387.5;387.5;387.5;387.5;1
2004.06.15 19:47;387.3;387.3;387.3;387.3;1
2004.06.15 19:48;387.1;387.1;387.1;387.1;1
2004.06.15 19:49;387.3;387.3;387.3;387.3;1
2004.06.15 19:51;387.5;388.1;387.5;388.1;2
2004.06.15 19:52;387.6;387.6;387.6;387.6;1
2004.06.15 19:56;387.3;387.8;387.3;387.8;2
2004.06.15 19:59;387.1;387.1;387.1;387.1;1
2004.06.15 20:01;387.6;387.6;387.6;387.6;1
2004.06.15 20:02;387.8;387.8;387.8;387.8;1
2004.06.15 20:07;388.1;388.1;388.1;388.1;1
2004.06.15 20:14;387.8;387.8;387.8;387.8;1
2004.06.15 20:16;388.1;388.1;387.8;387.8;2
2004.06.15 20:21;387.8;387.8;387.8;387.8;1
2004.06.15 20:24;387.8;387.8;387.3;387.3;2
2004.06.15 20:25;387.1;387.1;387.1;387.1;1
2004.06.15 20:32;387.8;387.8;387.8;387.8;1
2004.06.15 20:34;387.8;387.8;387.8;387.8;1
2004.06.15 20:36;387.8;387.8;387.8;387.8;1
2004.06.15 20:39;387.8;387.8;387.8;387.8;1
2004.06.15 20:42;388;388;387.8;387.8;2
2004.06.15 20:48;387.8;387.8;387.8;387.8;1
2004.06.15 20:52;388.1;388.1;388.1;388.1;1
2004.06.15 20:53;388.1;388.1;388.1;388.1;1
2004.06.15 20:54;387.1;387.1;387.1;387.1;1
2004.06.15 20:58;387.8;387.8;387.8;387.8;1
2004.06.15 20:59;388.3;388.3;388.3;388.3;1
2004.06.15 21:01;388.1;388.1;388.1;388.1;1
2004.06.15 21:02;388.3;388.3;388.3;388.3;1
2004.06.15 21:03;388.6;388.6;388.6;388.6;1
2004.06.15 21:04;388.3;388.3;388.3;388.3;1
2004.06.15 21:06;388.3;388.3;388.3;388.3;1
2004.06.15 21:07;387.1;387.1;387.1;387.1;1
2004.06.15 21:14;387.3;387.3;387.1;387.1;2
2004.06.15 21:17;387.3;387.3;387.3;387.3;1
2004.06.15 21:18;387.1;387.1;387.1;387.1;1
2004.06.15 21:23;387.3;387.3;387.1;387.1;2
2004.06.15 21:24;388.3;388.3;388.3;388.3;1
2004.06.15 21:25;388.3;388.3;388.3;388.3;1
2004.06.15 21:28;388.3;388.3;388.3;388.3;1
2004.06.15 21:32;388.3;388.3;388.3;388.3;1
2004.06.15 21:33;387.3;387.3;387.1;387.1;2
2004.06.15 21:34;387.1;387.1;387.1;387.1;1
2004.06.15 21:40;388.3;388.3;388.3;388.3;1
2004.06.15 21:42;388.3;388.3;388.3;388.3;1
2004.06.15 21:43;388.3;388.3;388.3;388.3;1
2004.06.15 21:49;388.3;388.3;388.3;388.3;1
2004.06.15 21:55;387.3;387.3;387.3;387.3;1
2004.06.15 21:56;387.1;387.1;387.1;387.1;1
2004.06.15 22:01;388.1;388.1;388.1;388.1;1
2004.06.15 22:07;387.1;387.1;387.1;387.1;1
2004.06.15 22:08;387.1;387.1;387.1;387.1;1
2004.06.15 22:11;388.3;388.3;388.3;388.3;1
2004.06.15 22:16;388.3;388.3;388.3;388.3;1
2004.06.15 22:25;388.3;388.3;388.3;388.3;1
2004.06.15 22:26;387.3;387.3;387.3;387.3;1
2004.06.15 22:27;387.1;387.1;387.1;387.1;1
2004.06.15 22:29;388.3;388.3;388.3;388.3;1
2004.06.15 22:35;387.3;387.3;387.3;387.3;1
2004.06.15 22:36;387.1;387.1;387.1;387.1;1
2004.06.15 22:38;387.3;387.3;387.1;387.1;2
2004.06.15 22:46;387.1;387.1;387.1;387.1;1
2004.06.15 22:47;387.3;387.3;387.1;387.1;2
2004.06.15 22:57;387.3;387.3;387.3;387.3;1
2004.06.15 23:06;388.6;388.6;388.6;388.6;1
2004.06.15 23:11;388.3;388.8;388.3;388.8;2
2004.06.15 23:16;388.6;388.6;388.6;388.6;1
2004.06.15 23:20;387.3;387.3;387.1;387.1;2
2004.06.15 23:21;388.3;388.3;388.3;388.3;1
2004.06.15 23:25;388.6;388.6;388.6;388.6;1
2004.06.16 01:32;387.1;387.1;387.1;387.1;1
2004.06.16 01:42;387.3;387.3;387.3;387.3;1
2004.06.16 01:46;387.3;387.3;387.1;387.1;2
2004.06.16 02:07;387.6;387.6;387.6;387.6;1
2004.06.16 02:12;387.6;388.3;387.6;388.3;3
2004.06.16 02:13;388.1;388.1;388.1;388.1;1
2004.06.16 02:14;388.1;388.6;388;388.6;3
2004.06.16 02:15;388.3;388.6;388.3;388.3;3
2004.06.16 02:16;388.5;388.5;388.3;388.3;2
2004.06.16 02:20;388.6;388.6;388.3;388.3;2
2004.06.16 02:22;388.3;388.3;388.3;388.3;1
2004.06.16 02:24;388.6;388.6;388.5;388.5;2
2004.06.16 02:25;388.6;388.8;388.6;388.6;5
2004.06.16 02:26;388.6;388.6;388.6;388.6;1
2004.06.16 02:27;388.6;388.6;388.6;388.6;1
2004.06.16 02:30;388.5;388.5;388.5;388.5;1
2004.06.16 02:31;388.6;388.6;388.6;388.6;1
2004.06.16 02:32;388.5;388.6;388.5;388.6;2
2004.06.16 02:34;388.3;388.3;388.3;388.3;1
2004.06.16 02:36;388.5;388.5;388.5;388.5;1
2004.06.16 02:41;388.3;388.5;388.3;388.5;2
2004.06.16 02:49;388.3;388.5;388.3;388.5;2
2004.06.16 02:51;388.3;388.3;388.3;388.3;1
2004.06.16 02:53;389.1;389.1;389.1;389.1;1
2004.06.16 02:54;389.8;389.8;389.8;389.8;1
2004.06.16 02:56;388.5;388.5;388.3;388.3;2
2004.06.16 02:58;389.1;389.1;389.1;389.1;1
2004.06.16 03:00;388.8;388.8;388.5;388.5;2
2004.06.16 03:01;388.6;388.8;388.6;388.6;3
2004.06.16 03:02;388.8;389.1;388.6;389.1;3
2004.06.16 03:05;388.6;389;388.6;389;2
2004.06.16 03:06;389.1;389.1;389.1;389.1;1
2004.06.16 03:07;389.3;389.3;389.3;389.3;1
2004.06.16 03:11;388.6;388.6;388.6;388.6;1
2004.06.16 03:14;388.8;388.8;388.6;388.6;4
2004.06.16 03:15;389;389;389;389;1
2004.06.16 03:17;388.6;388.6;388.6;388.6;1
2004.06.16 03:18;388.8;388.8;388.6;388.6;2
2004.06.16 03:19;388.8;388.8;388.8;388.8;1
2004.06.16 03:22;388.8;389.1;388.8;389.1;2
2004.06.16 03:26;388.6;388.6;388.6;388.6;1
2004.06.16 03:28;388.6;388.6;388.6;388.6;1
2004.06.16 03:30;389;389;389;389;1
2004.06.16 03:32;388.8;388.8;388.8;388.8;1
2004.06.16 03:33;388.6;388.6;388.6;388.6;1
2004.06.16 03:34;388.6;388.6;388.6;388.6;1
2004.06.16 03:36;388.6;388.6;388.6;388.6;1
2004.06.16 03:37;388.6;388.6;388.6;388.6;1
2004.06.16 03:41;388.6;388.6;388.6;388.6;1
2004.06.16 03:44;388.6;388.6;388.6;388.6;1
2004.06.16 03:46;388.6;388.6;388.6;388.6;1
2004.06.16 03:49;389.1;389.1;389.1;389.1;1
2004.06.16 03:51;388.5;388.6;388.5;388.6;2
2004.06.16 03:52;388.5;388.5;388.5;388.5;1
2004.06.16 03:53;388.6;388.6;388.5;388.6;3
2004.06.16 03:57;388.5;388.5;388.5;388.5;1
2004.06.16 04:00;388.6;388.6;388.5;388.5;5
2004.06.16 04:02;388.6;388.6;388.6;388.6;1
2004.06.16 04:03;388.8;388.8;388.8;388.8;1
2004.06.16 04:09;388.6;388.8;388.6;388.8;2
2004.06.16 04:10;388.5;388.5;388.5;388.5;1
2004.06.16 04:13;388.3;388.3;388.3;388.3;1
2004.06.16 04:15;388.3;388.3;388.3;388.3;1
2004.06.16 04:16;388.5;388.5;388.5;388.5;1
2004.06.16 04:19;388.6;388.6;388.6;388.6;1
2004.06.16 04:23;388.3;388.3;388.3;388.3;1
2004.06.16 04:28;388.6;388.6;388.6;388.6;1
2004.06.16 04:29;388.5;388.5;388.5;388.5;1
2004.06.16 04:32;388.5;388.5;388.5;388.5;1
2004.06.16 04:34;388.8;388.8;388.5;388.5;2
2004.06.16 04:36;388.3;388.3;388.3;388.3;1
2004.06.16 04:39;388.3;388.8;388.3;388.8;6
2004.06.16 04:40;388.8;388.8;388.8;388.8;1
2004.06.16 04:42;388.5;388.8;388.3;388.8;5
2004.06.16 04:45;388.3;388.3;388.3;388.3;1
2004.06.16 04:48;388.5;388.5;388.5;388.5;1
2004.06.16 04:49;388.8;388.8;388.8;388.8;1
2004.06.16 04:52;388.3;389.1;388.3;388.8;4
2004.06.16 04:54;388.5;388.6;388.5;388.5;3
2004.06.16 04:58;388.3;388.3;388.3;388.3;1
2004.06.16 05:01;388.3;388.8;388.3;388.8;3
2004.06.16 05:08;388.6;388.6;388.5;388.5;2
2004.06.16 05:17;388.5;388.5;388.5;388.5;1
2004.06.16 05:20;388.6;388.6;388.6;388.6;1
2004.06.16 05:21;388.5;388.5;388.5;388.5;1
2004.06.16 05:22;388.6;389.1;388.6;389.1;2
2004.06.16 05:23;388.8;388.8;388.8;388.8;1
2004.06.16 05:29;388.8;388.8;388.8;388.8;1
2004.06.16 05:36;388.8;388.8;388.8;388.8;1
2004.06.16 05:40;388.5;388.5;388.5;388.5;1
2004.06.16 05:42;388.6;388.6;388.6;388.6;1
2004.06.16 05:45;388.3;388.5;388.3;388.5;2
2004.06.16 05:47;388.6;388.6;388.5;388.5;2
2004.06.16 05:49;388.3;388.8;388.3;388.8;4
2004.06.16 05:52;388.3;388.3;388.3;388.3;1
2004.06.16 05:55;388.1;388.1;388.1;388.1;1
2004.06.16 05:57;389.1;389.1;388.8;388.8;3
2004.06.16 06:01;388.5;388.5;388.5;388.5;1
2004.06.16 06:03;388.8;388.8;388.8;388.8;1
2004.06.16 06:08;388.6;388.6;388.6;388.6;1
2004.06.16 06:09;388.8;388.8;388.8;388.8;1
2004.06.16 06:11;388.6;388.6;388.6;388.6;1
2004.06.16 06:14;389;389;388.6;388.6;2
2004.06.16 06:15;388.6;388.6;388.6;388.6;1
2004.06.16 06:17;388.8;388.8;388.3;388.3;2
2004.06.16 06:20;388.6;388.6;388.6;388.6;1
2004.06.16 06:24;388.3;388.3;388.3;388.3;1
2004.06.16 06:28;388.3;388.3;388.3;388.3;1
2004.06.16 06:30;388.1;388.1;388.1;388.1;1
2004.06.16 06:31;388.3;388.8;388.3;388.8;3
2004.06.16 06:34;388.8;388.8;388.6;388.6;2
2004.06.16 06:37;388.8;388.8;388.8;388.8;1
2004.06.16 06:38;388.5;388.5;388.5;388.5;1
2004.06.16 06:42;388.3;388.5;388.3;388.5;2
2004.06.16 06:45;388.8;388.8;388.8;388.8;1
2004.06.16 06:48;388.6;388.8;388.6;388.6;4
2004.06.16 06:49;388.6;388.6;388.6;388.6;1
2004.06.16 06:50;388.6;388.6;388.5;388.5;2
2004.06.16 06:53;388.8;388.8;388.8;388.8;1
2004.06.16 06:58;388.6;388.6;388.6;388.6;1
2004.06.16 07:01;389;389;388.6;388.8;4
2004.06.16 07:02;388.3;388.3;388.3;388.3;1
2004.06.16 07:03;388.5;388.8;388.5;388.8;2
2004.06.16 07:04;388.6;388.6;388.6;388.6;1
2004.06.16 07:15;388.3;388.3;388.3;388.3;1
2004.06.16 07:16;388.5;388.8;388.5;388.6;4
2004.06.16 07:18;388.8;388.8;388.8;388.8;1
2004.06.16 07:20;388.6;388.6;388.6;388.6;1
2004.06.16 07:21;388.3;388.3;388.3;388.3;1
2004.06.16 07:25;388.3;388.3;388.3;388.3;1
2004.06.16 07:30;388.8;388.8;388.8;388.8;1
2004.06.16 07:31;388.3;388.3;388.3;388.3;1
2004.06.16 07:34;388.3;388.3;388.3;388.3;1
2004.06.16 07:35;388.3;388.3;388.3;388.3;1
2004.06.16 07:38;388.3;388.3;388.3;388.3;1
2004.06.16 07:40;388.6;388.6;388.6;388.6;1
2004.06.16 07:41;388.1;388.1;388.1;388.1;1
2004.06.16 07:43;388.3;388.3;388.3;388.3;1
2004.06.16 07:51;388;388;387.8;388;3
2004.06.16 07:53;388;388;388;388;1
2004.06.16 07:56;388.1;388.1;388;388;2
2004.06.16 07:58;388.6;388.6;388.6;388.6;1
2004.06.16 08:02;388.1;388.1;388.1;388.1;1
2004.06.16 08:03;388;388;388;388;1
2004.06.16 08:05;388.1;388.1;388.1;388.1;1
2004.06.16 08:06;388.6;388.6;388.6;388.6;1
2004.06.16 08:08;388.1;388.1;388.1;388.1;1
2004.06.16 08:09;388.1;388.1;388.1;388.1;1
2004.06.16 08:10;388;388.1;388;388.1;2
2004.06.16 08:12;388.3;388.3;388.3;388.3;1
2004.06.16 08:14;388.6;388.6;388.6;388.6;1
2004.06.16 08:17;388.3;388.3;388.1;388.1;2
2004.06.16 08:20;388.6;388.8;388.6;388.8;2
2004.06.16 08:24;388.8;388.8;388.8;388.8;1
2004.06.16 08:27;389;389;388.8;388.8;2
2004.06.16 08:28;388.5;388.5;388.5;388.5;1
2004.06.16 08:31;388.6;388.6;388.6;388.6;1
2004.06.16 08:32;388.6;388.6;388.6;388.6;1
2004.06.16 08:35;388.6;388.6;388.5;388.5;2
2004.06.16 08:40;388.5;388.5;388.5;388.5;1
2004.06.16 08:42;388.8;388.8;388.8;388.8;1
2004.06.16 08:43;388.3;388.6;388.3;388.3;3
2004.06.16 08:46;388.6;388.6;388.6;388.6;1
2004.06.16 08:48;388.5;388.5;388.3;388.3;2
2004.06.16 08:49;388.6;388.8;388.6;388.8;2
2004.06.16 08:50;388.3;388.3;388.3;388.3;1
2004.06.16 08:51;388.6;388.6;388.6;388.6;1
2004.06.16 08:53;388.3;388.3;388.3;388.3;1
2004.06.16 08:55;388.8;388.8;388.8;388.8;1
2004.06.16 08:57;388.1;388.3;388.1;388.3;2
2004.06.16 09:02;388.1;388.1;388.1;388.1;1
2004.06.16 09:03;388.3;388.3;388.3;388.3;1
2004.06.16 09:04;388.6;388.6;388.6;388.6;1
2004.06.16 09:05;388.1;388.3;388.1;388.3;2
2004.06.16 09:06;388.8;388.8;388.8;388.8;1
2004.06.16 09:07;388.3;388.3;388.3;388.3;1
2004.06.16 09:08;388.3;388.8;388.3;388.8;2
2004.06.16 09:09;388.6;388.6;388.6;388.6;1
2004.06.16 09:12;388.1;388.1;388.1;388.1;1
2004.06.16 09:16;388.1;388.1;388;388;2
2004.06.16 09:17;388.1;388.1;388.1;388.1;1
2004.06.16 09:22;388.1;388.3;388.1;388.3;3
2004.06.16 09:24;388.3;388.6;387.8;388.6;3
2004.06.16 09:29;387.8;387.8;387.8;387.8;1
2004.06.16 09:30;388.3;388.3;388.3;388.3;1
2004.06.16 09:31;387.8;387.8;387.8;387.8;1
2004.06.16 09:32;388;388;388;388;1
2004.06.16 09:34;387.8;387.8;387.8;387.8;1
2004.06.16 09:36;387.8;387.8;387.8;387.8;1
2004.06.16 09:40;387.8;387.8;387.8;387.8;1
2004.06.16 09:41;387.8;387.8;387.8;387.8;1
2004.06.16 09:43;388.3;388.3;388.3;388.3;1
2004.06.16 09:44;387.6;388.1;387.6;388.1;2
2004.06.16 09:46;387.6;387.6;387.6;387.6;1
2004.06.16 09:47;388.1;388.1;388.1;388.1;1
2004.06.16 09:50;387.6;387.6;387.6;387.6;1
2004.06.16 09:51;387.6;387.6;387.6;387.6;1
2004.06.16 09:53;387.8;387.8;387.8;387.8;1
2004.06.16 09:55;387.8;387.8;387.8;387.8;1
2004.06.16 09:57;387.8;387.8;387.8;387.8;1
2004.06.16 09:59;387.8;387.8;387.8;387.8;1
2004.06.16 10:01;387.8;387.8;387.8;387.8;1
2004.06.16 10:02;387.8;387.8;387.8;387.8;1
2004.06.16 10:03;387.8;387.8;387.8;387.8;1
2004.06.16 10:04;388.3;388.3;388.3;388.3;1
2004.06.16 10:05;387.8;387.8;387.8;387.8;1
2004.06.16 10:06;387.8;387.8;387.6;387.8;5
2004.06.16 10:07;387.6;387.8;387.6;387.8;2
2004.06.16 10:08;388.1;388.1;388.1;388.1;1
2004.06.16 10:09;387.6;387.6;387.6;387.6;1
2004.06.16 10:10;387.6;387.6;387.6;387.6;1
2004.06.16 10:12;387.6;387.6;387.6;387.6;1
2004.06.16 10:13;388;388;387.6;387.6;2
2004.06.16 10:15;387.8;387.8;387.8;387.8;1
2004.06.16 10:16;387.3;388.1;387.3;388.1;2
2004.06.16 10:17;388;388;387.8;387.8;2
2004.06.16 10:24;387.3;387.5;387.3;387.5;2
2004.06.16 10:26;387.3;387.5;387.3;387.5;2
2004.06.16 10:28;387.3;387.5;387.3;387.5;2
2004.06.16 10:30;387.8;387.8;387.8;387.8;1
2004.06.16 10:31;387.3;387.3;387.3;387.3;1
2004.06.16 10:35;387.3;387.3;387.3;387.3;1
2004.06.16 10:36;388.1;388.1;388.1;388.1;1
2004.06.16 10:37;387.3;387.3;387.3;387.3;1
2004.06.16 10:38;387.3;387.3;387.3;387.3;1
2004.06.16 10:40;387.3;387.3;387.3;387.3;1
2004.06.16 10:41;387.3;387.3;387.3;387.3;1
2004.06.16 10:45;387.3;387.3;387.3;387.3;1
2004.06.16 10:46;387.8;387.8;387.6;387.8;3
2004.06.16 10:47;387.1;387.3;387.1;387.3;2
2004.06.16 10:48;387.1;387.6;387.1;387.6;4
2004.06.16 10:50;387.3;387.3;387.3;387.3;1
2004.06.16 10:52;387.3;387.3;387.3;387.3;1
2004.06.16 10:53;387.3;387.3;387.3;387.3;1
2004.06.16 10:55;386.8;387.5;386.8;387.5;3
2004.06.16 10:57;386.8;386.8;386.8;386.8;1
2004.06.16 10:59;387.3;387.3;387.1;387.1;2
2004.06.16 11:01;386.8;386.8;386.8;386.8;1
2004.06.16 11:02;387.3;387.3;387.1;387.3;3
2004.06.16 11:04;386.6;386.6;386.6;386.6;1
2004.06.16 11:05;386.6;387.1;386.6;387.1;3
2004.06.16 11:06;386.8;387;386.8;387;2
2004.06.16 11:07;387.1;387.1;387.1;387.1;1
2004.06.16 11:08;387.1;387.1;387.1;387.1;1
2004.06.16 11:09;386.6;386.6;386.6;386.6;1
2004.06.16 11:11;386.6;386.6;386.6;386.6;1
2004.06.16 11:12;386.6;386.6;386.6;386.6;1
2004.06.16 11:16;386.6;386.6;386.6;386.6;1
2004.06.16 11:17;386.8;387.1;386.8;387.1;2
2004.06.16 11:18;386.6;386.6;386.6;386.6;1
2004.06.16 11:19;386.8;386.8;386.6;386.6;3
2004.06.16 11:20;386.8;386.8;386.8;386.8;1
2004.06.16 11:22;386.6;387.3;386.6;387.3;2
2004.06.16 11:23;386.8;386.8;386.8;386.8;1
2004.06.16 11:24;386.6;386.8;386.6;386.8;2
2004.06.16 11:27;386.8;386.8;386.8;386.8;1
2004.06.16 11:29;387.1;387.1;387.1;387.1;1
2004.06.16 11:31;386.8;387.3;386.8;387.3;2
2004.06.16 11:32;387;387;387;387;1
2004.06.16 11:33;387.1;387.1;386.8;387;4
2004.06.16 11:35;387.1;387.1;386.8;386.8;3
2004.06.16 11:36;387;387;386.8;386.8;4
2004.06.16 11:39;386.8;386.8;386.8;386.8;1
2004.06.16 11:40;386.8;387.1;386.8;387.1;2
2004.06.16 11:41;387.3;387.3;387.1;387.1;2
2004.06.16 11:42;386.8;386.8;386.8;386.8;1
2004.06.16 11:44;386.8;386.8;386.8;386.8;1
2004.06.16 11:47;386.8;386.8;386.8;386.8;1
2004.06.16 11:48;386.8;387.1;386.8;387.1;2
2004.06.16 11:49;386.8;386.8;386.8;386.8;1
2004.06.16 11:50;387.1;387.1;387.1;387.1;1
2004.06.16 11:51;387.1;387.1;387.1;387.1;1
2004.06.16 11:53;386.6;386.6;386.6;386.6;1
2004.06.16 11:54;387.3;387.3;387.3;387.3;1
2004.06.16 11:57;387.3;387.3;387.3;387.3;1
2004.06.16 12:02;386.6;387.3;386.6;387.1;3
2004.06.16 12:03;387.3;387.3;387.3;387.3;1
2004.06.16 12:06;386.8;386.8;386.8;386.8;1
2004.06.16 12:09;387.1;387.1;387.1;387.1;1
2004.06.16 12:12;386.6;387;386.5;386.8;4
2004.06.16 12:13;386.8;386.8;386.8;386.8;1
2004.06.16 12:14;386.6;386.8;386.6;386.8;5
2004.06.16 12:16;386.3;386.3;386.3;386.3;1
2004.06.16 12:18;386.8;386.8;386.8;386.8;1
2004.06.16 12:19;386.8;386.8;386.5;386.5;2
2004.06.16 12:20;386.3;386.6;386.3;386.6;4
2004.06.16 12:21;386.6;386.6;386.3;386.6;4
2004.06.16 12:22;386;386;386;386;1
2004.06.16 12:24;386;386;386;386;1
2004.06.16 12:26;386.5;386.5;386.5;386.5;1
2004.06.16 12:32;386.5;386.5;386.5;386.5;1
2004.06.16 12:33;386.3;386.3;386.3;386.3;1
2004.06.16 12:34;386.1;386.1;386.1;386.1;1
2004.06.16 12:35;386;386;386;386;1
2004.06.16 12:36;385.8;386;385.8;385.8;3
2004.06.16 12:39;385.8;386;385.8;385.8;3
2004.06.16 12:41;385.8;385.8;385.8;385.8;1
2004.06.16 12:44;386.1;386.1;386.1;386.1;1
2004.06.16 12:45;386.3;386.3;386.3;386.3;1
2004.06.16 12:57;385.8;385.8;385.8;385.8;1
2004.06.16 12:59;385.8;386;385.6;386;4
2004.06.16 13:01;385.6;386.3;385.5;386.1;4
2004.06.16 13:02;385.5;385.5;385.5;385.5;1
2004.06.16 13:05;385.5;385.5;385.5;385.5;1
2004.06.16 13:06;385.3;385.5;385.3;385.5;2
2004.06.16 13:08;385.3;385.3;385.3;385.3;1
2004.06.16 13:13;385.3;385.5;385.3;385.5;2
2004.06.16 13:15;385.8;385.8;385.8;385.8;1
2004.06.16 13:19;385.3;385.3;385.3;385.3;1
2004.06.16 13:20;385.5;385.5;385.3;385.5;3
2004.06.16 13:21;385.3;385.5;385.3;385.5;2
2004.06.16 13:23;386.1;386.1;385.8;385.8;3
2004.06.16 13:24;385.3;385.3;385.3;385.3;1
2004.06.16 13:25;385.3;385.3;385.3;385.3;1
2004.06.16 13:26;385.3;385.3;385.3;385.3;1
2004.06.16 13:28;385.3;385.6;385.3;385.6;2
2004.06.16 13:30;385.8;385.8;385.8;385.8;1
2004.06.16 13:31;385.1;385.1;385.1;385.1;1
2004.06.16 13:34;385.1;385.3;385.1;385.3;3
2004.06.16 13:36;385.3;385.3;385.3;385.3;1
2004.06.16 13:37;385.3;385.3;385.3;385.3;1
2004.06.16 13:38;385.3;385.3;385.3;385.3;1
2004.06.16 13:40;385.3;385.3;385.3;385.3;1
2004.06.16 13:42;385.6;385.6;385.6;385.6;1
2004.06.16 13:46;385.6;385.6;385.6;385.6;1
2004.06.16 13:48;385.1;385.8;385.1;385.8;2
2004.06.16 13:52;385.8;385.8;385.8;385.8;1
2004.06.16 13:53;385.1;385.1;385.1;385.1;1
2004.06.16 14:03;386;386.1;386;386.1;2
2004.06.16 14:04;386;386;385.8;385.8;2
2004.06.16 14:05;386.1;386.1;386.1;386.1;1
2004.06.16 14:06;386.1;386.1;386;386;2
2004.06.16 14:12;385.8;385.8;385.8;385.8;1
2004.06.16 14:16;385.8;385.8;385.8;385.8;1
2004.06.16 14:20;384.8;385.1;384.8;384.8;9
2004.06.16 14:22;385.1;385.1;384.8;385.1;9
2004.06.16 14:23;385.1;385.3;385.1;385.3;7
2004.06.16 14:24;385.3;385.3;385.3;385.3;1
2004.06.16 14:25;385.5;385.5;385.5;385.5;1
2004.06.16 14:26;385.6;385.6;385.6;385.6;1
2004.06.16 14:27;385.6;385.6;385.3;385.6;5
2004.06.16 14:28;385.3;385.6;385.3;385.6;5
2004.06.16 14:29;385.5;385.8;385.5;385.8;4
2004.06.16 14:30;386;386.1;386;386.1;3
2004.06.16 14:31;385.8;385.8;385.8;385.8;1
2004.06.16 14:32;386;386;386;386;1
2004.06.16 14:33;386.3;386.3;386.1;386.1;4
2004.06.16 14:34;386.3;386.3;386.1;386.1;3
2004.06.16 14:35;386;386.1;386;386.1;2
2004.06.16 14:37;386;386;385.8;385.8;7
2004.06.16 14:38;385.8;386.1;385.8;386.1;4
2004.06.16 14:39;386;386.1;385.8;386;4
2004.06.16 14:40;385.8;385.8;385.8;385.8;1
2004.06.16 14:41;385.6;385.8;385.6;385.6;4
2004.06.16 14:42;385.6;385.8;385.6;385.8;3
2004.06.16 14:43;385.8;385.8;385.6;385.6;3
2004.06.16 14:44;385.6;385.6;385.6;385.6;1
2004.06.16 14:45;385.5;385.6;385.3;385.6;3
2004.06.16 14:46;385.5;385.6;385.5;385.6;6
2004.06.16 14:47;385.3;385.6;385.3;385.5;4
2004.06.16 14:48;385.6;385.6;385.3;385.3;7
2004.06.16 14:49;385.3;385.3;385.3;385.3;1
2004.06.16 14:51;385.5;385.6;385.3;385.3;4
2004.06.16 14:52;385.5;385.6;385.5;385.6;2
2004.06.16 14:53;385.5;385.5;385.5;385.5;1
2004.06.16 14:54;385.6;385.6;385.6;385.6;1
2004.06.16 14:55;385.5;385.5;385.3;385.3;2
2004.06.16 14:56;385.5;385.6;385.3;385.6;5
2004.06.16 14:58;385.3;385.3;385.3;385.3;1
2004.06.16 14:59;385.5;385.6;385.3;385.6;4
2004.06.16 15:02;385.5;385.6;385.5;385.6;4
2004.06.16 15:03;385.6;385.6;385.6;385.6;1
2004.06.16 15:04;385.3;385.3;385.3;385.3;1
2004.06.16 15:05;385.3;385.3;385.3;385.3;1
2004.06.16 15:06;385.3;385.3;385.3;385.3;1
2004.06.16 15:07;385.3;385.3;385.3;385.3;1
2004.06.16 15:08;385.3;385.3;385.3;385.3;1
2004.06.16 15:09;385.1;385.3;385.1;385.3;2
2004.06.16 15:10;385.1;385.1;385.1;385.1;1
2004.06.16 15:12;384.8;384.8;384.8;384.8;1
2004.06.16 15:13;385.1;385.1;385.1;385.1;1
2004.06.16 15:14;385.1;385.1;385.1;385.1;1
2004.06.16 15:15;384.8;385;384.8;385;7
2004.06.16 15:16;385.1;385.3;385.1;385.1;4
2004.06.16 15:17;385.1;385.5;385.1;385.5;3
2004.06.16 15:18;385.6;385.8;385.6;385.6;5
2004.06.16 15:19;385.3;385.3;385.1;385.3;6
2004.06.16 15:20;385.3;385.3;385.1;385.1;4
2004.06.16 15:21;385.1;385.3;385.1;385.3;8
2004.06.16 15:22;385.6;385.6;385.6;385.6;1
2004.06.16 15:24;385.6;385.6;385.6;385.6;1
2004.06.16 15:25;385.5;385.5;385.3;385.3;2
2004.06.16 15:26;385.3;385.3;385.3;385.3;1
2004.06.16 15:27;385.3;385.3;385.3;385.3;1
2004.06.16 15:29;385.3;385.6;385.3;385.5;4
2004.06.16 15:30;385.6;385.6;385.6;385.6;1
2004.06.16 15:31;385.3;385.3;385;385;5
2004.06.16 15:32;385.1;385.6;385.1;385.6;11
2004.06.16 15:33;385.1;385.3;385;385.1;12
2004.06.16 15:34;385.1;385.5;385;385.5;11
2004.06.16 15:35;385.6;385.6;385.3;385.6;5
2004.06.16 15:36;385.5;385.6;385.3;385.3;5
2004.06.16 15:37;384.8;385.3;384.8;385.1;10
2004.06.16 15:38;385.1;385.1;384.5;384.8;6
2004.06.16 15:39;385;385;384.6;384.6;15
2004.06.16 15:40;384.8;385.3;384.8;385.1;9
2004.06.16 15:41;385;385.1;385;385;3
2004.06.16 15:42;384.5;384.8;384.3;384.6;9
2004.06.16 15:43;384.3;385;384.3;384.8;3
2004.06.16 15:44;384.1;384.8;384.1;384.6;3
2004.06.16 15:45;384.3;384.8;384.1;384.1;4
2004.06.16 15:46;384.3;384.6;384;384.6;12
2004.06.16 15:47;384.1;384.1;384;384;4
2004.06.16 15:48;384.1;384.5;384.1;384.3;4
2004.06.16 15:49;384.5;384.6;384.3;384.6;6
2004.06.16 15:50;384.6;384.6;384.6;384.6;1
2004.06.16 15:51;384.5;384.6;384.5;384.6;4
2004.06.16 15:52;383.8;384.6;383.8;384.5;7
2004.06.16 15:53;384.6;384.6;384.3;384.3;3
2004.06.16 15:54;383.8;384.5;383.8;384.5;12
2004.06.16 15:55;384.3;384.6;384.3;384.5;5
2004.06.16 15:56;384;384.1;384;384.1;3
2004.06.16 15:57;384;384.6;384;384.5;7
2004.06.16 15:58;384.6;384.6;384.5;384.6;3
2004.06.16 15:59;384.3;384.6;384.3;384.6;2
2004.06.16 16:01;384.1;385;384.1;384.8;9
2004.06.16 16:02;384.3;384.8;384.3;384.8;6
2004.06.16 16:03;384.8;384.8;384.3;384.6;5
2004.06.16 16:04;384.8;384.8;384.6;384.6;2
2004.06.16 16:05;384.8;384.8;384.8;384.8;1
2004.06.16 16:06;384.1;384.6;384.1;384.1;6
2004.06.16 16:07;384.3;384.3;384.1;384.1;3
2004.06.16 16:08;384.1;384.3;384.1;384.1;3
2004.06.16 16:09;384.3;384.8;384.1;384.8;7
2004.06.16 16:10;384.6;384.8;384.6;384.8;4
2004.06.16 16:11;384.3;384.3;384.3;384.3;1
2004.06.16 16:12;384.8;384.8;384.6;384.6;2
2004.06.16 16:13;384.8;384.8;384.1;384.3;5
2004.06.16 16:14;384.8;384.8;384.8;384.8;1
2004.06.16 16:15;384.5;384.6;384.3;384.6;5
2004.06.16 16:16;384.3;385.1;384.3;385;7
2004.06.16 16:17;385.1;385.1;384.5;385.1;6
2004.06.16 16:18;384.8;384.8;384.5;384.5;3
2004.06.16 16:19;385;385.1;384.6;384.6;3
2004.06.16 16:20;385.1;385.1;385.1;385.1;1
2004.06.16 16:21;384.5;385;384.3;384.8;6
2004.06.16 16:22;384.8;384.8;384.3;384.3;3
2004.06.16 16:23;384.6;384.8;384.3;384.8;5
2004.06.16 16:24;384.5;384.8;384.1;384.1;7
2004.06.16 16:25;384.6;384.8;384.6;384.8;4
2004.06.16 16:26;384.8;384.8;384.3;384.3;3
2004.06.16 16:27;384.1;384.8;384.1;384.3;4
2004.06.16 16:28;384.6;384.8;384.6;384.8;3
2004.06.16 16:29;384.1;384.1;384.1;384.1;1
2004.06.16 16:30;384.6;384.6;384.1;384.6;7
2004.06.16 16:31;384.6;384.6;384.6;384.6;1
2004.06.16 16:32;384.1;384.1;384;384;2
2004.06.16 16:33;384.1;384.6;384.1;384.6;4
2004.06.16 16:34;384.6;384.6;384.1;384.1;3
2004.06.16 16:35;384.1;384.1;384.1;384.1;1
2004.06.16 16:36;384.1;384.3;383.8;383.8;9
2004.06.16 16:37;384.5;384.6;384.3;384.3;3
2004.06.16 16:38;383.8;384.3;383.6;384.1;10
2004.06.16 16:39;383.3;383.6;383.3;383.3;9
2004.06.16 16:40;383.6;383.6;383.5;383.5;2
2004.06.16 16:41;383.3;383.8;383.3;383.6;43
2004.06.16 16:42;383.6;384;383.5;383.6;20
2004.06.16 16:43;383.5;383.8;383.5;383.5;14
2004.06.16 16:44;383.6;383.8;383.5;383.6;15
2004.06.16 16:45;383.5;383.8;383.3;383.6;14
2004.06.16 16:46;383.6;383.6;383.3;383.5;8
2004.06.16 16:47;383.3;384.1;383.3;384.1;9
2004.06.16 16:48;384;384;383.6;383.6;4
2004.06.16 16:49;383.3;383.3;383.3;383.3;1
2004.06.16 16:50;383.3;383.6;383.1;383.6;6
2004.06.16 16:51;383.3;383.8;383.1;383.8;3
2004.06.16 16:52;383.1;383.3;383.1;383.3;9
2004.06.16 16:53;383.3;383.8;383.1;383.8;5
2004.06.16 16:54;383.3;383.8;383.3;383.8;4
2004.06.16 16:55;383.8;383.8;383.8;383.8;1
2004.06.16 16:56;383.5;383.8;383.1;383.8;8
2004.06.16 16:57;383.6;383.8;383.5;383.5;5
2004.06.16 16:58;383.1;383.1;383.1;383.1;1
2004.06.16 16:59;383.3;383.6;383.1;383.6;4
2004.06.16 17:01;383.1;383.5;382.8;383.3;10
2004.06.16 17:02;383.3;383.3;382.8;383;7
2004.06.16 17:03;383.3;383.3;382.6;382.6;5
2004.06.16 17:04;382.6;383.3;382.6;382.6;4
2004.06.16 17:06;382.8;383.3;382.6;383.1;22
2004.06.16 17:07;383.3;383.3;383.1;383.3;3
2004.06.16 17:08;383.5;383.5;383.1;383.3;4
2004.06.16 17:09;383;383.5;382.8;383.5;11
2004.06.16 17:10;383.3;383.3;382.6;382.6;5
2004.06.16 17:11;382.6;383.3;382.6;383.3;7
2004.06.16 17:12;383.1;383.3;383.1;383.3;3
2004.06.16 17:13;382.8;383.1;382.6;383.1;14
2004.06.16 17:14;383.1;383.1;382.6;383.1;7
2004.06.16 17:15;382.6;383.1;382.6;383.1;6
2004.06.16 17:16;383.1;383.1;382.6;382.6;4
2004.06.16 17:17;382.8;382.8;382.6;382.8;6
2004.06.16 17:18;382.6;383.1;382.6;383.1;6
2004.06.16 17:19;383.3;383.3;383.3;383.3;1
2004.06.16 17:20;382.8;383.3;382.8;383;8
2004.06.16 17:21;383;383.1;382.8;383.1;10
2004.06.16 17:22;383.3;383.6;383.1;383.6;5
2004.06.16 17:23;383.1;383.1;383;383;4
2004.06.16 17:24;383.1;383.5;383;383.5;7
2004.06.16 17:25;383.3;383.3;383;383.1;3
2004.06.16 17:26;383.6;383.6;383;383;2
2004.06.16 17:27;383.1;383.6;383.1;383.6;5
2004.06.16 17:28;383.8;383.8;383.3;383.3;4
2004.06.16 17:29;383.1;383.8;383.1;383.6;4
2004.06.16 17:30;383;383.3;382.8;383.3;3
2004.06.16 17:31;383.1;383.5;383.1;383.3;3
2004.06.16 17:32;382.8;383.3;382.6;383.1;8
2004.06.16 17:33;383;383.1;383;383.1;3
2004.06.16 17:34;382.6;383.1;382.6;383.1;6
2004.06.16 17:35;383;383.3;383;383.3;2
2004.06.16 17:36;383.1;383.6;383;383.6;8
2004.06.16 17:37;383.1;383.1;383.1;383.1;1
2004.06.16 17:38;383.3;383.6;383.1;383.3;5
2004.06.16 17:39;383.3;383.8;383.3;383.8;4
2004.06.16 17:40;383.6;383.6;383.6;383.6;1
2004.06.16 17:41;383.8;383.8;383.3;383.3;2
2004.06.16 17:42;383.1;383.6;383.1;383.6;4
2004.06.16 17:43;383.3;383.6;382.8;382.8;6
2004.06.16 17:44;382.8;383.1;382.8;383.1;2
2004.06.16 17:45;383;383.5;383;383.3;3
2004.06.16 17:46;382.8;383;382.8;382.8;6
2004.06.16 17:47;383;383.5;382.8;383.3;6
2004.06.16 17:48;382.8;383;382.8;383;2
2004.06.16 17:49;383.1;383.6;383.1;383.6;6
2004.06.16 17:50;383.3;383.3;383.3;383.3;1
2004.06.16 17:51;383.3;383.8;383.3;383.8;5
2004.06.16 17:52;383.8;383.8;383.5;383.8;3
2004.06.16 17:53;383.3;383.8;383.3;383.8;3
2004.06.16 17:54;383.8;383.8;383.6;383.8;6
2004.06.16 17:55;383.8;384.3;383.6;384.3;8
2004.06.16 17:56;383.8;384.3;383.8;384.3;2
2004.06.16 17:57;384;384.3;384;384.3;3
2004.06.16 17:58;384.5;384.5;384.1;384.1;8
2004.06.16 17:59;383.6;384.3;383.6;384.3;2
2004.06.16 18:01;383.6;384.1;383.6;383.8;15
2004.06.16 18:02;383.6;384.1;383.5;384;7
2004.06.16 18:03;383.8;383.8;383.5;383.5;3
2004.06.16 18:04;383.3;383.6;383.3;383.6;10
2004.06.16 18:05;383.6;383.6;383.5;383.6;9
2004.06.16 18:06;384.1;384.1;384;384;2
2004.06.16 18:07;383.6;384.1;383.6;384;4
2004.06.16 18:08;383.3;383.8;383.3;383.8;2
2004.06.16 18:09;383.8;383.8;383.3;383.6;4
2004.06.16 18:10;383.5;383.5;383.3;383.3;2
2004.06.16 18:11;383.3;383.8;383.3;383.6;4
2004.06.16 18:12;383.8;383.8;383.6;383.6;4
2004.06.16 18:13;383.3;383.8;383.1;383.6;5
2004.06.16 18:14;383.3;383.6;383.3;383.6;3
2004.06.16 18:15;383.3;383.8;383.3;383.8;3
2004.06.16 18:16;384.1;384.1;383.5;384;4
2004.06.16 18:17;383.6;384;383.6;384;3
2004.06.16 18:18;384.1;384.1;383.6;383.8;6
2004.06.16 18:19;384;384;383.8;383.8;2
2004.06.16 18:20;383.3;383.6;383.3;383.6;4
2004.06.16 18:21;383.1;383.8;383.1;383.8;3
2004.06.16 18:22;383.6;383.6;383.6;383.6;1
2004.06.16 18:23;383.8;383.8;383.3;383.8;5
2004.06.16 18:24;383.3;383.3;383.3;383.3;1
2004.06.16 18:25;383.5;383.8;383.3;383.8;3
2004.06.16 18:26;383.3;383.6;383.3;383.6;2
2004.06.16 18:27;383.8;383.8;383.1;383.1;4
2004.06.16 18:28;383.1;383.5;382.8;383.3;7
2004.06.16 18:29;382.8;383.1;382.8;383;9
2004.06.16 18:30;383.1;383.1;383;383;2
2004.06.16 18:31;383.1;383.6;383.1;383.6;3
2004.06.16 18:32;383;383.6;383;383.6;4
2004.06.16 18:33;383.1;383.3;383;383.3;5
2004.06.16 18:35;383.6;383.6;383.6;383.6;1
2004.06.16 18:37;383.1;383.6;383.1;383.6;4
2004.06.16 18:38;383.3;383.3;383.1;383.1;2
2004.06.16 18:40;383.3;383.6;383.3;383.6;3
2004.06.16 18:43;383.1;383.3;383.1;383.3;2
2004.06.16 18:44;383.3;383.8;383.3;383.6;4
2004.06.16 18:47;383.5;383.8;383.3;383.8;4
2004.06.16 18:48;383.3;383.6;383.3;383.6;3
2004.06.16 18:49;383.1;383.1;383.1;383.1;1
2004.06.16 18:50;383.3;383.3;383.3;383.3;1
2004.06.16 18:51;383.6;384;383.6;383.6;5
2004.06.16 18:52;384.1;384.1;383.8;383.8;4
2004.06.16 18:53;383.3;383.5;383.3;383.3;3
2004.06.16 18:54;383.3;383.6;383.3;383.5;5
2004.06.16 18:55;383.3;383.8;383.3;383.8;4
2004.06.16 18:56;383.6;384;383.6;383.8;3
2004.06.16 18:57;383.5;384.1;383.5;384.1;3
2004.06.16 18:58;383.6;384.1;383.5;383.8;7
2004.06.16 18:59;383.8;384;383.8;383.8;6
2004.06.16 19:01;383.6;384.3;383.6;383.6;5
2004.06.16 19:02;383.6;384;383.5;384;4
2004.06.16 19:03;383.6;383.8;383.6;383.8;4
2004.06.16 19:04;384.1;384.1;384.1;384.1;1
2004.06.16 19:05;383.8;384.3;383.8;384.3;4
2004.06.16 19:06;383.8;383.8;383.8;383.8;1
2004.06.16 19:07;383.8;384.5;383.8;384.3;7
2004.06.16 19:08;384.1;384.3;383.8;384.3;6
2004.06.16 19:09;383.8;383.8;383.8;383.8;1
2004.06.16 19:10;384;384;384;384;1
2004.06.16 19:11;383.8;384.3;383.6;384.1;7
2004.06.16 19:12;383.8;384.3;383.8;383.8;3
2004.06.16 19:13;384;384.3;383.8;384.3;5
2004.06.16 19:14;383.8;383.8;383.8;383.8;1
2004.06.16 19:15;383.8;384.3;383.8;383.8;6
2004.06.16 19:16;384.3;384.3;384.1;384.1;2
2004.06.16 19:17;384.1;384.3;384.1;384.3;6
2004.06.16 19:18;384.3;384.3;384.3;384.3;1
2004.06.16 19:19;383.8;384.3;383.8;384.3;5
2004.06.16 19:20;383.8;384.1;383.8;384.1;3
2004.06.16 19:21;383.8;384.3;383.8;383.8;4
2004.06.16 19:22;384.3;384.3;383.6;383.6;6
2004.06.16 19:23;384.1;384.3;384.1;384.3;7
2004.06.16 19:24;384.1;384.1;383.6;383.6;2
2004.06.16 19:25;383.8;384.3;383.6;384.1;8
2004.06.16 19:26;384.3;384.3;383.8;384.3;5
2004.06.16 19:27;384;384.5;384;384.3;8
2004.06.16 19:28;384.3;384.6;384;384.5;6
2004.06.16 19:29;384.3;384.3;384;384.1;8
2004.06.16 19:31;384.3;384.3;384.1;384.1;2
2004.06.16 19:32;384.1;384.1;384.1;384.1;1
2004.06.16 19:35;383.6;384.3;383.6;384.1;8
2004.06.16 19:36;384.3;384.3;383.8;384;3
2004.06.16 19:37;383.8;384.3;383.8;384.3;2
2004.06.16 19:38;383.8;384.1;383.8;384.1;2
2004.06.16 19:39;384.3;384.3;384.3;384.3;1
2004.06.16 19:40;384.1;384.1;384.1;384.1;1
2004.06.16 19:41;384.3;384.3;384.3;384.3;1
2004.06.16 19:42;383.8;383.8;383.8;383.8;1
2004.06.16 19:43;383.8;384.1;383.8;384.1;2
2004.06.16 19:44;383.6;383.8;383.6;383.8;2
2004.06.16 19:45;383.6;383.8;383.6;383.8;2
2004.06.16 19:50;383.8;383.8;383.8;383.8;1
2004.06.16 19:52;384.1;384.1;384.1;384.1;1
2004.06.16 19:54;383.8;383.8;383.8;383.8;1
2004.06.16 20:01;383.6;383.8;383.6;383.8;2
2004.06.16 20:04;384.1;384.1;384.1;384.1;1
2004.06.16 20:06;383.8;383.8;383.8;383.8;1
2004.06.16 20:08;383.6;383.6;383.6;383.6;1
2004.06.16 20:09;383.8;383.8;383.8;383.8;1
2004.06.16 20:10;383.8;383.8;383.8;383.8;1
2004.06.16 20:14;383.6;383.6;383.6;383.6;1
2004.06.16 20:15;383.8;383.8;383.8;383.8;1
2004.06.16 20:17;383.6;384.1;383.6;384.1;3
2004.06.16 20:18;383.8;383.8;383.8;383.8;1
2004.06.16 20:19;383.6;383.8;383.6;383.8;2
2004.06.16 20:20;383.6;383.6;383.6;383.6;1
2004.06.16 20:21;384.3;384.3;384.3;384.3;1
2004.06.16 20:22;384.1;384.1;384.1;384.1;1
2004.06.16 20:23;383.6;383.8;383.6;383.8;2
2004.06.16 20:24;383.6;383.6;383.6;383.6;1
2004.06.16 20:25;383.8;383.8;383.8;383.8;1
2004.06.16 20:26;383.6;383.6;383.6;383.6;1
2004.06.16 20:27;383.8;383.8;383.8;383.8;1
2004.06.16 20:28;384.3;384.3;384.3;384.3;1
2004.06.16 20:29;384.1;384.1;384.1;384.1;1
2004.06.16 20:30;383.8;383.8;383.8;383.8;1
2004.06.16 20:31;383.8;383.8;383.8;383.8;1
2004.06.16 20:34;384.1;384.1;384.1;384.1;1
2004.06.16 20:35;383.8;383.8;383.6;383.6;2
2004.06.16 20:36;383.8;383.8;383.8;383.8;1
2004.06.16 20:37;383.6;383.6;383.6;383.6;1
2004.06.16 20:38;384.3;384.3;384.3;384.3;1
2004.06.16 20:43;383.6;383.6;383.6;383.6;1
2004.06.16 20:44;383.8;383.8;383.6;383.8;3
2004.06.16 20:46;383.6;383.8;383.6;383.6;3
2004.06.16 20:47;383.8;384.3;383.8;384.3;2
2004.06.16 20:48;384.3;384.3;383.8;383.8;2
2004.06.16 20:49;383.6;383.6;383.6;383.6;1
2004.06.16 20:53;383.8;383.8;383.8;383.8;1
2004.06.16 20:55;384.3;384.3;384.3;384.3;1
2004.06.16 20:56;384.3;384.3;384.3;384.3;1
2004.06.16 20:57;383.8;383.8;383.8;383.8;1
2004.06.16 20:58;384.3;384.3;383.8;383.8;2
2004.06.16 21:01;383.6;383.8;383.6;383.8;4
2004.06.16 21:02;383.6;383.6;383.6;383.6;1
2004.06.16 21:03;384.3;384.3;384.3;384.3;1
2004.06.16 21:04;383.8;383.8;383.8;383.8;1
2004.06.16 21:05;383.6;383.6;383.6;383.6;1
2004.06.16 21:06;384.3;384.3;384.3;384.3;1
2004.06.16 21:07;383.8;383.8;383.8;383.8;1
2004.06.16 21:08;383.6;383.8;383.6;383.8;2
2004.06.16 21:12;383.6;383.6;383.6;383.6;1
2004.06.16 21:14;383.8;383.8;383.8;383.8;1
2004.06.16 21:16;383.6;383.6;383.6;383.6;1
2004.06.16 21:17;383.8;383.8;383.8;383.8;1
2004.06.16 21:18;383.6;383.8;383.6;383.8;2
2004.06.16 21:23;383.6;383.6;383.6;383.6;1
2004.06.16 21:26;383.8;383.8;383.8;383.8;1
2004.06.16 21:27;383.6;383.8;383.6;383.8;2
2004.06.16 21:28;383.6;383.8;383.6;383.8;2
2004.06.16 21:31;383.6;383.8;383.6;383.8;2
2004.06.16 21:37;383.6;383.8;383.6;383.8;2
2004.06.16 21:39;383.6;383.6;383.6;383.6;1
2004.06.16 21:42;383.8;383.8;383.8;383.8;1
2004.06.16 21:44;383.6;383.6;383.6;383.6;1
2004.06.16 21:45;383.8;383.8;383.8;383.8;1
2004.06.16 21:48;383.6;383.6;383.6;383.6;1
2004.06.16 21:49;383.8;383.8;383.8;383.8;1
2004.06.16 21:51;383.6;383.6;383.6;383.6;1
2004.06.16 21:53;383.8;383.8;383.8;383.8;1
2004.06.16 21:54;383.6;383.8;383.6;383.8;2
2004.06.16 21:55;383.6;383.8;383.6;383.6;3
2004.06.16 21:56;383.8;383.8;383.8;383.8;1
2004.06.16 22:17;384.3;384.3;383.8;383.8;2
2004.06.16 22:18;384.3;384.3;384.3;384.3;1
2004.06.16 22:19;384.3;384.3;384.3;384.3;1
2004.06.16 22:26;383.8;383.8;383.8;383.8;1
2004.06.16 22:33;384.1;384.1;384.1;384.1;1
2004.06.16 22:37;384.6;384.6;384.6;384.6;1
2004.06.16 22:38;384.1;384.3;384.1;384.3;2
2004.06.16 22:42;384.1;384.1;384.1;384.1;1
2004.06.16 22:55;383.6;383.8;383.6;383.8;2
2004.06.16 22:59;383.6;383.6;383.6;383.6;1
2004.06.16 23:00;383.8;383.8;383.8;383.8;1
2004.06.16 23:15;383.6;383.6;383.6;383.6;1
2004.06.16 23:16;383.8;383.8;383.8;383.8;1
2004.06.16 23:22;384.3;384.3;384.3;384.3;1
2004.06.16 23:26;384.1;384.1;384.1;384.1;1
2004.06.16 23:29;384.3;384.3;384.3;384.3;1
2004.06.16 23:38;383.6;383.8;383.6;383.8;2
2004.06.16 23:42;383.8;383.8;383.8;383.8;1
2004.06.16 23:44;383.8;383.8;383.8;383.8;1
2004.06.17 01:32;383.6;383.6;383.6;383.6;1
2004.06.17 01:33;383.8;383.8;383.8;383.8;1
2004.06.17 01:42;383.6;383.6;383.6;383.6;1
2004.06.17 01:44;383.8;383.8;383.8;383.8;1
2004.06.17 01:54;384.3;384.3;384.3;384.3;1
2004.06.17 01:59;384.6;384.6;384.6;384.6;1
2004.06.17 02:01;383.6;383.6;383.6;383.6;1
2004.06.17 02:02;383.8;383.8;383.8;383.8;1
2004.06.17 02:04;383.6;383.6;383.6;383.6;1
2004.06.17 02:05;384.1;384.6;383.8;384.6;9
2004.06.17 02:06;383.6;384.3;383.6;384.3;4
2004.06.17 02:07;384.3;384.3;384.3;384.3;1
2004.06.17 02:09;383.6;383.8;383.6;383.8;2
2004.06.17 02:12;383.6;383.8;383.6;383.8;2
2004.06.17 02:13;384.3;384.3;384.3;384.3;1
2004.06.17 02:16;384.1;384.1;384.1;384.1;1
2004.06.17 02:17;384;384;383.8;383.8;2
2004.06.17 02:18;384.3;384.3;384.3;384.3;1
2004.06.17 02:20;383.8;384;383.8;383.8;3
2004.06.17 02:22;384.1;384.1;384;384;3
2004.06.17 02:23;384.1;384.1;384.1;384.1;1
2004.06.17 02:24;384;384;384;384;1
2004.06.17 02:30;383.8;383.8;383.6;383.6;2
2004.06.17 02:31;384.1;384.1;384.1;384.1;1
2004.06.17 02:32;384.3;384.3;384;384;4
2004.06.17 02:33;383.6;383.6;383.6;383.6;1
2004.06.17 02:34;383.6;384.1;383.6;384.1;2
2004.06.17 02:37;383.6;383.6;383.5;383.5;3
2004.06.17 02:38;383.6;383.6;383.6;383.6;1
2004.06.17 02:39;383.6;384.1;383.6;384.1;4
2004.06.17 02:41;383.6;383.6;383.6;383.6;1
2004.06.17 02:42;383.6;383.6;383.6;383.6;1
2004.06.17 02:45;383.6;383.6;383.6;383.6;1
2004.06.17 02:46;383.6;383.6;383.6;383.6;1
2004.06.17 02:47;383.6;383.6;383.6;383.6;1
2004.06.17 02:48;383.5;383.6;383.5;383.6;2
2004.06.17 02:50;383.6;383.6;383.6;383.6;1
2004.06.17 02:52;383.5;383.8;383.5;383.8;2
2004.06.17 02:55;383.5;383.5;383.3;383.3;4
2004.06.17 02:58;383.3;383.8;383.3;383.8;3
2004.06.17 03:02;383.3;383.6;383.3;383.6;2
2004.06.17 03:03;383.1;383.3;383;383.3;3
2004.06.17 03:04;383.1;383.1;383.1;383.1;1
2004.06.17 03:05;383.3;383.5;383.1;383.3;6
2004.06.17 03:06;383.3;383.3;383.1;383.1;2
2004.06.17 03:09;383.3;383.3;383.3;383.3;1
2004.06.17 03:14;383.5;383.5;383.3;383.3;2
2004.06.17 03:15;383.1;383.1;383.1;383.1;1
2004.06.17 03:18;383;383.5;383;383.5;3
2004.06.17 03:19;383.6;383.6;383.6;383.6;1
2004.06.17 03:28;383.1;383.6;383.1;383.6;3
2004.06.17 03:29;383.1;383.1;383.1;383.1;1
2004.06.17 03:39;383.6;383.6;383.6;383.6;1
2004.06.17 03:46;383.8;383.8;383.8;383.8;1
2004.06.17 03:50;383.3;383.6;383.3;383.6;2
2004.06.17 03:55;383.8;383.8;383.6;383.6;2
2004.06.17 03:58;383.1;383.1;383.1;383.1;1
2004.06.17 04:00;383.1;383.1;383.1;383.1;1
2004.06.17 04:01;383.3;383.6;383.3;383.6;3
2004.06.17 04:02;383.3;383.5;383.3;383.3;3
2004.06.17 04:04;383;383.1;383;383.1;2
2004.06.17 04:05;383.5;383.5;383.5;383.5;1
2004.06.17 04:07;383;383.1;383;383.1;2
2004.06.17 04:08;383.3;383.5;383.3;383.5;2
2004.06.17 04:09;383.3;383.3;383.3;383.3;1
2004.06.17 04:10;383;383;383;383;1
2004.06.17 04:15;383.1;383.1;383.1;383.1;1
2004.06.17 04:16;383.5;383.5;383.3;383.3;2
2004.06.17 04:21;383.1;383.6;383.1;383.3;3
2004.06.17 04:23;383.3;383.3;383.3;383.3;1
2004.06.17 04:24;383;383.1;383;383.1;3
2004.06.17 04:25;383.1;383.1;383.1;383.1;1
2004.06.17 04:28;383.6;383.6;383.6;383.6;1
2004.06.17 04:29;383.1;383.1;383.1;383.1;1
2004.06.17 04:31;383.3;383.3;383.3;383.3;1
2004.06.17 04:32;383.3;383.3;383.1;383.3;4
2004.06.17 04:33;383.1;383.5;383.1;383.5;4
2004.06.17 04:36;383.1;383.1;383.1;383.1;1
2004.06.17 04:40;383.3;383.3;383.3;383.3;1
2004.06.17 04:44;383.1;383.1;383.1;383.1;1
2004.06.17 04:46;383.1;383.1;383.1;383.1;1
2004.06.17 04:47;383.1;383.1;383.1;383.1;1
2004.06.17 04:48;383.1;383.1;383.1;383.1;1
2004.06.17 04:50;383.1;383.1;383.1;383.1;1
2004.06.17 04:51;383.1;383.1;383.1;383.1;1
2004.06.17 04:54;383.1;383.6;383.1;383.6;2
2004.06.17 04:57;383.6;383.6;383.6;383.6;1
2004.06.17 04:58;383.1;383.3;383.1;383.3;5
2004.06.17 05:00;383.1;383.3;383.1;383.3;2
2004.06.17 05:02;383.1;383.5;383.1;383.5;4
2004.06.17 05:03;383.6;383.6;383.6;383.6;1
2004.06.17 05:06;383.1;383.1;383.1;383.1;1
2004.06.17 05:08;383.1;383.1;383.1;383.1;1
2004.06.17 05:09;383.1;383.1;383.1;383.1;1
2004.06.17 05:10;383.1;383.1;383.1;383.1;1
2004.06.17 05:12;383.1;383.8;383.1;383.6;6
2004.06.17 05:37;383.3;383.3;383.3;383.3;1
2004.06.17 05:48;383.3;383.3;383.3;383.3;1
2004.06.17 06:03;383.1;383.3;383.1;383.1;4
2004.06.17 06:04;383.1;383.6;383.1;383.6;2
2004.06.17 06:12;383.3;383.6;383.1;383.1;3
2004.06.17 06:13;383.3;383.3;383.3;383.3;1
2004.06.17 06:16;383.6;383.6;383.6;383.6;1
2004.06.17 06:20;384.3;384.3;384.3;384.3;1
2004.06.17 06:22;383.1;383.3;383.1;383.3;3
2004.06.17 06:23;383.5;383.5;383.5;383.5;1
2004.06.17 06:25;383.8;383.8;383.8;383.8;1
2004.06.17 06:26;383.3;383.3;383.3;383.3;1
2004.06.17 06:27;383.6;383.6;383.6;383.6;1
2004.06.17 06:28;383.6;383.6;383.6;383.6;1
2004.06.17 06:30;383.3;383.3;383.3;383.3;1
2004.06.17 06:33;383.6;383.6;383.6;383.6;1
2004.06.17 06:35;383.8;383.8;383.8;383.8;1
2004.06.17 06:37;383.3;383.3;383.3;383.3;1
2004.06.17 06:38;383.8;383.8;383.8;383.8;1
2004.06.17 06:51;383.3;383.3;383.3;383.3;1
2004.06.17 06:57;383.3;383.3;383.3;383.3;1
2004.06.17 07:06;383.6;383.6;383.6;383.6;1
2004.06.17 07:09;383.3;383.6;383.3;383.6;3
2004.06.17 07:12;383.3;383.3;383.3;383.3;1
2004.06.17 07:14;383.8;383.8;383.8;383.8;1
2004.06.17 07:15;383.3;383.3;383.3;383.3;1
2004.06.17 07:16;383.3;383.3;383.3;383.3;1
2004.06.17 07:21;383.5;383.5;383.3;383.3;2
2004.06.17 07:25;383.3;383.3;383.3;383.3;1
2004.06.17 07:26;383.3;383.3;383.3;383.3;1
2004.06.17 07:27;383.3;383.3;383.3;383.3;1
2004.06.17 07:30;384;384;384;384;1
2004.06.17 07:32;383.8;383.8;383.8;383.8;1
2004.06.17 07:34;383.6;383.6;383.6;383.6;1
2004.06.17 07:37;383.5;383.5;383.5;383.5;1
2004.06.17 07:40;383.6;383.6;383.6;383.6;1
2004.06.17 07:42;384.1;384.1;384.1;384.1;1
2004.06.17 07:45;384.1;384.1;383.8;383.8;2
2004.06.17 07:46;383.8;383.8;383.6;383.8;3
2004.06.17 07:47;383.8;384;383.8;383.8;3
2004.06.17 07:48;384.1;384.3;384.1;384.3;2
2004.06.17 07:50;384;384;383.8;383.8;2
2004.06.17 07:51;383.8;383.8;383.8;383.8;1
2004.06.17 07:52;384.3;384.3;384.3;384.3;1
2004.06.17 07:57;384.3;384.3;384.3;384.3;1
2004.06.17 08:03;384;384;384;384;1
2004.06.17 08:05;384.3;384.3;384.3;384.3;1
2004.06.17 08:06;384;384;384;384;1
2004.06.17 08:07;384.5;384.5;384.5;384.5;1
2004.06.17 08:08;384;384;384;384;1
2004.06.17 08:09;384.1;384.1;384.1;384.1;1
2004.06.17 08:10;384.1;384.1;384.1;384.1;1
2004.06.17 08:12;384.1;384.1;384.1;384.1;1
2004.06.17 08:13;384.1;384.1;384.1;384.1;1
2004.06.17 08:14;384.1;384.3;384.1;384.3;2
2004.06.17 08:15;384.1;384.1;384.1;384.1;1
2004.06.17 08:16;384.1;384.1;384.1;384.1;1
2004.06.17 08:19;384.1;384.1;384.1;384.1;1
2004.06.17 08:20;384.1;384.1;384.1;384.1;1
2004.06.17 08:21;384.1;384.8;384.1;384.6;4
2004.06.17 08:23;384.3;384.3;384.3;384.3;1
2004.06.17 08:24;384.3;384.3;384.3;384.3;1
2004.06.17 08:27;384.3;384.3;384.3;384.3;1
2004.06.17 08:28;384.3;384.3;384.3;384.3;1
2004.06.17 08:34;384.3;384.3;384.3;384.3;1
2004.06.17 08:35;384.8;384.8;384.8;384.8;1
2004.06.17 08:37;384.6;384.6;384.6;384.6;1
2004.06.17 08:38;384.3;384.3;384.3;384.3;1
2004.06.17 08:39;384.3;384.3;384.3;384.3;1
2004.06.17 08:40;384.3;384.6;384.3;384.6;2
2004.06.17 08:41;384.6;384.6;384.6;384.6;1
2004.06.17 08:47;384.1;384.3;384.1;384.3;2
2004.06.17 08:50;384;384;384;384;1
2004.06.17 08:53;384.1;384.1;384;384.1;3
2004.06.17 08:55;384;384.6;384;384.6;3
2004.06.17 08:57;384.1;384.1;384;384.1;3
2004.06.17 08:58;384;384.1;384;384.1;2
2004.06.17 08:59;384;384.1;384;384.1;2
2004.06.17 09:00;384.1;384.1;384.1;384.1;1
2004.06.17 09:01;384.1;384.6;384;384.6;3
2004.06.17 09:02;384;384.3;384;384.1;4
2004.06.17 09:03;384.1;384.1;384.1;384.1;1
2004.06.17 09:06;384.1;384.1;384.1;384.1;1
2004.06.17 09:08;384.1;384.1;384.1;384.1;1
2004.06.17 09:09;384.1;384.1;384.1;384.1;1
2004.06.17 09:10;384.1;384.1;384.1;384.1;1
2004.06.17 09:11;384.1;384.1;384.1;384.1;1
2004.06.17 09:12;384.1;384.1;384.1;384.1;1
2004.06.17 09:15;384.8;384.8;384.8;384.8;1
2004.06.17 09:16;384.5;384.5;384.5;384.5;1
2004.06.17 09:17;384.3;384.5;384.3;384.5;2
2004.06.17 09:19;384.8;384.8;384.8;384.8;1
2004.06.17 09:21;385;385;384.8;384.8;2
2004.06.17 09:22;385;385.1;385;385.1;3
2004.06.17 09:23;385.1;385.1;385.1;385.1;1
2004.06.17 09:24;385.3;385.3;385.3;385.3;1
2004.06.17 09:25;385.3;385.5;385.3;385.5;2
2004.06.17 09:26;385;385.1;385;385.1;2
2004.06.17 09:28;385.3;385.3;385.3;385.3;1
2004.06.17 09:29;384.8;384.8;384.3;384.3;2
2004.06.17 09:30;385.1;385.6;385.1;385.6;7
2004.06.17 09:31;385.5;385.5;385;385;4
2004.06.17 09:32;385.1;385.3;384.8;385.3;3
2004.06.17 09:33;385.1;385.1;385.1;385.1;1
2004.06.17 09:34;384.8;385;384.8;384.8;3
2004.06.17 09:35;385;385.3;385;385.3;3
2004.06.17 09:36;385;385;385;385;1
2004.06.17 09:37;385.1;385.1;385;385;2
2004.06.17 09:38;385.1;385.1;385.1;385.1;1
2004.06.17 09:41;385.1;385.1;385.1;385.1;1
2004.06.17 09:42;385;385.3;385;385.3;3
2004.06.17 09:43;384.8;385.3;384.8;385.3;4
2004.06.17 09:44;384.8;385.1;384.8;385.1;3
2004.06.17 09:45;384.8;385.1;384.6;385.1;3
2004.06.17 09:46;384.6;384.6;384.6;384.6;1
2004.06.17 09:48;384.6;384.6;384.6;384.6;1
2004.06.17 09:49;384.6;384.8;384.6;384.8;2
2004.06.17 09:50;384.6;384.6;384.6;384.6;1
2004.06.17 09:54;385.1;385.1;385.1;385.1;1
2004.06.17 09:58;385.6;385.6;385.6;385.6;1
2004.06.17 09:59;385.3;385.3;385.1;385.1;2
2004.06.17 10:02;385.3;385.3;385.3;385.3;1
2004.06.17 10:07;385.6;385.6;385.6;385.6;1
2004.06.17 10:08;385.1;385.3;385.1;385.3;2
2004.06.17 10:09;385.8;385.8;385.8;385.8;1
2004.06.17 10:10;385.3;385.5;385.1;385.3;4
2004.06.17 10:11;385.1;385.6;385.1;385.3;5
2004.06.17 10:12;385.1;385.1;385.1;385.1;1
2004.06.17 10:16;385;385;385;385;1
2004.06.17 10:17;385.1;385.1;385.1;385.1;1
2004.06.17 10:18;384.8;384.8;384.8;384.8;1
2004.06.17 10:21;384.8;385;384.8;384.8;3
2004.06.17 10:22;385;385;385;385;1
2004.06.17 10:26;384.8;385;384.8;385;4
2004.06.17 10:27;384.8;385;384.8;384.8;3
2004.06.17 10:28;385;385;385;385;1
2004.06.17 10:29;384.8;385.1;384.8;385;3
2004.06.17 10:30;384.8;385.1;384.8;385;3
2004.06.17 10:31;385.1;385.3;385.1;385.3;2
2004.06.17 10:32;385;385;384.8;384.8;2
2004.06.17 10:33;385;385.3;384.8;385.3;3
2004.06.17 10:36;385.3;385.3;385.3;385.3;1
2004.06.17 10:40;384.8;384.8;384.8;384.8;1
2004.06.17 10:41;384.8;385.1;384.8;385.1;2
2004.06.17 10:44;385;385;384.8;384.8;2
2004.06.17 10:46;384.8;385.1;384.8;385.1;2
2004.06.17 10:47;384.6;384.6;384.6;384.6;1
2004.06.17 11:07;384.8;384.8;384.8;384.8;1
2004.06.17 11:08;384.8;384.8;384.8;384.8;1
2004.06.17 11:09;384.8;384.8;384.8;384.8;1
2004.06.17 11:12;384.8;384.8;384.8;384.8;1
2004.06.17 11:13;384.8;385.1;384.6;385.1;4
2004.06.17 11:14;385;385;385;385;1
2004.06.17 11:15;385.1;385.1;385.1;385.1;1
2004.06.17 11:16;385;385;385;385;1
2004.06.17 11:19;385.1;385.1;385.1;385.1;1
2004.06.17 11:20;385;385.1;385;385.1;2
2004.06.17 11:34;385.1;385.1;385.1;385.1;1
2004.06.17 11:37;385.5;385.5;385.5;385.5;1
2004.06.17 11:40;385.6;385.6;385.6;385.6;1
2004.06.17 11:46;385.3;385.3;385.3;385.3;1
2004.06.17 11:47;385.3;385.3;385.3;385.3;1
2004.06.17 11:48;385.6;385.6;385.6;385.6;1
2004.06.17 11:49;385.3;385.3;385.3;385.3;1
2004.06.17 11:52;385.6;385.6;385.6;385.6;1
2004.06.17 11:53;385.3;385.3;385.3;385.3;1
2004.06.17 11:54;385.6;385.6;385.6;385.6;1
2004.06.17 11:57;385.3;385.3;385.3;385.3;1
2004.06.17 11:58;385.3;385.5;385.3;385.5;2
2004.06.17 11:59;385.3;385.3;385.3;385.3;1
2004.06.17 12:06;385.8;385.8;385.8;385.8;1
2004.06.17 12:09;385.8;386.1;385.8;386.1;2
2004.06.17 12:10;386.1;386.1;386.1;386.1;1
2004.06.17 12:12;386.1;386.1;386.1;386.1;1
2004.06.17 12:13;385.8;385.8;385.8;385.8;1
2004.06.17 12:14;386.1;386.3;386.1;386.3;3
2004.06.17 12:15;386.1;386.3;386.1;386.3;2
2004.06.17 12:16;386.3;386.3;386.3;386.3;1
2004.06.17 12:19;386;386;386;386;1
2004.06.17 12:20;386.1;386.1;386.1;386.1;1
2004.06.17 12:21;386.3;386.3;386.3;386.3;1
2004.06.17 12:22;386.1;386.1;386.1;386.1;1
2004.06.17 12:23;386.1;386.3;386.1;386.3;2
2004.06.17 12:26;386.3;386.3;385.8;386.1;6
2004.06.17 12:27;386.1;386.1;386.1;386.1;1
2004.06.17 12:30;386.1;386.1;386.1;386.1;1
2004.06.17 12:40;386.3;386.3;385.8;386.3;3
2004.06.17 12:41;386.3;386.3;386.3;386.3;1
2004.06.17 12:42;386.1;386.1;386.1;386.1;1
2004.06.17 12:45;386.3;386.3;386.1;386.1;2
2004.06.17 12:46;386.3;386.3;386.3;386.3;1
2004.06.17 12:48;386.3;386.3;386.3;386.3;1
2004.06.17 12:49;386.6;386.8;386.6;386.8;2
2004.06.17 12:52;386.6;386.6;386.6;386.6;1
2004.06.17 12:57;386.5;386.5;386.3;386.3;2
2004.06.17 13:03;386.6;386.6;386.6;386.6;1
2004.06.17 13:06;386.6;386.6;386.6;386.6;1
2004.06.17 13:07;386.5;386.5;386.5;386.5;1
2004.06.17 13:08;386.8;386.8;386.8;386.8;1
2004.06.17 13:11;386.3;386.3;386.3;386.3;1
2004.06.17 13:14;386.6;386.6;386.6;386.6;1
2004.06.17 13:15;386.3;386.6;386.3;386.6;3
2004.06.17 13:16;386.6;386.6;386.6;386.6;1
2004.06.17 13:20;386.1;386.1;386.1;386.1;1
2004.06.17 13:21;386.6;386.6;386.6;386.6;1
2004.06.17 13:26;386.1;386.1;386.1;386.1;1
2004.06.17 13:29;386.1;386.1;386.1;386.1;1
2004.06.17 13:30;386;386.1;386;386.1;2
2004.06.17 13:34;386.1;386.1;386.1;386.1;1
2004.06.17 13:35;386.3;386.3;386.3;386.3;1
2004.06.17 13:37;386.1;386.1;386.1;386.1;1
2004.06.17 13:40;386.1;386.1;386.1;386.1;1
2004.06.17 13:44;386.1;386.1;386;386;2
2004.06.17 13:45;386.1;386.3;386.1;386.3;3
2004.06.17 13:47;386.1;386.1;386.1;386.1;1
2004.06.17 13:48;386.3;386.3;386.1;386.1;2
2004.06.17 13:49;386.5;386.5;386.5;386.5;1
2004.06.17 13:50;386.3;386.3;386.3;386.3;1
2004.06.17 13:53;386.6;386.6;386.6;386.6;1
2004.06.17 13:54;386.5;386.5;386.5;386.5;1
2004.06.17 13:59;386.6;386.6;386.6;386.6;1
2004.06.17 14:01;386.6;386.6;386.6;386.6;1
2004.06.17 14:03;386.8;386.8;386.8;386.8;1
2004.06.17 14:04;386.8;386.8;386.8;386.8;1
2004.06.17 14:09;386.6;386.6;386.6;386.6;1
2004.06.17 14:10;386.6;386.6;386.6;386.6;1
2004.06.17 14:15;386.3;386.3;386.3;386.3;1
2004.06.17 14:21;386.3;386.3;386.1;386.1;4
2004.06.17 14:22;386.1;386.6;386.1;386.5;5
2004.06.17 14:23;386.3;386.3;386;386.3;5
2004.06.17 14:24;386.5;386.6;386.3;386.5;10
2004.06.17 14:25;386.5;386.6;386.3;386.5;9
2004.06.17 14:26;386.6;386.6;386.3;386.5;5
2004.06.17 14:27;386.3;386.8;386.3;386.8;10
2004.06.17 14:28;387.1;387.1;386.6;386.8;5
2004.06.17 14:29;386.8;386.8;386.6;386.8;8
2004.06.17 14:30;387.1;387.1;386.1;386.6;13
2004.06.17 14:31;386.3;386.3;386.1;386.1;4
2004.06.17 14:32;386.1;386.3;386;386;4
2004.06.17 14:33;386.1;386.3;386.1;386.3;5
2004.06.17 14:34;386.1;386.3;386;386.3;7
2004.06.17 14:35;386.3;387;386.1;386.8;8
2004.06.17 14:36;386.3;387.1;386.3;387.1;5
2004.06.17 14:37;387;387;386.6;386.6;4
2004.06.17 14:38;386.6;387.1;386.6;387.1;9
2004.06.17 14:39;386.8;387.1;386.8;387.1;9
2004.06.17 14:40;387.1;387.6;387.1;387.3;12
2004.06.17 14:41;387.3;387.6;387.1;387.3;10
2004.06.17 14:42;387.3;387.6;387.3;387.6;4
2004.06.17 14:43;387.1;387.3;387;387.1;10
2004.06.17 14:44;387.1;387.5;387.1;387.5;4
2004.06.17 14:45;387.3;387.6;387.3;387.3;5
2004.06.17 14:46;387;387.3;386.8;387.1;5
2004.06.17 14:47;387.3;387.3;387;387;4
2004.06.17 14:48;386.6;386.8;386.5;386.8;8
2004.06.17 14:49;386.8;387.1;386.8;386.8;3
2004.06.17 14:50;387;387.1;386.6;386.8;6
2004.06.17 14:51;386.6;386.8;386.6;386.8;7
2004.06.17 14:52;386.8;386.8;386.6;386.6;6
2004.06.17 14:53;386.6;387;386.5;386.8;6
2004.06.17 14:54;386.3;386.5;386;386.3;11
2004.06.17 14:55;386.1;386.3;386.1;386.1;16
2004.06.17 14:56;386.5;386.6;386.5;386.6;2
2004.06.17 14:57;386.3;386.8;386.3;386.6;3
2004.06.17 14:58;386.6;386.8;386.6;386.8;2
2004.06.17 14:59;386.8;387.1;386.8;386.8;4
2004.06.17 15:01;386.6;387;386.3;386.5;9
2004.06.17 15:02;386.6;386.8;386.3;386.8;6
2004.06.17 15:03;386.3;387.1;386.3;387.1;4
2004.06.17 15:04;386.6;387.1;386.6;386.8;4
2004.06.17 15:05;387;387.3;387;387.1;5
2004.06.17 15:06;387.3;387.3;387.3;387.3;1
2004.06.17 15:07;387.1;387.1;387.1;387.1;1
2004.06.17 15:08;387.3;387.3;387.3;387.3;1
2004.06.17 15:09;387;387.1;386.8;387.1;7
2004.06.17 15:10;387.3;387.3;387.1;387.1;3
2004.06.17 15:11;387;387.1;386.8;386.8;5
2004.06.17 15:12;386.8;387.3;386.8;387.3;3
2004.06.17 15:13;386.8;387.1;386.8;387.1;2
2004.06.17 15:14;387.1;387.1;386.6;386.6;3
2004.06.17 15:15;386.8;386.8;386.6;386.6;4
2004.06.17 15:16;386.6;387.1;386.6;387.1;6
2004.06.17 15:17;387.1;387.1;386.8;386.8;3
2004.06.17 15:18;386.8;387.1;386.8;387.1;3
2004.06.17 15:19;387.3;387.3;387.1;387.3;3
2004.06.17 15:20;386.8;387.3;386.6;387.3;5
2004.06.17 15:21;387.1;387.3;386.8;387;10
2004.06.17 15:22;386.8;387.3;386.8;387.3;5
2004.06.17 15:23;386.8;387.3;386.8;387.3;4
2004.06.17 15:24;386.8;387.1;386.8;387.1;7
2004.06.17 15:25;387.1;387.1;386.8;386.8;2
2004.06.17 15:26;386.8;386.8;386.6;386.6;6
2004.06.17 15:27;386.6;386.8;386.6;386.8;4
2004.06.17 15:28;386.6;386.8;386.5;386.6;5
2004.06.17 15:29;386.5;387;386.5;386.8;3
2004.06.17 15:30;386.3;386.8;386.3;386.8;4
2004.06.17 15:31;386.8;386.8;386.8;386.8;1
2004.06.17 15:32;386.8;386.8;386.3;386.5;3
2004.06.17 15:33;386.3;386.8;386.3;386.6;4
2004.06.17 15:34;386.3;386.6;386.1;386.6;3
2004.06.17 15:35;386.1;386.6;386;386.5;6
2004.06.17 15:36;386;386.5;386;386.3;4
2004.06.17 15:37;386.5;386.5;386.1;386.5;4
2004.06.17 15:38;386.6;386.6;386.3;386.3;3
2004.06.17 15:39;386.1;386.5;386.1;386.3;5
2004.06.17 15:40;386.1;386.1;386.1;386.1;1
2004.06.17 15:41;386;386.6;386;386.6;5
2004.06.17 15:42;386.3;386.3;386.1;386.3;4
2004.06.17 15:43;386.1;386.6;386;386.6;8
2004.06.17 15:44;386.1;386.6;386.1;386.6;5
2004.06.17 15:45;386;386.3;386;386.3;3
2004.06.17 15:46;386.3;386.3;386.1;386.1;3
2004.06.17 15:47;386.1;386.3;386.1;386.1;8
2004.06.17 15:48;386;386;385.6;385.8;5
2004.06.17 15:49;385.8;386.1;385.6;385.6;4
2004.06.17 15:50;385.8;385.8;385.6;385.6;12
2004.06.17 15:51;385.8;385.8;385.6;385.6;8
2004.06.17 15:52;385.8;386.3;385.6;386.3;7
2004.06.17 15:53;386.3;386.3;386.1;386.1;4
2004.06.17 15:54;386.1;386.3;385.8;386.3;4
2004.06.17 15:55;385.8;386.5;385.8;386.5;4
2004.06.17 15:56;386.3;386.3;385.8;385.8;2
2004.06.17 15:57;385.8;386.1;385.8;386;4
2004.06.17 15:58;385.8;386.1;385.8;386.1;10
2004.06.17 15:59;386.1;386.6;386.1;386.6;5
2004.06.17 16:01;385.8;386.5;385.8;386;11
2004.06.17 16:02;386.3;386.3;385.8;386.3;12
2004.06.17 16:03;385.8;386.1;385.6;386;7
2004.06.17 16:04;386.1;386.1;385.5;385.8;4
2004.06.17 16:05;386.1;386.1;385.6;386;3
2004.06.17 16:06;385.8;386.1;385.6;386.1;4
2004.06.17 16:07;386.1;386.1;385.8;386;4
2004.06.17 16:08;385.8;386.1;385.6;385.8;7
2004.06.17 16:09;386.1;386.1;385.6;385.6;5
2004.06.17 16:10;385.5;386.1;385.5;386.1;6
2004.06.17 16:11;385.6;386;385.6;386;3
2004.06.17 16:12;385.8;386.1;385.6;385.6;7
2004.06.17 16:13;385.5;385.5;385.1;385.1;3
2004.06.17 16:14;385.5;385.5;385.3;385.3;2
2004.06.17 16:15;385.6;385.6;385;385.1;4
2004.06.17 16:16;384.8;385.3;384.6;384.8;7
2004.06.17 16:17;385;385.3;385;385.3;5
2004.06.17 16:18;385.1;385.1;384.8;384.8;3
2004.06.17 16:19;384.6;385.3;384.6;385.1;8
2004.06.17 16:20;384.6;385;384.5;385;4
2004.06.17 16:21;384.8;384.8;384.8;384.8;1
2004.06.17 16:22;384.3;384.6;384.3;384.6;9
2004.06.17 16:23;384.5;384.6;384.3;384.6;14
2004.06.17 16:24;384.8;384.8;384.8;384.8;1
2004.06.17 16:25;384.8;385;384.8;385;3
2004.06.17 16:26;385.1;385.1;385.1;385.1;1
2004.06.17 16:27;385.1;385.3;385.1;385.1;5
2004.06.17 16:28;385.1;385.1;384.6;384.6;2
2004.06.17 16:29;384.6;385.1;384.5;385.1;4
2004.06.17 16:30;384.6;384.8;384.6;384.6;4
2004.06.17 16:31;384.6;385.1;384.6;384.8;3
2004.06.17 16:32;384.5;384.5;384.3;384.3;2
2004.06.17 16:33;384.3;384.6;384.3;384.3;5
2004.06.17 16:34;384.6;384.6;384.5;384.5;4
2004.06.17 16:35;384.6;384.6;384.5;384.6;3
2004.06.17 16:36;384.5;385;384.5;385;3
2004.06.17 16:37;384.8;385.1;384.6;385.1;4
2004.06.17 16:38;385.3;385.3;385.1;385.1;2
2004.06.17 16:39;385.3;385.3;385.1;385.3;3
2004.06.17 16:40;385.1;385.3;385.1;385.3;2
2004.06.17 16:41;385.1;385.6;385.1;385.5;5
2004.06.17 16:42;385.6;385.6;385.3;385.3;2
2004.06.17 16:43;385.5;385.6;385.5;385.6;2
2004.06.17 16:46;385.5;385.5;385.3;385.3;2
2004.06.17 16:48;385.3;385.3;385.3;385.3;1
2004.06.17 16:49;385.3;385.3;385.1;385.1;2
2004.06.17 16:50;385.3;385.3;385.3;385.3;1
2004.06.17 16:52;385.3;385.6;385.3;385.6;4
2004.06.17 16:53;385.3;385.3;385.3;385.3;1
2004.06.17 16:54;385.1;385.3;385.1;385.3;2
2004.06.17 16:55;385.1;385.3;385.1;385.1;3
2004.06.17 16:56;385.1;385.1;385.1;385.1;1
2004.06.17 16:57;385.3;385.6;385.3;385.6;3
2004.06.17 16:58;385.8;386.1;385.8;386.1;3
2004.06.17 16:59;385.8;386.1;385.8;386.1;5
2004.06.17 17:01;386.3;386.3;386.1;386.1;3
2004.06.17 17:02;386;386.1;386;386.1;2
2004.06.17 17:05;386.5;386.6;386.5;386.5;3
2004.06.17 17:06;386.3;386.6;386.3;386.3;3
2004.06.17 17:07;386.6;386.6;386.6;386.6;1
2004.06.17 17:08;386.3;386.3;386.3;386.3;1
2004.06.17 17:09;386.3;386.3;386.3;386.3;1
2004.06.17 17:10;386.1;386.1;386.1;386.1;1
2004.06.17 17:12;386.1;386.1;386.1;386.1;1
2004.06.17 17:14;386.3;386.3;386.3;386.3;1
2004.06.17 17:15;386.3;386.3;386.3;386.3;1
2004.06.17 17:19;386.3;386.6;386.3;386.6;3
2004.06.17 17:21;386.3;386.6;386.3;386.6;2
2004.06.17 17:23;386.3;386.6;386.3;386.3;4
2004.06.17 17:25;386.6;386.6;386.6;386.6;1
2004.06.17 17:26;386.3;386.5;386.3;386.3;3
2004.06.17 17:28;386.5;386.5;386.5;386.5;1
2004.06.17 17:30;386.6;386.6;386.6;386.6;1
2004.06.17 17:32;386.3;386.3;386.3;386.3;1
2004.06.17 17:33;386.3;386.3;386.3;386.3;1
2004.06.17 17:36;386.3;386.3;386.1;386.1;2
2004.06.17 17:37;386.1;386.1;386.1;386.1;1
2004.06.17 17:38;386.3;386.3;386.3;386.3;1
2004.06.17 17:40;386.3;386.3;386.3;386.3;1
2004.06.17 17:41;386.3;386.3;386.1;386.1;3
2004.06.17 17:42;386.3;386.3;386.1;386.1;2
2004.06.17 17:43;386.3;386.3;386.3;386.3;1
2004.06.17 17:44;386.3;386.3;386.3;386.3;1
2004.06.17 17:47;386.3;386.5;386.3;386.5;3
2004.06.17 17:48;386.6;386.6;386.3;386.3;5
2004.06.17 17:51;386.3;386.3;386.3;386.3;1
2004.06.17 17:53;386.5;386.6;386.3;386.6;3
2004.06.17 17:57;386.6;386.6;386.6;386.6;1
2004.06.17 17:58;386.8;386.8;386.8;386.8;1
2004.06.17 18:01;386.6;386.6;386.6;386.6;1
2004.06.17 18:04;386.8;387;386.8;386.8;3
2004.06.17 18:05;386.8;386.8;386.8;386.8;1
2004.06.17 18:07;386.8;386.8;386.8;386.8;1
2004.06.17 18:08;387.1;387.1;387;387;2
2004.06.17 18:09;387.1;387.1;387.1;387.1;1
2004.06.17 18:11;387.3;387.3;387.3;387.3;1
2004.06.17 18:12;387.3;387.3;387.3;387.3;1
2004.06.17 18:13;387.3;387.3;387.1;387.1;3
2004.06.17 18:15;386.8;387.1;386.8;387.1;2
2004.06.17 18:16;387;387.1;386.8;386.8;4
2004.06.17 18:17;387.1;387.3;387.1;387.3;2
2004.06.17 18:18;387.1;387.3;387.1;387.3;2
2004.06.17 18:19;387.1;387.3;387.1;387.3;2
2004.06.17 18:20;387.1;387.3;387.1;387.3;2
2004.06.17 18:21;387.3;387.3;387.3;387.3;1
2004.06.17 18:22;387.3;387.3;387.3;387.3;1
2004.06.17 18:23;387.3;387.3;387.3;387.3;1
2004.06.17 18:26;387.3;387.3;387.3;387.3;1
2004.06.17 18:27;387.3;387.3;387.3;387.3;1
2004.06.17 18:29;387.3;387.3;387.3;387.3;1
2004.06.17 18:30;387.3;387.3;387.3;387.3;1
2004.06.17 18:31;387.3;387.6;387.3;387.6;2
2004.06.17 18:32;387.3;387.3;387.3;387.3;1
2004.06.17 18:33;387.6;387.6;387.6;387.6;1
2004.06.17 18:34;387.6;387.6;387.6;387.6;1
2004.06.17 18:35;387.6;387.6;387.5;387.5;3
2004.06.17 18:36;387.6;387.6;387.5;387.5;2
2004.06.17 18:37;387.6;387.6;387.6;387.6;1
2004.06.17 18:38;387.6;387.6;387.3;387.3;7
2004.06.17 18:39;387.3;387.3;387.3;387.3;1
2004.06.17 18:40;387.1;387.1;387.1;387.1;1
2004.06.17 18:41;387.1;387.1;386.8;386.8;3
2004.06.17 18:42;386.8;387;386.8;387;2
2004.06.17 18:43;387.1;387.1;387;387;2
2004.06.17 18:44;386.8;386.8;386.5;386.6;4
2004.06.17 18:46;386.8;386.8;386.8;386.8;1
2004.06.17 18:47;387.1;387.1;387.1;387.1;1
2004.06.17 18:48;387.3;387.3;387.3;387.3;1
2004.06.17 18:49;387.1;387.1;387.1;387.1;1
2004.06.17 18:50;387.6;387.6;387.5;387.5;4
2004.06.17 18:51;387.6;387.6;387.3;387.3;3
2004.06.17 18:52;387.5;387.6;387.3;387.3;3
2004.06.17 18:53;387.3;387.3;387.3;387.3;1
2004.06.17 18:54;387.3;387.3;387.3;387.3;1
2004.06.17 18:58;387.3;387.3;387.3;387.3;1
2004.06.17 18:59;387.1;387.3;387.1;387.3;2
2004.06.17 19:01;387.1;387.3;387.1;387.3;3
2004.06.17 19:02;387.1;387.1;387.1;387.1;1
2004.06.17 19:03;387.1;387.1;387.1;387.1;1
2004.06.17 19:04;387.1;387.1;387.1;387.1;1
2004.06.17 19:05;387.3;387.3;387.3;387.3;1
2004.06.17 19:06;387.1;387.1;387.1;387.1;1
2004.06.17 19:09;387.1;387.1;387.1;387.1;1
2004.06.17 19:11;387.1;387.1;387.1;387.1;1
2004.06.17 19:13;387.3;387.3;387.3;387.3;1
2004.06.17 19:15;387.3;387.3;387.3;387.3;1
2004.06.17 19:16;387.6;387.6;387.6;387.6;1
2004.06.17 19:17;387.3;387.3;387.3;387.3;1
2004.06.17 19:18;387.6;387.6;387.3;387.3;5
2004.06.17 19:19;387.6;387.6;387.3;387.3;4
2004.06.17 19:20;387.5;387.5;387.3;387.3;4
2004.06.17 19:21;387.6;387.6;387.5;387.5;2
2004.06.17 19:22;387.6;387.6;387.5;387.5;7
2004.06.17 19:23;387.8;387.8;387.8;387.8;1
2004.06.17 19:24;388.1;388.1;387.8;387.8;5
2004.06.17 19:26;387.6;387.8;387.6;387.8;3
2004.06.17 19:27;387.8;388.1;387.8;388.1;2
2004.06.17 19:28;388.3;388.3;388.3;388.3;1
2004.06.17 19:29;388.6;388.6;388.3;388.3;3
2004.06.17 19:30;388.3;388.3;388.3;388.3;1
2004.06.17 19:32;388.5;388.5;388.5;388.5;1
2004.06.17 19:34;388.6;388.6;388.6;388.6;1
2004.06.17 19:35;388.3;388.3;388.3;388.3;1
2004.06.17 19:37;388.8;388.8;388.8;388.8;1
2004.06.17 19:39;388.8;388.8;388.8;388.8;1
2004.06.17 19:42;388.5;388.5;388.5;388.5;1
2004.06.17 19:43;388.6;388.6;388.6;388.6;1
2004.06.17 19:57;388.3;388.3;388.3;388.3;1
2004.06.17 19:59;388.3;388.3;388.3;388.3;1
2004.06.17 20:07;388.3;388.3;388.3;388.3;1
2004.06.17 20:11;388.3;388.3;388.3;388.3;1
2004.06.17 20:16;388.1;388.1;388.1;388.1;1
2004.06.17 20:19;388.3;388.3;388.3;388.3;1
2004.06.17 20:25;388.3;388.3;388.3;388.3;1
2004.06.17 20:27;388.1;388.1;388.1;388.1;1
2004.06.17 20:28;388.6;388.6;388.6;388.6;1
2004.06.17 20:32;388.3;388.3;388.3;388.3;1
2004.06.17 20:34;388.6;388.6;388.6;388.6;1
2004.06.17 20:37;388.8;389.3;388.8;389.3;2
2004.06.17 20:38;388.6;388.6;388.6;388.6;1
2004.06.17 20:43;388.3;388.3;388.3;388.3;1
2004.06.17 20:45;388.6;388.6;388.6;388.6;1
2004.06.17 20:47;388.3;388.3;388.3;388.3;1
2004.06.17 20:48;388.6;388.6;388.6;388.6;1
2004.06.17 20:55;388.3;388.3;388.3;388.3;1
2004.06.17 20:58;388.6;388.6;388.3;388.3;2
2004.06.17 21:01;388.6;388.6;388.6;388.6;1
2004.06.17 21:04;388.3;388.3;388.3;388.3;1
2004.06.17 21:08;388.6;388.6;388.6;388.6;1
2004.06.17 21:10;388.8;388.8;388.8;388.8;1
2004.06.17 21:19;388.3;388.3;388.3;388.3;1
2004.06.17 21:28;388.3;388.3;388.3;388.3;1
2004.06.17 21:33;388.3;388.3;388.3;388.3;1
2004.06.17 21:39;388.3;388.3;388.3;388.3;1
2004.06.17 21:40;388.3;388.3;388.3;388.3;1
2004.06.17 21:46;388.3;388.3;388.3;388.3;1
2004.06.17 21:51;388.3;388.3;388.3;388.3;1
2004.06.17 21:53;388.6;388.6;388.6;388.6;1
2004.06.17 21:57;388.3;388.3;388.3;388.3;1
2004.06.17 21:58;388.6;388.6;388.6;388.6;1
2004.06.17 21:59;388.3;388.3;388.3;388.3;1
2004.06.17 22:00;388.6;388.6;388.6;388.6;1
2004.06.17 22:07;388.3;388.3;388.3;388.3;1
2004.06.17 22:22;388;388.1;388;388.1;2
2004.06.17 22:23;388;388;388;388;1
2004.06.17 22:24;388.1;388.1;388.1;388.1;1
2004.06.17 22:25;388;388;388;388;1
2004.06.17 22:26;388.1;388.1;388.1;388.1;1
2004.06.17 22:29;388.6;388.6;388.3;388.3;2
2004.06.17 22:30;388.1;388.1;388.1;388.1;1
2004.06.17 22:32;388;388.1;388;388.1;2
2004.06.17 22:33;388.6;388.6;388.6;388.6;1
2004.06.17 22:38;388.3;388.3;388.3;388.3;1
2004.06.17 22:54;388;388.3;388;388.3;2
2004.06.17 22:57;388;388;388;388;1
2004.06.17 22:58;388.1;388.1;388;388;2
2004.06.17 22:59;387.8;388.3;387.8;388.3;3
2004.06.17 23:00;388.1;388.1;388.1;388.1;1
2004.06.17 23:01;388;388.1;388;388.1;2
2004.06.17 23:02;388.1;388.1;388.1;388.1;1
2004.06.17 23:03;388.3;388.3;388.1;388.1;2
2004.06.17 23:10;388.3;388.3;388.3;388.3;1
2004.06.17 23:11;388.1;388.1;388.1;388.1;1
2004.06.17 23:12;388.3;388.3;388.3;388.3;1
2004.06.17 23:13;388.1;388.1;388.1;388.1;1
2004.06.17 23:15;388.3;388.3;388.3;388.3;1
2004.06.17 23:16;388.1;388.1;388.1;388.1;1
2004.06.17 23:18;388.1;388.1;388.1;388.1;1
2004.06.17 23:24;388.6;388.6;388.6;388.6;1
2004.06.17 23:28;388.3;388.3;388.3;388.3;1
2004.06.17 23:29;388;388;388;388;1
2004.06.17 23:31;388.1;388.1;388.1;388.1;1
2004.06.17 23:33;388.6;388.6;388.6;388.6;1
2004.06.17 23:34;388;388;388;388;1
2004.06.17 23:35;388.1;388.1;388.1;388.1;1
2004.06.17 23:37;388.8;388.8;388.8;388.8;1
2004.06.17 23:38;388;388;388;388;1
2004.06.17 23:39;388.1;388.1;388.1;388.1;1
2004.06.17 23:40;388.3;388.3;388.3;388.3;1
2004.06.17 23:44;388.1;388.1;388.1;388.1;1
2004.06.17 23:51;389.1;389.1;389.1;389.1;1
2004.06.17 23:53;387.8;387.8;387.3;387.3;2
2004.06.17 23:54;387.6;387.6;387.6;387.6;1
2004.06.18 01:12;388.6;388.6;388.6;388.6;1
2004.06.18 01:15;387.3;387.3;387.3;387.3;1
2004.06.18 01:16;388.1;388.1;388.1;388.1;1
2004.06.18 01:24;388;388;388;388;1
2004.06.18 01:25;388.1;388.1;388.1;388.1;1
2004.06.18 01:31;388;388.1;388;388.1;2
2004.06.18 01:33;388;388.1;388;388.1;2
2004.06.18 01:36;388;388;388;388;1
2004.06.18 01:39;388.1;388.1;388.1;388.1;1
2004.06.18 01:43;388.6;388.6;388.6;388.6;1
2004.06.18 01:44;388.1;388.1;388.1;388.1;1
2004.06.18 01:46;388;388;388;388;1
2004.06.18 01:47;388.1;388.1;388;388;2
2004.06.18 01:50;387.8;387.8;387.8;387.8;1
2004.06.18 01:59;388.3;388.3;388.3;388.3;1
2004.06.18 02:02;388.1;388.1;388.1;388.1;1
2004.06.18 02:04;388;388.1;388;388.1;2
2004.06.18 02:06;388.1;388.1;388.1;388.1;1
2004.06.18 02:08;388.3;388.3;387.8;387.8;2
2004.06.18 02:11;387.5;387.5;387.5;387.5;1
2004.06.18 02:15;387.5;387.5;387.5;387.5;1
2004.06.18 02:16;387.8;387.8;387.8;387.8;1
2004.06.18 02:22;387.6;387.6;387.6;387.6;1
2004.06.18 02:27;387.3;387.3;387.3;387.3;1
2004.06.18 02:29;387.8;387.8;387.3;387.6;3
2004.06.18 02:30;387.8;387.8;387.6;387.6;3
2004.06.18 02:34;387.3;387.5;387.3;387.5;2
2004.06.18 02:37;387.3;387.3;387.3;387.3;1
2004.06.18 02:39;387.6;387.6;387.6;387.6;1
2004.06.18 02:40;387.6;387.6;387.6;387.6;1
2004.06.18 02:42;387.5;387.5;387.5;387.5;1
2004.06.18 02:43;387.6;387.6;387.6;387.6;1
2004.06.18 02:45;387.3;387.8;387.3;387.6;4
2004.06.18 02:48;387.8;387.8;387.6;387.6;2
2004.06.18 02:51;387.3;387.3;387.3;387.3;1
2004.06.18 02:54;387.1;387.1;387.1;387.1;1
2004.06.18 02:55;387.3;387.3;387.3;387.3;1
2004.06.18 02:56;387.6;387.6;387.6;387.6;1
2004.06.18 03:01;387.8;387.8;387.8;387.8;1
2004.06.18 03:02;387.8;387.8;387.3;387.3;2
2004.06.18 03:03;387.5;387.5;387.5;387.5;1
2004.06.18 03:04;387.3;387.3;387.3;387.3;1
2004.06.18 03:12;387.8;387.8;387.8;387.8;1
2004.06.18 03:18;387.6;387.6;387.5;387.5;2
2004.06.18 03:19;387.8;388.3;387.8;388.1;3
2004.06.18 03:20;387.8;387.8;387.8;387.8;1
2004.06.18 03:21;388;388;387.8;387.8;2
2004.06.18 03:22;387.8;387.8;387.8;387.8;1
2004.06.18 03:24;388.1;388.1;388.1;388.1;1
2004.06.18 03:26;387.8;387.8;387.8;387.8;1
2004.06.18 03:27;387.8;388.1;387.8;388.1;2
2004.06.18 03:33;387.8;387.8;387.8;387.8;1
2004.06.18 03:35;387.6;387.6;387.6;387.6;1
2004.06.18 03:36;388.1;388.1;388.1;388.1;1
2004.06.18 03:38;387.6;387.6;387.6;387.6;1
2004.06.18 03:41;387.6;387.6;387.6;387.6;1
2004.06.18 03:44;387.5;388.1;387.5;388;4
2004.06.18 03:51;387.3;387.8;387.3;387.8;2
2004.06.18 03:52;387.3;387.3;387.3;387.3;1
2004.06.18 03:54;387.6;387.8;387.6;387.8;2
2004.06.18 03:59;387.5;387.6;387.5;387.6;2
2004.06.18 04:00;387.3;387.3;387.3;387.3;1
2004.06.18 04:03;388.1;388.1;387.8;387.8;5
2004.06.18 04:04;387.5;387.5;387.3;387.3;2
2004.06.18 04:05;387.3;387.3;387.3;387.3;1
2004.06.18 04:10;387.5;387.5;387.5;387.5;1
2004.06.18 04:11;387.8;387.8;387.8;387.8;1
2004.06.18 04:16;387.6;387.6;387.6;387.6;1
2004.06.18 04:18;387.6;387.6;387.6;387.6;1
2004.06.18 04:24;387.3;387.8;387.3;387.8;2
2004.06.18 04:28;387.6;387.6;387.6;387.6;1
2004.06.18 04:34;387.3;387.3;387.3;387.3;1
2004.06.18 04:36;387.3;387.6;387.3;387.6;2
2004.06.18 04:42;387.6;387.6;387.6;387.6;1
2004.06.18 04:47;387.6;387.6;387.6;387.6;1
2004.06.18 04:53;387.3;387.3;387.3;387.3;1
2004.06.18 04:57;387.3;387.3;387.3;387.3;1
2004.06.18 04:59;387.3;387.3;387.3;387.3;1
2004.06.18 05:03;387.8;387.8;387.8;387.8;1
2004.06.18 05:05;387.3;387.3;387.3;387.3;1
2004.06.18 05:06;387.3;387.3;387.3;387.3;1
2004.06.18 05:09;387.5;387.5;387.5;387.5;1
2004.06.18 05:10;387.3;387.6;387.3;387.6;2
2004.06.18 05:12;387.8;387.8;387.8;387.8;1
2004.06.18 05:13;387.3;387.6;387.3;387.6;3
2004.06.18 05:28;387.3;387.3;387.3;387.3;1
2004.06.18 05:29;387.3;387.3;387.3;387.3;1
2004.06.18 05:31;387.6;387.6;387.6;387.6;1
2004.06.18 05:33;387.3;387.6;387.1;387.6;3
2004.06.18 05:34;387.3;387.3;387.1;387.1;2
2004.06.18 05:37;387.1;387.1;387.1;387.1;1
2004.06.18 05:40;387.3;387.3;387.3;387.3;1
2004.06.18 05:45;387.1;387.1;387.1;387.1;1
2004.06.18 05:46;387.3;387.6;387.3;387.6;3
2004.06.18 05:51;387.1;387.3;387.1;387.3;2
2004.06.18 05:52;387.1;387.1;387.1;387.1;1
2004.06.18 05:53;387.3;387.3;387.3;387.3;1
2004.06.18 05:57;387.1;387.6;387.1;387.6;3
2004.06.18 05:58;387.1;387.5;387.1;387.3;3
2004.06.18 05:59;387.3;387.3;387;387.1;3
2004.06.18 06:00;387.3;387.3;387.1;387.1;2
2004.06.18 06:03;387.3;387.3;387.3;387.3;1
2004.06.18 06:06;387;387;387;387;1
2004.06.18 06:08;387.3;387.3;387.3;387.3;1
2004.06.18 06:15;386.8;386.8;386.8;386.8;1
2004.06.18 06:16;387.3;387.3;387.1;387.1;2
2004.06.18 06:17;387.3;387.3;387.1;387.1;2
2004.06.18 06:18;386.6;386.6;386.6;386.6;1
2004.06.18 06:20;386.5;386.8;386.5;386.8;2
2004.06.18 06:23;386.5;386.8;386.3;386.8;3
2004.06.18 06:24;386.3;386.5;386.3;386.3;3
2004.06.18 06:25;386.3;386.6;386.3;386.6;2
2004.06.18 06:27;386.6;386.6;386.5;386.5;2
2004.06.18 06:28;386.8;386.8;386.8;386.8;1
2004.06.18 06:31;386.3;386.3;386.3;386.3;1
2004.06.18 06:32;386.5;386.8;386.5;386.8;3
2004.06.18 06:33;386.5;386.8;386.5;386.6;3
2004.06.18 06:34;386.6;386.6;386.3;386.3;2
2004.06.18 06:35;386.5;386.5;386.5;386.5;1
2004.06.18 06:39;386.6;386.6;386.3;386.3;2
2004.06.18 06:44;386.3;386.3;386.3;386.3;1
2004.06.18 06:49;386.3;386.3;386.3;386.3;1
2004.06.18 06:57;386.6;386.6;386.6;386.6;1
2004.06.18 06:59;386.6;386.6;386.3;386.3;3
2004.06.18 07:00;385.8;385.8;385.8;385.8;1
2004.06.18 07:01;386.5;386.5;386.1;386.3;3
2004.06.18 07:03;386.6;386.6;386.6;386.6;1
2004.06.18 07:08;385.8;386.5;385.8;386.5;2
2004.06.18 07:09;385.8;385.8;385.8;385.8;1
2004.06.18 07:10;385.8;385.8;385.8;385.8;1
2004.06.18 07:11;385.8;385.8;385.8;385.8;1
2004.06.18 07:12;386.1;386.1;385.8;385.8;2
2004.06.18 07:13;386.3;386.3;386.3;386.3;1
2004.06.18 07:17;386;386;386;386;1
2004.06.18 07:18;385.8;385.8;385.8;385.8;1
2004.06.18 07:21;386.1;386.1;386.1;386.1;1
2004.06.18 07:23;386;386;386;386;1
2004.06.18 07:25;386.1;386.5;386.1;386.5;2
2004.06.18 07:28;386.1;386.1;386.1;386.1;1
2004.06.18 07:29;386;386;386;386;1
2004.06.18 07:30;386.1;386.1;385.8;386;4
2004.06.18 07:34;385.8;385.8;385.8;385.8;1
2004.06.18 07:36;386.5;386.5;386.3;386.3;2
2004.06.18 07:37;386.1;386.1;386;386;2
2004.06.18 07:39;386.1;386.5;386.1;386.5;2
2004.06.18 07:42;386.1;386.1;386.1;386.1;1
2004.06.18 07:46;386;386;386;386;1
2004.06.18 07:51;386;386.1;386;386.1;2
2004.06.18 07:53;386.1;386.1;386.1;386.1;1
2004.06.18 07:55;386.1;386.1;386.1;386.1;1
2004.06.18 07:57;386.3;386.5;386.3;386.5;2
2004.06.18 07:58;386.3;386.3;386.3;386.3;1
2004.06.18 08:05;386.6;386.6;386.6;386.6;1
2004.06.18 08:06;386.3;386.3;386.3;386.3;1
2004.06.18 08:08;386.6;386.6;386.6;386.6;1
2004.06.18 08:14;386.3;386.3;386.3;386.3;1
2004.06.18 08:16;386.6;386.6;386.6;386.6;1
2004.06.18 08:19;386.8;386.8;386.8;386.8;1
2004.06.18 08:20;386.3;386.3;386.3;386.3;1
2004.06.18 08:22;386.3;386.8;386.3;386.8;3
2004.06.18 08:24;386.8;386.8;386.3;386.3;2
2004.06.18 08:26;387.1;387.1;387.1;387.1;1
2004.06.18 08:27;386.5;387;386.5;387;3
2004.06.18 08:28;386.6;386.6;386.5;386.5;2
2004.06.18 08:29;387.1;387.1;387;387;2
2004.06.18 08:30;386.6;386.6;386.6;386.6;1
2004.06.18 08:31;386.6;386.6;386.6;386.6;1
2004.06.18 08:32;386.8;386.8;386.8;386.8;1
2004.06.18 08:36;386.6;386.6;386.6;386.6;1
2004.06.18 08:37;387.1;387.1;387.1;387.1;1
2004.06.18 08:39;387.1;387.1;387.1;387.1;1
2004.06.18 08:43;386.8;386.8;386.8;386.8;1
2004.06.18 08:44;386.6;386.6;386.6;386.6;1
2004.06.18 08:45;387.3;387.3;387.1;387.3;3
2004.06.18 08:50;386.8;386.8;386.8;386.8;1
2004.06.18 08:52;386.8;387.1;386.8;387.1;4
2004.06.18 08:54;386.6;386.6;386.6;386.6;1
2004.06.18 08:55;386.6;386.6;386.5;386.5;3
2004.06.18 08:58;386.5;386.6;386.5;386.6;2
2004.06.18 08:59;386.5;386.5;386.3;386.3;2
2004.06.18 09:01;386.6;386.6;386.5;386.6;4
2004.06.18 09:02;386.8;386.8;386.8;386.8;1
2004.06.18 09:03;386.6;386.6;386.6;386.6;1
2004.06.18 09:06;386.5;386.6;386.5;386.6;2
2004.06.18 09:08;386.8;386.8;386.8;386.8;1
2004.06.18 09:10;386.8;386.8;386.8;386.8;1
2004.06.18 09:11;386.3;386.3;386.3;386.3;1
2004.06.18 09:12;386.3;386.3;386.3;386.3;1
2004.06.18 09:13;386.3;386.3;386.3;386.3;1
2004.06.18 09:16;386.3;386.3;386.3;386.3;1
2004.06.18 09:17;386.3;386.8;386.1;386.8;5
2004.06.18 09:18;386;386.6;386;386.6;2
2004.06.18 09:22;385.8;386;385.8;386;2
2004.06.18 09:23;385.8;386;385.8;385.8;3
2004.06.18 09:24;386;386;386;386;1
2004.06.18 09:25;386.1;386.1;385.8;385.8;3
2004.06.18 09:26;386;386;386;386;1
2004.06.18 09:29;385.8;386;385.8;386;2
2004.06.18 09:31;386.3;386.5;386.3;386.5;2
2004.06.18 09:33;386.3;386.6;386.1;386.6;3
2004.06.18 09:35;386.3;386.3;386.3;386.3;1
2004.06.18 09:36;386.1;386.1;386.1;386.1;1
2004.06.18 09:37;386.1;386.1;386.1;386.1;1
2004.06.18 09:39;386.1;386.1;386.1;386.1;1
2004.06.18 09:44;386.1;386.5;386.1;386.5;6
2004.06.18 09:45;386.6;387.1;386.6;387.1;4
2004.06.18 09:47;387.1;387.1;387.1;387.1;1
2004.06.18 09:48;387.1;387.5;387.1;387.5;3
2004.06.18 09:50;386.8;387.1;386.8;387.1;4
2004.06.18 09:51;386.8;386.8;386.8;386.8;1
2004.06.18 09:55;387;387;386.1;386.1;2
2004.06.18 09:57;386.8;386.8;386.8;386.8;1
2004.06.18 09:58;386.8;386.8;386.8;386.8;1
2004.06.18 10:00;386.8;386.8;386.8;386.8;1
2004.06.18 10:04;387.1;387.1;387;387;2
2004.06.18 10:05;387.1;387.1;387.1;387.1;1
2004.06.18 10:07;387.6;387.6;387.6;387.6;1
2004.06.18 10:08;387.1;387.3;387.1;387.1;4
2004.06.18 10:09;387.1;387.1;387.1;387.1;1
2004.06.18 10:10;387.1;387.6;387.1;387.6;3
2004.06.18 10:13;387.5;387.5;387.5;387.5;1
2004.06.18 10:16;387;387.3;387;387.3;2
2004.06.18 10:17;387.1;387.1;387.1;387.1;1
2004.06.18 10:18;387.6;387.6;387.6;387.6;1
2004.06.18 10:20;387.1;387.6;387.1;387.6;3
2004.06.18 10:21;387.1;387.1;387.1;387.1;1
2004.06.18 10:22;387.3;387.3;387.1;387.3;3
2004.06.18 10:23;387.8;387.8;387.8;387.8;1
2004.06.18 10:24;387.3;387.3;387.1;387.1;2
2004.06.18 10:28;387.1;387.8;387.1;387.8;3
2004.06.18 10:29;388;388;388;388;1
2004.06.18 10:31;387.6;387.6;387.6;387.6;1
2004.06.18 10:32;388;388;388;388;1
2004.06.18 10:33;387.3;387.6;387.3;387.6;3
2004.06.18 10:34;387.5;387.5;387.5;387.5;1
2004.06.18 10:35;388.1;388.1;388.1;388.1;1
2004.06.18 10:36;387.6;387.8;387.6;387.6;3
2004.06.18 10:38;387.6;387.6;387.6;387.6;1
2004.06.18 10:40;387.8;387.8;387.8;387.8;1
2004.06.18 10:41;387.8;387.8;387.8;387.8;1
2004.06.18 10:42;387.6;387.6;387.6;387.6;1
2004.06.18 10:44;387.8;387.8;387.8;387.8;1
2004.06.18 10:51;387.6;387.6;387.6;387.6;1
2004.06.18 10:52;387.6;387.6;387.6;387.6;1
2004.06.18 10:54;387.6;387.8;387.6;387.8;2
2004.06.18 10:56;387.8;388.3;387.8;388.3;2
2004.06.18 10:57;387.8;387.8;387.8;387.8;1
2004.06.18 10:58;387.8;387.8;387.8;387.8;1
2004.06.18 11:01;387.8;387.8;387.8;387.8;1
2004.06.18 11:02;387.8;388.3;387.8;388.3;2
2004.06.18 11:04;388.1;388.1;387.8;387.8;2
2004.06.18 11:05;388.1;388.1;388.1;388.1;1
2004.06.18 11:06;388;388.1;387.8;387.8;4
2004.06.18 11:07;388;388.3;387.8;388.3;3
2004.06.18 11:08;388.3;388.3;388.1;388.1;2
2004.06.18 11:09;388.3;388.3;388;388;2
2004.06.18 11:14;387.8;387.8;387.8;387.8;1
2004.06.18 11:15;387.8;387.8;387.8;387.8;1
2004.06.18 11:16;388.1;388.3;388.1;388.3;2
2004.06.18 11:17;387.8;387.8;387.8;387.8;1
2004.06.18 11:18;388.1;388.1;388.1;388.1;1
2004.06.18 11:19;387.8;387.8;387.6;387.6;2
2004.06.18 11:20;387.8;388.3;387.6;387.6;3
2004.06.18 11:21;387.6;387.6;387.6;387.6;1
2004.06.18 11:24;387.8;387.8;387.6;387.6;2
2004.06.18 11:25;388.1;388.1;387.5;387.5;2
2004.06.18 11:26;387.6;387.6;387.6;387.6;1
2004.06.18 11:28;387.5;387.5;387.5;387.5;1
2004.06.18 11:29;387.8;387.8;387.8;387.8;1
2004.06.18 11:30;388.1;388.1;388.1;388.1;1
2004.06.18 11:32;387.8;387.8;387.8;387.8;1
2004.06.18 11:33;388.3;388.3;388.3;388.3;1
2004.06.18 11:34;388;388;388;388;1
2004.06.18 11:35;387.8;387.8;387.8;387.8;1
2004.06.18 11:40;388.1;388.1;388.1;388.1;1
2004.06.18 11:43;388.6;388.6;388.3;388.6;3
2004.06.18 11:46;388;388;388;388;1
2004.06.18 11:47;388.1;388.3;388.1;388.3;3
2004.06.18 11:48;388.3;388.6;388.3;388.6;2
2004.06.18 11:49;388.3;388.6;388.3;388.6;3
2004.06.18 11:50;388.8;388.8;388.8;388.8;1
2004.06.18 11:51;388.8;389;388.8;388.8;4
2004.06.18 11:52;388.6;388.6;388.6;388.6;1
2004.06.18 11:54;388.8;388.8;388.8;388.8;1
2004.06.18 11:55;388.6;388.6;388.6;388.6;1
2004.06.18 11:56;389.1;389.1;389.1;389.1;1
2004.06.18 11:58;388.8;388.8;388.8;388.8;1
2004.06.18 11:59;388.8;388.8;388.8;388.8;1
2004.06.18 12:01;388.6;388.8;388.6;388.6;3
2004.06.18 12:02;388.6;388.6;388.6;388.6;1
2004.06.18 12:03;388.8;388.8;388.8;388.8;1
2004.06.18 12:04;388.8;388.8;388.8;388.8;1
2004.06.18 12:06;388.8;389.5;388.8;389.5;4
2004.06.18 12:07;389.1;389.3;389.1;389.3;3
2004.06.18 12:08;389.1;389.8;389.1;389.8;5
2004.06.18 12:09;390;390;389.6;389.6;3
2004.06.18 12:10;389.8;389.8;389.6;389.8;3
2004.06.18 12:11;390;390;390;390;1
2004.06.18 12:12;389.6;389.6;389.6;389.6;1
2004.06.18 12:13;389.8;389.8;389.8;389.8;1
2004.06.18 12:15;389.8;389.8;389.8;389.8;1
2004.06.18 12:18;389.8;389.8;389.8;389.8;1
2004.06.18 12:20;390.1;390.3;390.1;390.3;4
2004.06.18 12:21;390.6;390.8;390.6;390.8;4
2004.06.18 12:22;391.1;391.1;390.8;390.8;2
2004.06.18 12:23;391.6;391.6;391.3;391.3;3
2004.06.18 12:24;391.3;391.5;391.3;391.3;3
2004.06.18 12:25;391.3;391.8;391.3;391.6;7
2004.06.18 12:26;391.8;391.8;391.1;391.3;4
2004.06.18 12:27;391.8;391.8;391.8;391.8;1
2004.06.18 12:28;392.1;392.1;391.8;391.8;3
2004.06.18 12:30;392;392;392;392;1
2004.06.18 12:31;391.5;392.1;391.5;392.1;2
2004.06.18 12:32;391.6;391.6;391.6;391.6;1
2004.06.18 12:33;391.6;391.8;391.6;391.8;2
2004.06.18 12:34;391.6;391.6;391.6;391.6;1
2004.06.18 12:37;391.3;391.3;391.3;391.3;1
2004.06.18 12:38;391.6;391.6;391.5;391.6;5
2004.06.18 12:39;392.1;392.1;391.5;391.6;3
2004.06.18 12:42;391.3;391.8;391.3;391.6;3
2004.06.18 12:43;391.5;391.5;391.5;391.5;1
2004.06.18 12:45;391.5;391.8;391.5;391.6;4
2004.06.18 12:48;391.6;391.6;391.6;391.6;1
2004.06.18 12:49;391.3;391.5;391.3;391.5;2
2004.06.18 12:50;391.3;391.3;391.3;391.3;1
2004.06.18 12:51;391.3;391.3;391.3;391.3;1
2004.06.18 12:52;391.3;391.5;391.3;391.5;2
2004.06.18 12:56;391.6;391.6;391.6;391.6;1
2004.06.18 12:57;391.6;391.8;391.5;391.6;5
2004.06.18 12:58;391.6;392.1;391.6;392.1;2
2004.06.18 13:01;392;392;391.6;391.6;2
2004.06.18 13:02;391.6;391.6;391.6;391.6;1
2004.06.18 13:04;391.8;391.8;391.8;391.8;1
2004.06.18 13:08;391.8;391.8;391.6;391.6;2
2004.06.18 13:10;391.5;391.5;391.5;391.5;1
2004.06.18 13:12;391.6;391.6;391.6;391.6;1
2004.06.18 13:17;391.5;391.8;391.3;391.6;4
2004.06.18 13:18;391.6;391.6;391.6;391.6;1
2004.06.18 13:19;391.8;391.8;391.8;391.8;1
2004.06.18 13:20;391.6;391.6;391.6;391.6;1
2004.06.18 13:21;391.6;391.8;391.6;391.8;2
2004.06.18 13:23;391.5;391.8;391.5;391.8;2
2004.06.18 13:25;391.3;391.3;391.3;391.3;1
2004.06.18 13:26;391.5;391.5;391.5;391.5;1
2004.06.18 13:29;391.3;391.8;391.3;391.8;3
2004.06.18 13:30;391.3;391.6;391.3;391.3;3
2004.06.18 13:31;391.3;391.3;391.1;391.1;2
2004.06.18 13:32;391.6;391.6;391.5;391.5;2
2004.06.18 13:33;391.3;391.5;391.3;391.3;3
2004.06.18 13:35;391.1;391.1;391.1;391.1;1
2004.06.18 13:38;391;391;391;391;1
2004.06.18 13:39;391.1;391.1;391.1;391.1;1
2004.06.18 13:42;391.3;391.3;391.3;391.3;1
2004.06.18 13:43;391.5;391.8;391.5;391.6;3
2004.06.18 13:44;391.5;391.6;391.5;391.6;2
2004.06.18 13:46;391.6;391.8;391.6;391.6;3
2004.06.18 13:48;391.8;391.8;391.8;391.8;1
2004.06.18 13:52;391.6;391.6;391.6;391.6;1
2004.06.18 13:53;391.6;391.8;391.6;391.6;3
2004.06.18 13:55;392.1;392.1;392;392;3
2004.06.18 13:58;391.8;391.8;391.8;391.8;1
2004.06.18 13:59;391.8;391.8;391.8;391.8;1
2004.06.18 14:00;391.8;391.8;391.8;391.8;1
2004.06.18 14:02;391.8;391.8;391.8;391.8;1
2004.06.18 14:05;391.6;391.6;391.6;391.6;1
2004.06.18 14:06;391.8;391.8;391.8;391.8;1
2004.06.18 14:07;391.6;391.8;391.6;391.8;3
2004.06.18 14:11;391.8;391.8;391.8;391.8;1
2004.06.18 14:13;391.8;391.8;391.8;391.8;1
2004.06.18 14:19;391.8;392.1;391.8;391.8;3
2004.06.18 14:20;392;392.3;391.8;392.1;20
2004.06.18 14:21;392.3;392.8;392.1;392.8;16
2004.06.18 14:22;392.8;392.8;392.6;392.6;3
2004.06.18 14:23;392.5;393;392.5;392.8;21
2004.06.18 14:24;392.8;392.8;392.3;392.3;2
2004.06.18 14:25;392.6;392.6;392.3;392.6;18
2004.06.18 14:26;392.5;392.8;392.3;392.8;9
2004.06.18 14:27;393.1;393.3;392.8;393.3;11
2004.06.18 14:28;392.8;393.3;392.8;393.3;4
2004.06.18 14:29;393.3;393.6;393.3;393.5;5
2004.06.18 14:30;393.8;393.8;393.6;393.8;3
2004.06.18 14:31;394.1;394.3;393.8;394.1;6
2004.06.18 14:32;393.8;393.8;393.8;393.8;1
2004.06.18 14:33;394;394;393.8;393.8;4
2004.06.18 14:34;393.3;393.6;393.3;393.3;8
2004.06.18 14:37;393.8;393.8;393.6;393.6;3
2004.06.18 14:38;393.1;394.6;393.1;394.6;17
2004.06.18 14:45;394.3;394.3;394.3;394.3;1
2004.06.18 14:48;394.3;394.6;393.3;393.3;77
2004.06.18 14:54;393.1;393.3;393.1;393.1;9
2004.06.18 14:55;393.1;393.1;393;393;2
2004.06.18 14:56;393.5;393.6;393.3;393.3;3
2004.06.18 14:59;393.6;393.6;393;393.3;46
2004.06.18 15:04;393.1;393.6;393.1;393.5;26
2004.06.18 15:07;393.1;393.6;393.1;393.6;14
2004.06.18 15:08;393.6;394.1;393.5;394.1;16
2004.06.18 15:09;393.5;394;393.5;393.8;4
2004.06.18 15:10;393.3;394.1;393.3;394.1;13
2004.06.18 15:11;393.6;394.1;393.6;394.1;8
2004.06.18 15:12;394.3;394.3;394.1;394.3;5
2004.06.18 15:13;394.1;394.3;394.1;394.1;5
2004.06.18 15:14;393.8;394.3;393.8;394.1;7
2004.06.18 15:15;394.1;394.5;393.8;394.5;17
2004.06.18 15:16;394.6;394.6;394.3;394.6;3
2004.06.18 15:17;394.3;394.6;394.1;394.1;18
2004.06.18 15:18;394.3;394.5;394;394.3;12
2004.06.18 15:19;394.3;394.3;393.8;394.1;7
2004.06.18 15:20;394.3;394.3;394.1;394.1;2
2004.06.18 15:21;394;394.3;393.8;394.3;14
2004.06.18 15:22;394;394;393.8;393.8;2
2004.06.18 15:23;394;394.3;393.8;394.3;13
2004.06.18 15:24;394.3;394.3;393.8;393.8;4
2004.06.18 15:25;394.1;394.3;393.3;393.5;13
2004.06.18 15:26;393.6;394;393.5;394;6
2004.06.18 15:27;394.1;394.1;393.6;394;9
2004.06.18 15:28;393.8;394.3;393.6;394.1;7
2004.06.18 15:29;393.6;393.8;393.6;393.8;3
2004.06.18 15:30;394.1;394.1;393.5;394;5
2004.06.18 15:31;393.8;393.8;393.8;393.8;1
2004.06.18 15:32;393.3;393.6;393.3;393.3;11
2004.06.18 15:33;393.3;393.6;393.3;393.6;4
2004.06.18 15:34;393.1;393.8;393.1;393.1;6
2004.06.18 15:35;393.3;393.6;393.1;393.6;7
2004.06.18 15:36;393.1;393.6;393.1;393.6;2
2004.06.18 15:37;393.6;393.8;393.6;393.6;7
2004.06.18 15:38;393.8;394.5;393.6;394.5;16
2004.06.18 15:39;394.6;394.6;394.1;394.1;8
2004.06.18 15:40;394.6;394.6;394.3;394.3;5
2004.06.18 15:41;394.6;394.6;394.6;394.6;1
2004.06.18 15:42;394.3;394.6;394.3;394.6;6
2004.06.18 15:43;394.8;394.8;394.6;394.6;3
2004.06.18 15:44;394.1;394.3;394.1;394.3;15
2004.06.18 15:45;394.3;395.3;394.3;395.3;7
2004.06.18 15:46;395.1;395.5;395.1;395.3;17
2004.06.18 15:47;395.3;395.5;395;395.5;24
2004.06.18 15:48;395.5;395.5;395.3;395.3;2
2004.06.18 15:49;395.3;395.3;394.8;395.3;5
2004.06.18 15:50;395.1;395.3;395.1;395.3;5
2004.06.18 15:51;395.3;395.3;395.1;395.1;6
2004.06.18 15:52;395.1;395.3;395.1;395.1;3
2004.06.18 15:53;394.8;394.8;394.6;394.6;13
2004.06.18 15:54;394.6;395.1;394.6;395.1;6
2004.06.18 15:56;394.6;395;394.3;394.6;12
2004.06.18 15:57;394.8;395.1;394.6;395;4
2004.06.18 15:58;395.1;395.1;394.3;394.3;8
2004.06.18 15:59;394.6;395.1;394.6;395.1;6
2004.06.18 16:01;394.6;395.1;394.5;394.6;26
2004.06.18 16:02;394.8;395.1;394.5;394.6;16
2004.06.18 16:03;394.5;394.8;394.3;394.8;18
2004.06.18 16:04;394.6;395.1;394.6;394.8;16
2004.06.18 16:06;395.1;395.1;395;395;5
2004.06.18 16:07;395.1;395.1;394.6;394.6;17
2004.06.18 16:08;394.6;395;394.6;394.6;15
2004.06.18 16:09;394.8;394.8;394.6;394.8;14
2004.06.18 16:10;394.6;395.3;394.6;395.1;13
2004.06.18 16:11;395;395.3;395;395.1;9
2004.06.18 16:12;395.1;395.1;395;395.1;3
2004.06.18 16:13;394.6;394.8;394.3;394.6;15
2004.06.18 16:14;394.6;395;394.6;394.8;6
2004.06.18 16:15;394.6;395;394.5;395;4
2004.06.18 16:16;395.1;395.1;395;395;2
2004.06.18 16:17;394.5;395.1;394.5;394.8;8
2004.06.18 16:18;394.6;394.6;394.5;394.6;9
2004.06.18 16:19;394.5;394.6;394.3;394.5;11
2004.06.18 16:20;394.5;394.5;394.3;394.5;3
2004.06.18 16:21;394.3;394.8;394.3;394.3;9
2004.06.18 16:22;394.5;394.8;394.5;394.5;3
2004.06.18 16:23;394.3;395.1;394.3;395.1;8
2004.06.18 16:24;394.6;394.6;394.6;394.6;1
2004.06.18 16:25;394.8;395.1;394.8;395.1;3
2004.06.18 16:26;395.1;395.3;395.1;395.3;7
2004.06.18 16:27;395.3;395.3;395.1;395.1;3
2004.06.18 16:28;395.1;395.3;394.8;395.3;5
2004.06.18 16:29;395.3;395.3;395;395.1;5
2004.06.18 16:30;395;395.3;395;395.3;12
2004.06.18 16:31;395.1;395.3;395.1;395.3;6
2004.06.18 16:32;395.3;395.6;395.1;395.1;5
2004.06.18 16:33;395;395.3;395;395;7
2004.06.18 16:34;395.1;395.3;395;395;12
2004.06.18 16:35;395.1;395.3;394.8;395;9
2004.06.18 16:36;394.8;395.1;394.8;394.8;8
2004.06.18 16:37;395.1;395.3;394.8;395.3;6
2004.06.18 16:38;394.8;395.3;394.8;395.3;6
2004.06.18 16:39;394.8;395.1;394.6;395.1;8
2004.06.18 16:40;394.8;395.3;394.8;395.3;5
2004.06.18 16:41;395.1;395.1;395.1;395.1;1
2004.06.18 16:42;394.8;395.3;394.8;395.1;5
2004.06.18 16:43;395.3;395.3;395.3;395.3;1
2004.06.18 16:44;395.1;395.6;395.1;395.5;9
2004.06.18 16:45;395.3;395.3;395.3;395.3;1
2004.06.18 16:46;395.1;395.1;395;395.1;8
2004.06.18 16:47;395;395.5;395;395.3;4
2004.06.18 16:48;395.1;395.3;395;395;3
2004.06.18 16:49;395.1;395.3;394.8;395.3;7
2004.06.18 16:50;394.8;395.1;394.6;395.1;4
2004.06.18 16:51;394.8;395.3;394.8;395.3;4
2004.06.18 16:52;395.3;395.3;395.3;395.3;1
2004.06.18 16:53;395;395.3;394.8;395.3;8
2004.06.18 16:54;395.1;395.1;394.8;395;5
2004.06.18 16:55;394.8;395.3;394.8;395.3;2
2004.06.18 16:56;394.6;395.3;394.6;395.1;8
2004.06.18 16:57;395.1;395.3;395.1;395.3;4
2004.06.18 16:58;395.1;395.1;394.8;395;3
2004.06.18 16:59;394.8;395.1;394.8;395.1;2
2004.06.18 17:01;394.8;395.3;394.8;395.3;9
2004.06.18 17:02;395.1;395.3;394.8;395.3;7
2004.06.18 17:03;395.1;395.3;395.1;395.3;3
2004.06.18 17:04;395.1;395.3;394.8;395.3;6
2004.06.18 17:05;395.3;395.3;395.3;395.3;1
2004.06.18 17:06;395.1;395.3;395.1;395.3;3
2004.06.18 17:07;395.3;395.3;395.3;395.3;1
2004.06.18 17:08;395.3;395.6;395.3;395.6;3
2004.06.18 17:10;395.5;395.6;395.5;395.6;2
2004.06.18 17:11;395.8;395.8;395.6;395.6;2
2004.06.18 17:12;395.6;395.6;395.5;395.5;2
2004.06.18 17:13;395.6;395.6;395.6;395.6;1
2004.06.18 17:14;395.5;395.6;395.3;395.6;4
2004.06.18 17:15;395.5;395.6;395.3;395.3;4
2004.06.18 17:17;395.5;395.5;395.3;395.3;2
2004.06.18 17:18;395.6;395.6;395.3;395.5;4
2004.06.18 17:19;395.3;395.5;395.3;395.3;3
2004.06.18 17:20;395;395.3;394.8;395.1;6
2004.06.18 17:21;395;395.3;395;395.3;3
2004.06.18 17:22;395.1;395.6;395.1;395.3;3
2004.06.18 17:23;395;395.1;395;395.1;4
2004.06.18 17:24;395;395.6;395;395.3;9
2004.06.18 17:25;395.5;395.5;394.8;395.3;4
2004.06.18 17:26;394.8;395.1;394.8;395.1;2
2004.06.18 17:27;394.6;395.3;394.6;395.3;5
2004.06.18 17:28;395.1;395.1;394.6;394.6;3
2004.06.18 17:29;394.6;395.1;394.6;395.1;5
2004.06.18 17:30;394.5;394.8;394.5;394.8;8
2004.06.18 17:31;394.6;394.8;394.6;394.8;3
2004.06.18 17:32;394.6;394.8;394.6;394.6;5
2004.06.18 17:33;394.8;394.8;394.6;394.6;3
2004.06.18 17:34;394.5;394.6;394.5;394.6;2
2004.06.18 17:35;394.3;394.6;394.3;394.6;9
2004.06.18 17:36;394.5;394.8;394.3;394.8;4
2004.06.18 17:37;394.6;394.8;394.6;394.8;3
2004.06.18 17:38;394.5;394.5;394.5;394.5;1
2004.06.18 17:39;394.6;395.1;394.6;394.8;5
2004.06.18 17:40;394.6;395.1;394.6;395.1;7
2004.06.18 17:41;394.8;394.8;394.8;394.8;1
2004.06.18 17:42;394.8;394.8;394.6;394.6;4
2004.06.18 17:43;394.6;395.3;394.6;395.3;5
2004.06.18 17:44;394.6;395.1;394.6;395.1;11
2004.06.18 17:45;394.5;395.1;394.5;395.1;3
2004.06.18 17:46;394.8;394.8;394.8;394.8;1
2004.06.18 17:47;394.5;394.8;394.3;394.8;4
2004.06.18 17:48;394.8;394.8;394.8;394.8;1
2004.06.18 17:49;394.8;394.8;394.3;394.6;3
2004.06.18 17:50;394.6;394.6;394.3;394.3;5
2004.06.18 17:51;394.5;394.8;394.3;394.8;3
2004.06.18 17:52;394.3;394.5;394.3;394.5;3
2004.06.18 17:54;394.3;394.6;394.1;394.6;3
2004.06.18 17:55;394.6;394.6;394.1;394.3;6
2004.06.18 17:56;394.1;394.3;394.1;394.3;7
2004.06.18 17:57;394.1;394.3;394.1;394.3;10
2004.06.18 17:58;394.1;394.8;394.1;394.8;4
2004.06.18 17:59;394.3;394.8;394.3;394.6;4
2004.06.18 18:01;394.1;394.3;394.1;394.1;3
2004.06.18 18:02;394.1;394.3;394.1;394.1;3
2004.06.18 18:04;394.1;394.8;394.1;394.8;4
2004.06.18 18:05;394.6;395.1;394.6;395.1;7
2004.06.18 18:06;394.8;395.1;394.6;394.6;4
2004.06.18 18:07;394.8;395.3;394.8;395.3;3
2004.06.18 18:08;395.3;395.3;395;395;4
2004.06.18 18:09;394.8;395.1;394.8;395.1;3
2004.06.18 18:10;394.6;394.6;394.6;394.6;1
2004.06.18 18:11;394.6;394.6;394.6;394.6;1
2004.06.18 18:12;394.6;394.6;394.6;394.6;1
2004.06.18 18:13;394.8;395.3;394.8;395.3;6
2004.06.18 18:14;395.1;395.1;395.1;395.1;1
2004.06.18 18:15;394.6;394.6;394.6;394.6;1
2004.06.18 18:16;394.8;394.8;394.8;394.8;1
2004.06.18 18:17;395;395.3;395;395.3;3
2004.06.18 18:19;395.1;395.5;395.1;395.3;3
2004.06.18 18:21;394.8;395.3;394.8;395.3;4
2004.06.18 18:22;395;395.1;395;395.1;2
2004.06.18 18:23;394.8;395.3;394.8;395.3;3
2004.06.18 18:24;394.8;395.1;394.8;395.1;9
2004.06.18 18:25;395.3;395.5;395.3;395.5;2
2004.06.18 18:26;395.5;395.8;395.3;395.8;7
2004.06.18 18:27;395.3;395.6;395.3;395.6;2
2004.06.18 18:28;395.5;395.8;395.1;395.6;10
2004.06.18 18:29;395.6;395.8;395.6;395.8;2
2004.06.18 18:30;395.6;395.6;395.1;395.1;3
2004.06.18 18:31;395.3;395.5;395.1;395.3;9
2004.06.18 18:32;395.3;395.6;395.1;395.6;7
2004.06.18 18:33;395.5;395.6;395.5;395.6;4
2004.06.18 18:34;395.5;395.6;395.5;395.6;2
2004.06.18 18:35;395.3;395.5;395.1;395.3;7
2004.06.18 18:36;395.5;395.8;395.3;395.6;5
2004.06.18 18:37;395.6;395.8;395.6;395.8;2
2004.06.18 18:38;395.6;395.6;395.6;395.6;1
2004.06.18 18:39;395.3;395.8;395.3;395.8;4
2004.06.18 18:40;395.6;395.8;395.6;395.8;4
2004.06.18 18:41;395.1;395.6;395.1;395.6;5
2004.06.18 18:42;395.5;395.8;395.3;395.8;5
2004.06.18 18:43;395.8;395.8;395.6;395.6;4
2004.06.18 18:44;395.8;395.8;395.6;395.6;4
2004.06.18 18:45;395.5;395.6;395.1;395.6;3
2004.06.18 18:46;395.3;395.8;395.3;395.8;7
2004.06.18 18:47;395.6;395.8;395.6;395.6;7
2004.06.18 18:48;395.1;395.8;395.1;395.6;6
2004.06.18 18:49;395.1;395.3;395.1;395.3;3
2004.06.18 18:50;395.5;395.8;395.3;395.6;4
2004.06.18 18:51;395.6;395.6;395.6;395.6;1
2004.06.18 18:52;395.6;395.6;395.6;395.6;1
2004.06.18 18:53;395.8;395.8;395.8;395.8;1
2004.06.18 18:54;395.6;395.6;395.6;395.6;1
2004.06.18 18:56;395.6;395.6;395.6;395.6;1
2004.06.18 18:57;395.6;395.6;395.6;395.6;1
2004.06.18 18:59;395.5;395.6;395.5;395.5;5
2004.06.18 19:01;395.6;395.6;395.6;395.6;1
2004.06.18 19:02;395.5;395.5;395.3;395.3;2
2004.06.18 19:04;395.3;395.6;395.3;395.3;4
2004.06.18 19:07;395.3;395.3;395.3;395.3;1
2004.06.18 19:08;395.3;395.3;395.3;395.3;1
2004.06.18 19:10;395.1;395.1;395.1;395.1;1
2004.06.18 19:12;395.5;395.5;395.5;395.5;1
2004.06.18 19:13;395.6;395.6;395.6;395.6;1
2004.06.18 19:14;395.5;395.5;395.5;395.5;1
2004.06.18 19:16;395.5;395.5;395.5;395.5;1
2004.06.18 19:17;395.6;395.6;395.6;395.6;1
2004.06.18 19:18;395.6;395.6;395.6;395.6;1
2004.06.18 19:19;395.6;395.6;395.6;395.6;1
2004.06.18 19:21;395.3;395.3;395.3;395.3;1
2004.06.18 19:22;395.3;395.3;395.3;395.3;1
2004.06.18 19:23;395.3;395.3;395.3;395.3;1
2004.06.18 19:24;395.3;395.3;395.3;395.3;1
2004.06.18 19:25;395.3;395.3;395.1;395.1;4
2004.06.18 19:27;395;395;395;395;1
2004.06.18 19:29;394.8;394.8;394.6;394.6;3
2004.06.18 19:30;394.6;394.6;394.6;394.6;1
2004.06.18 19:36;394.6;394.8;394.6;394.6;4
2004.06.18 19:43;394.6;394.6;394.6;394.6;1
2004.06.18 19:45;394.8;394.8;394.8;394.8;1
2004.06.18 19:52;394.3;394.3;394.3;394.3;1
2004.06.18 19:59;394.6;394.6;394.6;394.6;1
2004.06.18 20:08;394.3;394.3;394.3;394.3;1
2004.06.18 20:14;394.3;394.3;394.3;394.3;1
2004.06.18 20:36;394.3;394.3;394.3;394.3;1
2004.06.18 20:37;394.6;394.6;394.6;394.6;1
2004.06.18 20:48;394.3;394.6;394.3;394.6;2
2004.06.18 20:53;394.6;394.6;394.6;394.6;1
2004.06.18 20:58;394.6;394.6;394.6;394.6;1
2004.06.18 21:00;394.3;394.3;394.3;394.3;1
2004.06.18 21:01;394.6;394.6;394.6;394.6;1
2004.06.18 21:05;394.3;394.6;394.3;394.6;2
2004.06.18 22:08;394.6;394.6;394.3;394.3;2
2004.06.18 22:38;394.3;394.3;394.3;394.3;1
2004.06.18 22:42;394.3;394.3;394.3;394.3;1
2004.06.21 01:07;394.3;394.3;394.1;394.3;4
2004.06.21 01:08;394.1;394.1;394.1;394.1;1
2004.06.21 01:09;394.1;394.3;394.1;394.3;2
2004.06.21 01:15;394.1;394.1;394.1;394.1;1
2004.06.21 01:17;394.3;394.3;394.3;394.3;1
2004.06.21 01:34;394.1;394.1;394.1;394.1;1
2004.06.21 01:38;394.3;394.3;394.1;394.1;2
2004.06.21 01:39;394.3;394.3;394.3;394.3;1
2004.06.21 01:44;394.3;394.3;394.1;394.1;2
2004.06.21 01:49;394.3;394.3;394.3;394.3;1
2004.06.21 01:54;394.1;394.1;394.1;394.1;1
2004.06.21 01:56;394.8;394.8;394.8;394.8;1
2004.06.21 01:58;394.6;394.6;394.6;394.6;1
2004.06.21 02:01;394.3;394.3;394.3;394.3;1
2004.06.21 02:04;394.1;394.1;394.1;394.1;1
2004.06.21 02:06;394.1;394.1;394.1;394.1;1
2004.06.21 02:08;394.1;394.1;394.1;394.1;1
2004.06.21 02:09;394.3;394.3;394.3;394.3;1
2004.06.21 02:10;393.8;393.8;393.8;393.8;1
2004.06.21 02:11;394.1;394.1;393.8;393.8;3
2004.06.21 02:13;393.8;393.8;393.8;393.8;1
2004.06.21 02:14;393.8;394.1;393.8;394.1;3
2004.06.21 02:17;394.3;394.3;394.3;394.3;1
2004.06.21 02:18;393.8;393.8;393.8;393.8;1
2004.06.21 02:19;393.8;394.1;393.8;394.1;3
2004.06.21 02:22;393.8;393.8;393.8;393.8;1
2004.06.21 02:25;393.8;393.8;393.8;393.8;1
2004.06.21 02:26;393.8;393.8;393.8;393.8;1
2004.06.21 02:28;393.3;393.3;393.3;393.3;1
2004.06.21 02:33;393.6;393.6;393.3;393.3;4
2004.06.21 02:37;393.6;393.6;393.6;393.6;1
2004.06.21 02:39;393.3;393.3;393.3;393.3;1
2004.06.21 02:41;393.3;393.3;393.3;393.3;1
2004.06.21 02:43;393.3;393.3;393.3;393.3;1
2004.06.21 02:44;393.3;393.3;393.3;393.3;1
2004.06.21 02:46;393.1;393.1;393.1;393.1;1
2004.06.21 02:48;393.5;393.5;393.3;393.3;2
2004.06.21 02:51;393.1;393.1;393.1;393.1;1
2004.06.21 02:53;392.8;393.1;392.8;393.1;2
2004.06.21 02:56;393.1;393.1;393.1;393.1;1
2004.06.21 02:57;393.5;393.5;393.5;393.5;1
2004.06.21 03:00;393.3;393.3;393.1;393.3;3
2004.06.21 03:01;393.6;393.6;393.6;393.6;1
2004.06.21 03:05;393.6;393.6;393.6;393.6;1
2004.06.21 03:06;393.8;393.8;393.8;393.8;1
2004.06.21 03:09;393.3;393.3;393.3;393.3;1
2004.06.21 03:12;393.3;393.3;393.3;393.3;1
2004.06.21 03:14;393.8;393.8;393.8;393.8;1
2004.06.21 03:16;393.3;393.3;393.3;393.3;1
2004.06.21 03:18;393.3;393.8;393.3;393.8;2
2004.06.21 03:21;393.3;393.3;393.3;393.3;1
2004.06.21 03:22;393.8;393.8;393.8;393.8;1
2004.06.21 03:24;393.5;393.6;393.5;393.6;2
2004.06.21 03:26;394.1;394.1;394.1;394.1;1
2004.06.21 03:27;393.3;393.3;393.3;393.3;1
2004.06.21 03:28;393.5;393.5;393.5;393.5;1
2004.06.21 03:30;393.6;393.6;393.6;393.6;1
2004.06.21 03:31;393.3;393.8;393.3;393.8;3
2004.06.21 03:34;393.8;393.8;393.6;393.6;2
2004.06.21 03:35;393.6;393.6;393.6;393.6;1
2004.06.21 03:47;393.8;393.8;393.8;393.8;1
2004.06.21 03:52;393.6;393.6;393.6;393.6;1
2004.06.21 03:53;394.1;394.1;394.1;394.1;1
2004.06.21 04:08;393.5;393.6;393.5;393.6;2
2004.06.21 04:10;393.6;393.6;393.5;393.5;2
2004.06.21 04:11;394;394;393.8;393.8;2
2004.06.21 04:14;393.6;393.6;393.5;393.5;2
2004.06.21 04:16;394;394;394;394;1
2004.06.21 04:22;394.1;394.1;393.8;393.8;2
2004.06.21 04:25;394.1;394.1;393.5;393.5;2
2004.06.21 04:28;393.6;393.6;393.5;393.5;2
2004.06.21 04:32;393.8;393.8;393.8;393.8;1
2004.06.21 04:36;393.5;393.5;393.3;393.3;2
2004.06.21 04:43;393.3;393.3;393.3;393.3;1
2004.06.21 04:45;393.3;393.5;393.3;393.5;2
2004.06.21 04:48;393.8;393.8;393.8;393.8;1
2004.06.21 04:50;393.3;393.3;393.3;393.3;1
2004.06.21 04:51;393.3;393.3;393.3;393.3;1
2004.06.21 04:53;393.6;393.8;393.1;393.1;3
2004.06.21 04:54;393.3;393.3;393.3;393.3;1
2004.06.21 04:59;393.1;393.3;393.1;393.3;2
2004.06.21 05:07;393.8;393.8;393.8;393.8;1
2004.06.21 05:10;393.5;393.5;393.3;393.3;3
2004.06.21 05:12;393.8;393.8;393.8;393.8;1
2004.06.21 05:14;393.3;393.3;393.3;393.3;1
2004.06.21 05:16;393.3;393.8;393.3;393.8;2
2004.06.21 05:19;393.3;393.3;393.3;393.3;1
2004.06.21 05:28;393.3;393.6;393.3;393.6;3
2004.06.21 05:29;393.5;394.1;393.5;393.8;4
2004.06.21 05:30;393.6;393.6;393.6;393.6;1
2004.06.21 05:31;393.6;393.6;393.6;393.6;1
2004.06.21 05:35;394;394;394;394;1
2004.06.21 05:37;393.6;393.6;393.6;393.6;1
2004.06.21 05:39;393.8;393.8;393.8;393.8;1
2004.06.21 05:41;393.6;393.6;393.6;393.6;1
2004.06.21 05:47;393.6;393.6;393.6;393.6;1
2004.06.21 05:49;393.8;393.8;393.8;393.8;1
2004.06.21 05:50;393.8;393.8;393.8;393.8;1
2004.06.21 05:55;393.8;393.8;393.8;393.8;1
2004.06.21 06:03;393.8;393.8;393.8;393.8;1
2004.06.21 06:08;393.8;393.8;393.8;393.8;1
2004.06.21 06:12;393.8;393.8;393.8;393.8;1
2004.06.21 06:34;393.3;393.6;393.3;393.6;2
2004.06.21 06:41;393.6;393.6;393.6;393.6;1
2004.06.21 06:42;393.3;393.3;393.3;393.3;1
2004.06.21 06:45;393.6;393.6;393.6;393.6;1
2004.06.21 06:48;393.3;393.3;393.3;393.3;1
2004.06.21 06:49;393.6;393.6;393.6;393.6;1
2004.06.21 07:00;393.6;393.6;393.6;393.6;1
2004.06.21 07:04;393.3;393.3;393.3;393.3;1
2004.06.21 07:18;393.6;393.6;393.6;393.6;1
2004.06.21 07:27;393.6;393.6;393.6;393.6;1
2004.06.21 07:30;393.3;393.3;393.3;393.3;1
2004.06.21 07:37;393.3;393.3;393.3;393.3;1
2004.06.21 07:42;393.3;393.3;393.3;393.3;1
2004.06.21 07:49;393.6;393.6;393.6;393.6;1
2004.06.21 08:03;393.3;393.3;393.3;393.3;1
2004.06.21 08:09;393.3;393.3;393.1;393.1;2
2004.06.21 08:12;393.1;393.1;393.1;393.1;1
2004.06.21 08:14;393.1;393.1;393.1;393.1;1
2004.06.21 08:18;393.3;393.3;393.1;393.1;3
2004.06.21 08:23;393.1;393.1;393.1;393.1;1
2004.06.21 08:29;393.3;393.3;393.3;393.3;1
2004.06.21 08:43;393.5;393.5;393.5;393.5;1
2004.06.21 08:47;393.6;393.6;393.5;393.5;2
2004.06.21 08:51;393.8;393.8;393.8;393.8;1
2004.06.21 08:52;393.6;393.6;393.6;393.6;1
2004.06.21 08:55;393.8;393.8;393.8;393.8;1
2004.06.21 08:59;393.6;393.6;393.6;393.6;1
2004.06.21 09:01;393.5;393.5;393.5;393.5;1
2004.06.21 09:02;393.6;393.6;393.6;393.6;1
2004.06.21 09:06;393.6;393.6;393.5;393.5;2
2004.06.21 09:07;393.3;393.3;393.3;393.3;1
2004.06.21 09:19;393.3;393.3;393.1;393.1;4
2004.06.21 09:20;393.3;393.3;393.3;393.3;1
2004.06.21 09:30;393.3;393.3;393.1;393.1;2
2004.06.21 09:32;393.3;393.3;393.3;393.3;1
2004.06.21 09:36;393.1;393.3;393.1;393.3;2
2004.06.21 09:49;393.1;393.1;393.1;393.1;1
2004.06.21 09:51;392.8;392.8;392.8;392.8;1
2004.06.21 09:56;392.3;392.3;392.3;392.3;1
2004.06.21 10:12;392.5;392.6;392.5;392.6;2
2004.06.21 10:15;392.3;392.6;392.3;392.6;2
2004.06.21 10:16;392.3;392.3;392.3;392.3;1
2004.06.21 10:17;392.6;392.6;392.6;392.6;1
2004.06.21 10:25;392.5;392.5;392.5;392.5;1
2004.06.21 10:26;392.3;392.3;392.3;392.3;1
2004.06.21 10:30;392.6;392.6;392.6;392.6;1
2004.06.21 10:35;393.1;393.1;393.1;393.1;1
2004.06.21 10:42;393.1;393.1;393.1;393.1;1
2004.06.21 10:43;393.3;393.3;393.3;393.3;1
2004.06.21 10:51;393.3;393.3;393.3;393.3;1
2004.06.21 10:53;393.3;393.3;393.3;393.3;1
2004.06.21 10:57;393.3;393.3;393.3;393.3;1
2004.06.21 10:58;393.1;393.1;393.1;393.1;1
2004.06.21 10:59;392.8;392.8;392.8;392.8;1
2004.06.21 11:04;393.3;393.3;393.3;393.3;1
2004.06.21 11:19;393.3;393.3;393.3;393.3;1
2004.06.21 11:26;393.3;393.3;393.3;393.3;1
2004.06.21 11:28;393.3;393.3;393.3;393.3;1
2004.06.21 11:40;393.3;393.3;393.3;393.3;1
2004.06.21 11:42;393.3;393.3;393.3;393.3;1
2004.06.21 11:47;393.5;393.5;393.3;393.3;2
2004.06.21 11:50;393.3;393.3;393.3;393.3;1
2004.06.21 11:51;393.6;393.6;393.6;393.6;1
2004.06.21 11:54;393.8;393.8;393.8;393.8;1
2004.06.21 11:58;393.6;393.6;393.6;393.6;1
2004.06.21 12:03;393.3;393.3;393.3;393.3;1
2004.06.21 12:07;393.6;393.6;393.6;393.6;1
2004.06.21 12:08;393.3;393.3;393.3;393.3;1
2004.06.21 12:17;393.6;393.6;393.6;393.6;1
2004.06.21 12:20;393.6;393.6;393.6;393.6;1
2004.06.21 12:25;393.8;393.8;393.8;393.8;1
2004.06.21 12:28;393.8;393.8;393.8;393.8;1
2004.06.21 12:31;393.8;393.8;393.8;393.8;1
2004.06.21 12:48;393.8;393.8;393.8;393.8;1
2004.06.21 13:04;393.8;393.8;393.8;393.8;1
2004.06.21 13:05;393.6;393.6;393.6;393.6;1
2004.06.21 13:14;393.8;393.8;393.8;393.8;1
2004.06.21 13:20;393.8;393.8;393.8;393.8;1
2004.06.21 13:23;393.6;393.6;393.6;393.6;1
2004.06.21 13:24;393.8;393.8;393.8;393.8;1
2004.06.21 13:26;393.6;393.6;393.6;393.6;1
2004.06.21 13:43;394.3;394.6;394.3;394.3;4
2004.06.21 13:44;394.6;394.6;394.6;394.6;1
2004.06.21 13:48;394.8;394.8;394.8;394.8;1
2004.06.21 13:49;395.1;395.1;395.1;395.1;1
2004.06.21 13:50;394.8;394.8;394.8;394.8;1
2004.06.21 13:51;395.1;395.8;395.1;395.8;3
2004.06.21 13:52;395.6;395.6;395.6;395.6;1
2004.06.21 13:53;395.8;395.8;395.8;395.8;1
2004.06.21 13:55;395.6;395.6;395.6;395.6;1
2004.06.21 13:56;395.8;395.8;395.8;395.8;1
2004.06.21 13:57;395.8;396.1;395.8;396.1;2
2004.06.21 13:58;395.8;395.8;395.8;395.8;1
2004.06.21 13:59;396;396.1;396;396;3
2004.06.21 14:01;396.1;396.1;396.1;396.1;1
2004.06.21 14:06;396.3;396.3;396.3;396.3;1
2004.06.21 14:08;396.3;396.3;396.3;396.3;1
2004.06.21 14:18;396.3;396.3;396.3;396.3;1
2004.06.21 14:19;396.1;396.1;396.1;396.1;1
2004.06.21 14:20;396.6;396.6;396.3;396.5;4
2004.06.21 14:21;396.3;396.3;396.1;396.1;10
2004.06.21 14:22;396.1;396.1;396.1;396.1;1
2004.06.21 14:23;396.3;396.3;396.1;396.1;14
2004.06.21 14:24;396.3;396.3;396.3;396.3;1
2004.06.21 14:25;396.3;396.3;396.1;396.1;4
2004.06.21 14:26;396.3;396.3;396.1;396.3;7
2004.06.21 14:27;396.3;396.3;396.1;396.1;11
2004.06.21 14:28;396;396.1;396;396.1;2
2004.06.21 14:29;396;396.1;395.8;396;11
2004.06.21 14:30;396.1;396.1;396.1;396.1;1
2004.06.21 14:32;396.1;396.1;396.1;396.1;1
2004.06.21 14:33;396.1;396.3;396.1;396.3;12
2004.06.21 14:34;396.1;396.3;396.1;396.3;7
2004.06.21 14:35;396.3;396.3;396.3;396.3;1
2004.06.21 14:36;396.6;396.6;396.3;396.3;4
2004.06.21 14:37;396.6;396.8;396.6;396.8;2
2004.06.21 14:38;396.8;396.8;396.8;396.8;1
2004.06.21 14:39;396.6;396.6;396.6;396.6;1
2004.06.21 14:40;396.6;396.6;396.6;396.6;1
2004.06.21 14:41;396.5;396.6;396.5;396.5;3
2004.06.21 14:42;396.6;396.6;396.6;396.6;1
2004.06.21 14:43;396.5;396.6;396.3;396.6;3
2004.06.21 14:44;396.8;396.8;396.6;396.6;4
2004.06.21 14:45;396.6;396.8;396.6;396.6;3
2004.06.21 14:46;396.6;396.8;396.6;396.6;5
2004.06.21 14:47;396.5;396.5;396.3;396.3;4
2004.06.21 14:48;396.3;396.3;396.1;396.1;2
2004.06.21 14:49;396.1;396.1;395.8;395.8;4
2004.06.21 14:50;395.6;395.8;395.6;395.8;3
2004.06.21 14:51;395.6;395.6;395.6;395.6;1
2004.06.21 14:52;395.5;395.5;395;395.1;11
2004.06.21 14:53;395;395.1;395;395.1;7
2004.06.21 14:54;395.1;395.3;395.1;395.1;6
2004.06.21 14:55;395.3;395.3;395.3;395.3;1
2004.06.21 14:56;395.1;395.3;395.1;395.3;4
2004.06.21 14:57;395.1;395.1;395.1;395.1;1
2004.06.21 14:58;395;395.1;395;395.1;2
2004.06.21 14:59;395.1;395.3;395;395;8
2004.06.21 15:00;395.1;395.3;395.1;395.3;3
2004.06.21 15:01;395.3;395.6;395.3;395.6;6
2004.06.21 15:02;395.6;395.8;395.6;395.6;5
2004.06.21 15:03;395.8;395.8;395.8;395.8;1
2004.06.21 15:04;395.8;395.8;395.8;395.8;1
2004.06.21 15:05;395.8;395.8;395.8;395.8;1
2004.06.21 15:06;395.8;395.8;395.6;395.6;7
2004.06.21 15:07;395.6;395.6;395.3;395.3;5
2004.06.21 15:08;395.5;395.5;395.3;395.3;8
2004.06.21 15:09;395.5;395.6;395.5;395.6;4
2004.06.21 15:11;395.8;395.8;395.6;395.6;3
2004.06.21 15:12;395.3;395.3;395.3;395.3;1
2004.06.21 15:13;395.3;395.3;395.3;395.3;1
2004.06.21 15:14;395.3;395.3;395.3;395.3;1
2004.06.21 15:15;395.1;395.1;395.1;395.1;1
2004.06.21 15:16;395.1;395.5;395.1;395.5;4
2004.06.21 15:17;395.3;395.6;395.3;395.6;3
2004.06.21 15:21;395.5;395.5;395.5;395.5;1
2004.06.21 15:22;395.3;395.6;395.3;395.3;3
2004.06.21 15:23;395.6;395.6;395.6;395.6;1
2004.06.21 15:24;395.6;396.1;395.6;396.1;5
2004.06.21 15:25;396.3;396.3;396.3;396.3;1
2004.06.21 15:28;396.1;396.1;396.1;396.1;1
2004.06.21 15:29;396.1;396.3;396.1;396.3;2
2004.06.21 15:30;396.1;396.1;396.1;396.1;1
2004.06.21 15:31;396.1;396.3;396.1;396.1;5
2004.06.21 15:32;396.3;396.3;396;396;6
2004.06.21 15:33;396.1;396.1;395.8;395.8;5
2004.06.21 15:34;395.8;395.8;395.6;395.6;2
2004.06.21 15:35;395.5;395.5;395.3;395.3;2
2004.06.21 15:36;395.1;395.1;395.1;395.1;1
2004.06.21 15:37;395.3;395.3;395.1;395.1;4
2004.06.21 15:38;395.1;395.1;395;395;2
2004.06.21 15:39;394.8;395;394.8;394.8;4
2004.06.21 15:40;395;395.1;395;395.1;4
2004.06.21 15:41;395;395.1;395;395.1;4
2004.06.21 15:42;395;395.1;395;395.1;2
2004.06.21 15:43;395.3;395.3;394.8;395;4
2004.06.21 15:44;395.1;395.3;395.1;395.3;2
2004.06.21 15:45;395.1;395.3;395.1;395.3;3
2004.06.21 15:46;395.6;395.6;395.3;395.3;4
2004.06.21 15:47;395.3;395.3;395.1;395.3;4
2004.06.21 15:48;395.3;395.3;395.3;395.3;1
2004.06.21 15:49;395.3;395.3;395.1;395.3;4
2004.06.21 15:50;395.1;395.3;395.1;395.1;3
2004.06.21 15:52;395.1;395.1;395;395.1;4
2004.06.21 15:53;395;395.1;395;395.1;2
2004.06.21 15:54;394.8;395;394.8;395;2
2004.06.21 15:55;394.8;394.8;394.8;394.8;1
2004.06.21 15:56;395.1;395.1;395.1;395.1;1
2004.06.21 15:57;395;395.1;395;395;3
2004.06.21 15:58;394.8;395.1;394.8;395.1;3
2004.06.21 15:59;395;395.1;395;395;3
2004.06.21 16:01;395.1;395.1;395.1;395.1;1
2004.06.21 16:02;394.8;395;394.8;394.8;3
2004.06.21 16:04;394.8;394.8;394.8;394.8;1
2004.06.21 16:05;394.3;394.8;394.3;394.6;6
2004.06.21 16:06;394.5;394.6;394.3;394.6;6
2004.06.21 16:07;394.3;394.3;394;394.3;8
2004.06.21 16:08;394.3;394.3;394.1;394.3;9
2004.06.21 16:09;394.3;394.8;394.3;394.8;12
2004.06.21 16:10;394.6;395;394.6;394.8;5
2004.06.21 16:11;394.5;394.8;394.3;394.6;9
2004.06.21 16:12;394.3;394.6;394.3;394.6;4
2004.06.21 16:13;394.3;394.8;394.1;394.8;12
2004.06.21 16:14;394.3;394.8;394.3;394.6;7
2004.06.21 16:15;394.5;394.8;394.5;394.8;4
2004.06.21 16:16;394.8;394.8;394.6;394.6;10
2004.06.21 16:17;394.3;394.3;393.6;393.6;3
2004.06.21 16:18;393.8;394.1;393.8;394.1;8
2004.06.21 16:19;393.8;393.8;393.6;393.8;7
2004.06.21 16:20;393.6;393.8;393.6;393.6;7
2004.06.21 16:21;393.6;393.8;393.1;393.6;14
2004.06.21 16:22;393.6;393.8;393.6;393.6;6
2004.06.21 16:23;393.8;394.1;393.8;394;7
2004.06.21 16:24;394.1;394.1;394;394.1;6
2004.06.21 16:25;393.5;394;393.5;393.8;5
2004.06.21 16:26;393.8;393.8;393.8;393.8;1
2004.06.21 16:27;393.8;393.8;393.3;393.5;12
2004.06.21 16:28;393.5;393.8;393.3;393.8;6
2004.06.21 16:29;393.6;393.8;393.6;393.6;5
2004.06.21 16:30;393.3;393.5;393.1;393.3;8
2004.06.21 16:31;393.1;393.1;392.6;392.6;4
2004.06.21 16:32;392.6;392.6;392.3;392.3;6
2004.06.21 16:33;392.8;393.1;392.6;393.1;7
2004.06.21 16:34;393.3;393.6;393.3;393.6;3
2004.06.21 16:35;393.5;393.6;393.1;393.3;6
2004.06.21 16:36;393.1;393.3;393.1;393.3;5
2004.06.21 16:37;393.1;393.3;393.1;393.3;2
2004.06.21 16:38;393.1;393.3;393.1;393.3;6
2004.06.21 16:39;393.1;393.3;392.8;393.3;12
2004.06.21 16:40;393.3;393.3;393.3;393.3;1
2004.06.21 16:41;393.1;393.5;393.1;393.3;5
2004.06.21 16:42;393.5;393.5;393.3;393.5;5
2004.06.21 16:43;393.6;393.6;393.6;393.6;1
2004.06.21 16:44;393.1;393.3;393.1;393.1;3
2004.06.21 16:45;393.1;393.1;393;393;2
2004.06.21 16:46;393.1;393.5;393.1;393.3;4
2004.06.21 16:47;392.8;392.8;392.8;392.8;1
2004.06.21 16:48;393.1;393.3;393.1;393.3;2
2004.06.21 16:49;393.3;393.6;393.3;393.6;7
2004.06.21 16:50;393.3;393.3;393.1;393.1;5
2004.06.21 16:51;393.3;393.8;393.1;393.8;13
2004.06.21 16:52;393.6;394;393.5;393.8;4
2004.06.21 16:53;394;394.1;393.8;394;5
2004.06.21 16:54;394.1;394.1;393.5;393.8;6
2004.06.21 16:55;394.1;394.3;394.1;394.3;2
2004.06.21 16:56;393.8;394.3;393.6;394.3;11
2004.06.21 16:57;394.1;394.3;394.1;394.3;5
2004.06.21 16:58;393.8;394.1;393.6;393.6;3
2004.06.21 16:59;394;394;393.5;393.5;3
2004.06.21 17:00;393.1;393.6;393.1;393.6;8
2004.06.21 17:01;393.6;393.6;392.8;393.3;7
2004.06.21 17:02;393.5;393.5;393.3;393.3;2
2004.06.21 17:03;393;393.3;392.6;393.1;5
2004.06.21 17:04;393;393.1;393;393.1;4
2004.06.21 17:05;393.1;393.1;393;393;3
2004.06.21 17:06;392.8;393.1;392.8;392.8;4
2004.06.21 17:07;392.6;392.8;392.6;392.8;4
2004.06.21 17:08;392.6;393.1;392.6;393.1;5
2004.06.21 17:09;393.3;393.3;393.3;393.3;1
2004.06.21 17:10;392.8;393.3;392.8;392.8;4
2004.06.21 17:11;392.6;393;392.6;393;2
2004.06.21 17:12;392.8;393.3;392.8;393.3;4
2004.06.21 17:13;393.3;393.6;393.3;393.6;4
2004.06.21 17:14;393.1;393.5;393.1;393.3;3
2004.06.21 17:15;393.6;393.6;393.6;393.6;1
2004.06.21 17:16;393.3;393.5;393.1;393.5;4
2004.06.21 17:17;393.3;393.6;393.1;393.6;5
2004.06.21 17:18;393.3;393.3;392.8;393.1;4
2004.06.21 17:19;393;393.5;393;393.5;2
2004.06.21 17:20;393.1;393.3;393.1;393.3;2
2004.06.21 17:21;393.1;393.5;393;393.5;4
2004.06.21 17:22;393.5;394;393.5;394;4
2004.06.21 17:23;393.8;394;393.8;393.8;5
2004.06.21 17:24;393.6;393.6;393.5;393.6;4
2004.06.21 17:25;393.8;394.1;393.6;394.1;5
2004.06.21 17:27;393.5;393.5;393.5;393.5;1
2004.06.21 17:28;394.1;394.3;393.8;393.8;5
2004.06.21 17:29;394.1;394.1;394.1;394.1;1
2004.06.21 17:30;394;394.3;394;394.1;5
2004.06.21 17:31;394.3;394.3;393.8;393.8;3
2004.06.21 17:32;394.3;394.6;394.3;394.6;7
2004.06.21 17:33;394.6;394.8;394.6;394.8;2
2004.06.21 17:34;395;395.1;395;395;3
2004.06.21 17:35;395.1;395.3;394.6;394.6;5
2004.06.21 17:36;395;395.3;395;395.3;6
2004.06.21 17:37;395.1;395.1;394.6;395;4
2004.06.21 17:38;394.8;394.8;394.6;394.8;3
2004.06.21 17:39;395;395;394.8;394.8;7
2004.06.21 17:40;394.8;395;394.8;394.8;4
2004.06.21 17:41;394.8;394.8;394.5;394.5;2
2004.06.21 17:42;394.6;394.6;394.3;394.5;6
2004.06.21 17:43;394.6;394.6;394.5;394.6;6
2004.06.21 17:44;394.8;394.8;394.8;394.8;1
2004.06.21 17:45;394.1;394.8;394.1;394.8;8
2004.06.21 17:46;394.6;394.6;394.3;394.6;4
2004.06.21 17:47;394.3;394.6;394.3;394.6;10
2004.06.21 17:48;394.5;395.1;394.5;394.5;8
2004.06.21 17:49;394.3;394.8;394.3;394.8;3
2004.06.21 17:50;394.6;394.8;394.5;394.8;6
2004.06.21 17:51;394.6;394.6;394.3;394.6;3
2004.06.21 17:52;394.1;394.3;394.1;394.1;5
2004.06.21 17:53;394.5;394.8;394.5;394.6;6
2004.06.21 17:54;394.6;394.8;394.3;394.8;4
2004.06.21 17:55;394.6;394.6;394.6;394.6;1
2004.06.21 17:56;394.6;394.8;394.3;394.6;5
2004.06.21 17:57;394.8;394.8;394.6;394.6;2
2004.06.21 17:58;394.5;394.8;394.3;394.6;7
2004.06.21 17:59;394.1;394.6;394.1;394.6;5
2004.06.21 18:02;394.3;394.6;394.3;394.6;2
2004.06.21 18:03;394.5;394.5;394;394;2
2004.06.21 18:04;394.8;394.8;394.1;394.3;4
2004.06.21 18:05;393.8;394.1;393.6;393.6;4
2004.06.21 18:06;393.8;393.8;393.5;393.8;5
2004.06.21 18:07;393.8;394.1;393.8;394.1;6
2004.06.21 18:08;393.8;394.1;393.6;394.1;7
2004.06.21 18:10;394.1;394.3;394;394.1;4
2004.06.21 18:11;394.1;394.1;393.8;393.8;5
2004.06.21 18:12;393.8;394.1;393.8;394.1;2
2004.06.21 18:13;394.1;394.1;394.1;394.1;1
2004.06.21 18:14;393.8;394.1;393.8;394.1;6
2004.06.21 18:15;393.6;393.8;393.6;393.6;3
2004.06.21 18:16;393.8;393.8;393.6;393.6;3
2004.06.21 18:18;394.3;394.3;394.1;394.1;5
2004.06.21 18:19;394.3;394.3;394.3;394.3;1
2004.06.21 18:20;394.3;394.3;394.1;394.3;6
2004.06.21 18:21;394.3;394.3;393.8;394.1;4
2004.06.21 18:22;394.1;394.1;393.6;393.6;4
2004.06.21 18:23;393.3;393.8;393.3;393.6;4
2004.06.21 18:24;393.6;393.8;393.6;393.8;5
2004.06.21 18:26;393.5;393.8;393.5;393.8;2
2004.06.21 18:27;393.8;393.8;393.6;393.6;2
2004.06.21 18:30;393.3;393.8;393.3;393.8;10
2004.06.21 18:31;393.3;393.6;393.3;393.3;3
2004.06.21 18:32;393.6;393.8;393.1;393.8;6
2004.06.21 18:33;393.6;393.6;393.6;393.6;1
2004.06.21 18:34;393.5;394;393.5;394;5
2004.06.21 18:35;393.8;394;393.8;394;2
2004.06.21 18:36;393.6;393.8;393.3;393.8;4
2004.06.21 18:37;393.8;393.8;393.8;393.8;1
2004.06.21 18:38;393.6;393.6;393.1;393.1;3
2004.06.21 18:39;393.3;393.3;393.1;393.1;5
2004.06.21 18:40;392.6;393.1;392.6;393.1;5
2004.06.21 18:41;392.6;392.8;392.6;392.8;6
2004.06.21 18:42;393.1;393.1;393.1;393.1;1
2004.06.21 18:43;392.6;393.1;392.6;393;4
2004.06.21 18:44;392.8;393.1;392.8;393.1;4
2004.06.21 18:45;393;393;392.8;392.8;2
2004.06.21 18:46;392.5;392.8;392.3;392.8;5
2004.06.21 18:47;392.5;393.1;392.5;392.8;7
2004.06.21 18:48;392.5;392.8;392.5;392.6;5
2004.06.21 18:49;392.8;392.8;392.1;392.5;3
2004.06.21 18:50;392.3;393.3;392.3;393.3;6
2004.06.21 18:51;393.3;393.3;393.3;393.3;1
2004.06.21 18:52;393.1;393.3;393;393.3;6
2004.06.21 18:53;392.8;393.1;392.8;393.1;5
2004.06.21 18:54;393;393.1;392.6;393;4
2004.06.21 18:55;392.8;392.8;392.8;392.8;1
2004.06.21 18:56;392.8;392.8;392.5;392.5;4
2004.06.21 18:57;392.8;392.8;392.6;392.8;3
2004.06.21 18:58;392.3;392.5;392.3;392.5;2
2004.06.21 18:59;392.3;393.1;392.3;393.1;5
2004.06.21 19:00;393;393;393;393;1
2004.06.21 19:01;393.1;393.3;393.1;393.1;4
2004.06.21 19:02;393.1;393.1;392.8;392.8;2
2004.06.21 19:03;392.6;393.3;392.6;393.1;8
2004.06.21 19:04;393.1;393.3;392.8;393.1;6
2004.06.21 19:05;392.6;393.1;392.6;393.1;3
2004.06.21 19:06;392.8;393;392.8;393;2
2004.06.21 19:07;392.8;393.3;392.8;393.3;4
2004.06.21 19:08;393.1;393.1;393.1;393.1;1
2004.06.21 19:09;392.8;393.3;392.8;393.3;4
2004.06.21 19:10;392.8;393.3;392.8;393.3;4
2004.06.21 19:11;393.3;393.3;393.3;393.3;1
2004.06.21 19:12;392.8;393.3;392.8;393.3;4
2004.06.21 19:13;393.3;393.3;393.3;393.3;1
2004.06.21 19:14;393.3;393.3;393.3;393.3;1
2004.06.21 19:15;393.3;393.3;393.1;393.3;3
2004.06.21 19:16;393.3;393.3;392.8;393.3;7
2004.06.21 19:17;393.1;393.1;393.1;393.1;1
2004.06.21 19:18;392.8;392.8;392.6;392.6;3
2004.06.21 19:19;392.8;392.8;392.6;392.6;5
2004.06.21 19:20;392.8;392.8;392.6;392.8;5
2004.06.21 19:21;392.8;393.3;392.8;393.1;3
2004.06.21 19:22;393.1;393.1;393.1;393.1;1
2004.06.21 19:23;393;393.1;392.8;393.1;5
2004.06.21 19:24;393;393.3;392.8;393.3;8
2004.06.21 19:25;393.3;393.3;393.1;393.1;7
2004.06.21 19:26;392.8;392.8;392.6;392.8;3
2004.06.21 19:27;392.8;393.3;392.6;393.1;12
2004.06.21 19:28;393.3;393.3;393;393.3;4
2004.06.21 19:29;393.3;393.5;393.3;393.3;7
2004.06.21 19:30;393.1;393.1;393.1;393.1;1
2004.06.21 19:31;393.5;393.5;393.3;393.3;2
2004.06.21 19:32;393.1;393.1;393.1;393.1;1
2004.06.21 19:33;393;393;393;393;1
2004.06.21 19:34;393.1;393.1;393.1;393.1;1
2004.06.21 19:35;393.3;393.6;393.3;393.5;8
2004.06.21 19:36;393.3;393.6;393.3;393.6;2
2004.06.21 19:37;393.1;393.1;393.1;393.1;1
2004.06.21 19:39;393.5;393.5;393.5;393.5;1
2004.06.21 19:40;393.6;393.6;393.6;393.6;1
2004.06.21 19:41;393.1;393.1;393.1;393.1;1
2004.06.21 19:42;393.3;393.3;393.3;393.3;1
2004.06.21 19:44;393.3;393.3;393.3;393.3;1
2004.06.21 19:46;393;393;393;393;1
2004.06.21 19:53;393.1;393.1;393;393;2
2004.06.21 19:55;393.1;393.1;393.1;393.1;1
2004.06.21 19:56;393;393;393;393;1
2004.06.21 19:58;393.1;393.1;393.1;393.1;1
2004.06.21 20:00;393.6;393.6;393.6;393.6;1
2004.06.21 20:01;393.3;393.5;393.3;393.3;3
2004.06.21 20:02;393.5;393.5;393.5;393.5;1
2004.06.21 20:03;393.3;393.3;393.3;393.3;1
2004.06.21 20:04;393.3;393.3;392.8;392.8;4
2004.06.21 20:05;392.8;392.8;392.8;392.8;1
2004.06.21 20:06;393.1;393.1;393.1;393.1;1
2004.06.21 20:08;393;393;393;393;1
2004.06.21 20:09;393.1;393.1;393.1;393.1;1
2004.06.21 20:11;393;393.1;393;393.1;2
2004.06.21 20:14;393;393.3;393;393.3;2
2004.06.21 20:16;393;393;393;393;1
2004.06.21 20:18;393.1;393.3;393.1;393.3;2
2004.06.21 20:20;393.5;393.5;393.5;393.5;1
2004.06.21 20:21;393.1;393.1;393.1;393.1;1
2004.06.21 20:22;393.3;393.3;393.3;393.3;1
2004.06.21 20:24;393.3;393.3;393.3;393.3;1
2004.06.21 20:30;393.3;393.3;393.3;393.3;1
2004.06.21 20:31;393;393.1;393;393.1;2
2004.06.21 20:32;393;393.1;393;393.1;2
2004.06.21 20:36;393.3;393.3;393.1;393.1;2
2004.06.21 20:37;393;393.1;393;393.1;2
2004.06.21 20:38;393;393;393;393;1
2004.06.21 20:39;393.3;393.3;393.3;393.3;1
2004.06.21 20:41;393.1;393.3;393;393.3;3
2004.06.21 20:42;393.1;393.1;393.1;393.1;1
2004.06.21 20:44;393;393;393;393;1
2004.06.21 20:45;393.3;393.3;393.3;393.3;1
2004.06.21 20:46;393;393;393;393;1
2004.06.21 20:47;393.1;393.1;393;393.1;3
2004.06.21 20:48;393.3;393.3;393.3;393.3;1
2004.06.21 20:49;393.3;393.3;393.3;393.3;1
2004.06.21 20:50;393.1;393.1;393.1;393.1;1
2004.06.21 20:51;393;393.1;393;393.1;2
2004.06.21 20:52;393;393;393;393;1
2004.06.21 20:53;393.1;393.1;393;393;2
2004.06.21 20:54;393.1;393.1;393.1;393.1;1
2004.06.21 20:55;393.1;393.1;393.1;393.1;1
2004.06.21 20:59;392.8;393.1;392.8;393.1;2
2004.06.21 21:01;393.1;393.1;392.8;392.8;2
2004.06.21 21:05;393;393;393;393;1
2004.06.21 21:06;393.1;393.1;392.8;392.8;2
2004.06.21 21:07;393;393;393;393;1
2004.06.21 21:11;393.1;393.1;393.1;393.1;1
2004.06.21 21:15;393.1;393.1;393.1;393.1;1
2004.06.21 21:16;393;393;393;393;1
2004.06.21 21:21;393.1;393.1;393;393;2
2004.06.21 21:22;393.1;393.3;393.1;393.3;2
2004.06.21 21:23;393.3;393.3;393.3;393.3;1
2004.06.21 21:25;393;393.1;393;393.1;2
2004.06.21 21:26;393;393;393;393;1
2004.06.21 21:27;393.1;393.1;393;393;2
2004.06.21 21:28;392.8;393.1;392.8;393.1;2
2004.06.21 21:32;393;393.1;393;393.1;2
2004.06.21 21:33;393;393;393;393;1
2004.06.21 21:34;393.1;393.1;393.1;393.1;1
2004.06.21 21:36;393.3;393.3;393.3;393.3;1
2004.06.21 21:37;393;393;393;393;1
2004.06.21 21:38;393.1;393.1;393.1;393.1;1
2004.06.21 21:39;393;393;393;393;1
2004.06.21 21:40;393.1;393.1;393;393.1;3
2004.06.21 21:42;393;393;393;393;1
2004.06.21 21:43;393.1;393.1;393.1;393.1;1
2004.06.21 21:44;393;393;393;393;1
2004.06.21 21:47;393.1;393.1;393.1;393.1;1
2004.06.21 21:49;393;393;393;393;1
2004.06.21 21:52;393.1;393.1;393.1;393.1;1
2004.06.21 21:55;393;393;393;393;1
2004.06.21 21:56;393.1;393.1;393.1;393.1;1
2004.06.21 21:58;393;393;393;393;1
2004.06.21 21:59;393.1;393.3;393.1;393.3;2
2004.06.21 22:00;393.1;393.1;392.8;392.8;2
2004.06.21 22:02;393.1;393.1;393.1;393.1;1
2004.06.21 22:03;393;393;393;393;1
2004.06.21 22:04;393.1;393.1;393;393;2
2004.06.21 22:06;393.1;393.1;393.1;393.1;1
2004.06.21 22:07;393;393;393;393;1
2004.06.21 22:09;393.1;393.1;393.1;393.1;1
2004.06.21 22:10;393;393;393;393;1
2004.06.21 22:11;393.3;393.3;393.3;393.3;1
2004.06.21 22:13;393;393;393;393;1
2004.06.21 22:14;393.1;393.3;393.1;393.3;2
2004.06.21 22:20;393;393;393;393;1
2004.06.21 22:21;393.1;393.1;393.1;393.1;1
2004.06.21 22:23;393.1;393.1;393.1;393.1;1
2004.06.21 22:26;392.8;392.8;392.8;392.8;1
2004.06.21 22:28;393;393.1;393;393.1;2
2004.06.21 22:29;393;393;393;393;1
2004.06.21 22:30;393.1;393.1;393.1;393.1;1
2004.06.21 22:34;392.8;392.8;392.8;392.8;1
2004.06.21 22:36;393.1;393.1;393.1;393.1;1
2004.06.21 22:46;393;393.1;393;393.1;2
2004.06.21 22:47;393.3;393.3;393.3;393.3;1
2004.06.21 22:54;393.1;393.1;393.1;393.1;1
2004.06.21 22:55;393;393;393;393;1
2004.06.21 22:56;393.1;393.3;393.1;393.3;2
2004.06.21 22:57;393.1;393.1;393.1;393.1;1
2004.06.21 22:58;393;393.1;393;393.1;2
2004.06.21 23:15;393.3;393.3;393.3;393.3;1
2004.06.21 23:18;393.3;393.3;393.3;393.3;1
2004.06.21 23:21;393.1;393.1;393.1;393.1;1
2004.06.21 23:25;393.6;393.6;393.6;393.6;1
2004.06.21 23:30;393;393;393;393;1
2004.06.21 23:31;393.1;393.1;393.1;393.1;1
2004.06.21 23:32;393;393;393;393;1
2004.06.21 23:36;393.1;393.1;393.1;393.1;1
2004.06.21 23:37;393;393;393;393;1
2004.06.21 23:39;393.1;393.1;393.1;393.1;1
2004.06.21 23:46;393;393.1;393;393.1;2
2004.06.21 23:50;393.1;393.1;393;393.1;3
2004.06.22 01:08;392.8;392.8;392.8;392.8;1
2004.06.22 01:10;393;393;393;393;1
2004.06.22 01:16;393.8;393.8;393.8;393.8;1
2004.06.22 01:18;393.1;393.1;393.1;393.1;1
2004.06.22 01:21;393;393.1;393;393.1;2
2004.06.22 01:24;393;393;393;393;1
2004.06.22 01:31;393.1;393.1;393;393.1;3
2004.06.22 01:32;393.6;393.6;393.6;393.6;1
2004.06.22 01:36;393;393;393;393;1
2004.06.22 01:40;393.1;393.1;393.1;393.1;1
2004.06.22 01:41;393.6;393.6;393.6;393.6;1
2004.06.22 01:50;393.3;393.3;393.3;393.3;1
2004.06.22 01:52;393.1;393.1;393.1;393.1;1
2004.06.22 01:56;393;393;393;393;1
2004.06.22 01:59;393.1;393.1;393.1;393.1;1
2004.06.22 02:01;393.1;393.1;393;393;2
2004.06.22 02:03;393;393;393;393;1
2004.06.22 02:06;393.6;393.6;393.1;393.3;6
2004.06.22 02:07;393.3;393.3;393.3;393.3;1
2004.06.22 02:11;393.1;393.1;393.1;393.1;1
2004.06.22 02:17;394.1;394.1;394.1;394.1;1
2004.06.22 02:18;394.6;394.6;393.6;393.8;7
2004.06.22 02:19;393.6;393.6;393.6;393.6;1
2004.06.22 02:22;393.8;393.8;393.8;393.8;1
2004.06.22 02:23;393.8;393.8;393.8;393.8;1
2004.06.22 02:24;393.8;393.8;393.8;393.8;1
2004.06.22 02:25;394;394.3;393.8;393.8;3
2004.06.22 02:28;394.3;394.3;394.3;394.3;1
2004.06.22 02:29;394.3;394.3;394.3;394.3;1
2004.06.22 02:30;394.6;394.6;394.5;394.5;2
2004.06.22 02:33;394.5;394.6;394.5;394.6;2
2004.06.22 02:34;394.3;394.3;393.8;393.8;3
2004.06.22 02:36;394.3;394.3;394.3;394.3;1
2004.06.22 02:45;394.1;394.1;394.1;394.1;1
2004.06.22 02:46;394.3;394.3;394.3;394.3;1
2004.06.22 02:48;394.3;394.3;394.3;394.3;1
2004.06.22 02:49;394.3;394.3;394.3;394.3;1
2004.06.22 02:59;394.3;394.3;394.3;394.3;1
2004.06.22 03:07;394.3;394.3;394.3;394.3;1
2004.06.22 03:09;394.3;394.3;394.3;394.3;1
2004.06.22 03:10;394;394.1;394;394.1;2
2004.06.22 03:11;394.3;394.5;394.3;394.5;2
2004.06.22 03:12;394.3;394.3;394.3;394.3;1
2004.06.22 03:20;394.6;394.6;394.6;394.6;1
2004.06.22 03:22;394.5;394.5;394.5;394.5;1
2004.06.22 03:27;394.6;394.6;394.6;394.6;1
2004.06.22 03:30;394.5;394.5;394.5;394.5;1
2004.06.22 03:33;394.3;394.3;394.3;394.3;1
2004.06.22 03:35;394.3;394.3;394.3;394.3;1
2004.06.22 03:53;393.1;393.1;393.1;393.1;1
2004.06.22 03:55;393.3;393.3;393.3;393.3;1
2004.06.22 03:58;393.8;393.8;393.8;393.8;1
2004.06.22 03:59;394.3;394.3;393.3;393.3;2
2004.06.22 04:00;394;394;394;394;1
2004.06.22 04:01;394.3;394.3;394.3;394.3;1
2004.06.22 04:04;394.1;394.1;394.1;394.1;1
2004.06.22 04:09;394.3;394.3;394.3;394.3;1
2004.06.22 04:15;394.5;394.5;394.5;394.5;1
2004.06.22 04:26;394.1;394.1;394.1;394.1;1
2004.06.22 05:13;393.8;393.8;393.8;393.8;1
2004.06.22 05:23;393.8;393.8;393.8;393.8;1
2004.06.22 05:26;393.8;393.8;393.8;393.8;1
2004.06.22 05:27;393.8;393.8;393.8;393.8;1
2004.06.22 05:33;393.8;393.8;393.8;393.8;1
2004.06.22 05:36;393.8;393.8;393.8;393.8;1
2004.06.22 05:40;393.8;393.8;393.8;393.8;1
2004.06.22 05:47;393.8;393.8;393.8;393.8;1
2004.06.22 05:48;393.8;393.8;393.6;393.6;3
2004.06.22 05:51;394;394;394;394;1
2004.06.22 05:55;393.6;393.6;393.6;393.6;1
2004.06.22 06:00;393.6;393.6;393.6;393.6;1
2004.06.22 06:12;393.8;394;393.8;394;2
2004.06.22 06:13;393.8;393.8;393.8;393.8;1
2004.06.22 06:19;393.8;393.8;393.8;393.8;1
2004.06.22 06:22;393.8;393.8;393.8;393.8;1
2004.06.22 06:24;393.6;393.6;393.6;393.6;1
2004.06.22 06:27;393.8;393.8;393.8;393.8;1
2004.06.22 06:32;393.6;393.6;393.6;393.6;1
2004.06.22 06:34;393.6;393.6;393.6;393.6;1
2004.06.22 06:37;393.6;393.6;393.6;393.6;1
2004.06.22 06:42;393.3;393.6;393.3;393.6;2
2004.06.22 06:44;393.5;393.6;393.5;393.6;2
2004.06.22 06:47;393.5;393.8;393.5;393.6;3
2004.06.22 06:53;393.6;393.6;393.6;393.6;1
2004.06.22 07:03;393.5;393.5;393.3;393.5;3
2004.06.22 07:04;393.3;393.3;393.3;393.3;1
2004.06.22 07:05;393.3;393.3;393.3;393.3;1
2004.06.22 07:06;393.3;393.3;393.3;393.3;1
2004.06.22 07:15;393.3;393.3;393.3;393.3;1
2004.06.22 07:17;393.3;393.3;393.3;393.3;1
2004.06.22 07:21;393.3;393.3;393.3;393.3;1
2004.06.22 07:31;393.1;393.1;393.1;393.1;1
2004.06.22 07:32;393.3;393.3;393.3;393.3;1
2004.06.22 07:33;393.1;393.1;393.1;393.1;1
2004.06.22 07:35;393;393;393;393;1
2004.06.22 07:38;393.1;393.1;393.1;393.1;1
2004.06.22 07:39;393.1;393.1;393.1;393.1;1
2004.06.22 07:40;393.1;393.1;393.1;393.1;1
2004.06.22 07:42;393.3;393.3;393.3;393.3;1
2004.06.22 07:43;393.1;393.1;393.1;393.1;1
2004.06.22 07:47;393;393;393;393;1
2004.06.22 07:49;392.8;392.8;392.8;392.8;1
2004.06.22 07:52;393;393;392.8;393;3
2004.06.22 07:54;392.8;393;392.8;393;2
2004.06.22 07:59;393.1;393.1;393;393;2
2004.06.22 08:00;392.8;393.1;392.8;393.1;2
2004.06.22 08:02;393.1;393.1;393;393;2
2004.06.22 08:04;392.8;392.8;392.8;392.8;1
2004.06.22 08:05;392.8;393;392.8;393;2
2004.06.22 08:06;392.6;392.8;392.6;392.8;2
2004.06.22 08:19;393;393;392.6;392.8;3
2004.06.22 08:21;392.8;392.8;392.8;392.8;1
2004.06.22 08:29;393.1;393.1;393.1;393.1;1
2004.06.22 08:30;393;393;392.8;392.8;2
2004.06.22 08:31;392.8;392.8;392.8;392.8;1
2004.06.22 08:36;392.8;392.8;392.8;392.8;1
2004.06.22 08:40;393.1;393.1;393;393;3
2004.06.22 08:42;392.8;393;392.8;393;2
2004.06.22 08:44;393;393.1;392.8;392.8;4
2004.06.22 08:52;393.1;393.1;392.8;392.8;2
2004.06.22 08:55;393;393;392.8;392.8;2
2004.06.22 08:56;393;393;392.8;392.8;4
2004.06.22 08:57;392.6;392.8;392.6;392.6;3
2004.06.22 09:00;392.6;392.6;392.6;392.6;1
2004.06.22 09:07;392.6;392.6;392.6;392.6;1
2004.06.22 09:10;392.5;392.5;392.5;392.5;1
2004.06.22 09:16;392.8;392.8;392.6;392.6;2
2004.06.22 09:22;392.6;392.6;392.6;392.6;1
2004.06.22 09:24;392.6;392.6;392.5;392.5;2
2004.06.22 09:27;392.3;392.3;392.3;392.3;1
2004.06.22 09:28;392.3;392.3;392.3;392.3;1
2004.06.22 09:29;392.3;392.3;392.3;392.3;1
2004.06.22 09:32;392.6;392.6;392.6;392.6;1
2004.06.22 09:34;392.6;392.6;392.6;392.6;1
2004.06.22 09:35;392.3;392.3;392.3;392.3;1
2004.06.22 09:37;392.8;392.8;392.6;392.8;3
2004.06.22 09:38;392.6;392.8;392.6;392.8;4
2004.06.22 09:39;392.6;392.6;392.6;392.6;1
2004.06.22 09:41;392.6;392.6;392.6;392.6;1
2004.06.22 09:51;393.1;393.1;392.8;392.8;3
2004.06.22 09:52;392.8;392.8;392.8;392.8;1
2004.06.22 09:55;393.1;393.1;393;393;2
2004.06.22 09:59;393;393;393;393;1
2004.06.22 10:02;393;393;392.8;392.8;4
2004.06.22 10:03;392.8;393.3;392.8;393.3;2
2004.06.22 10:04;393.6;393.6;393.3;393.3;3
2004.06.22 10:06;393.1;393.1;393;393;2
2004.06.22 10:09;393.1;393.1;393;393;2
2004.06.22 10:11;393.1;393.1;393;393;2
2004.06.22 10:13;393.1;393.1;393.1;393.1;1
2004.06.22 10:16;393;393;393;393;1
2004.06.22 10:20;393.3;393.3;393.3;393.3;1
2004.06.22 10:22;393;393;392.8;392.8;2
2004.06.22 10:23;393;393.1;393;393.1;2
2004.06.22 10:24;393.1;393.1;393.1;393.1;1
2004.06.22 10:26;393;393;392.8;392.8;2
2004.06.22 10:27;392.8;392.8;392.8;392.8;1
2004.06.22 10:29;393;393;393;393;1
2004.06.22 10:30;392.8;393.3;392.8;393.1;4
2004.06.22 10:36;393;393.3;393;393.3;4
2004.06.22 10:38;393;393;393;393;1
2004.06.22 10:39;393.1;393.1;392.8;392.8;2
2004.06.22 10:40;393;393;392.8;392.8;2
2004.06.22 10:42;392.6;392.6;392.6;392.6;1
2004.06.22 10:43;392.8;392.8;392.8;392.8;1
2004.06.22 10:44;393.3;393.3;393.3;393.3;1
2004.06.22 10:45;393.5;393.5;393.3;393.3;3
2004.06.22 10:47;393.3;393.3;393.1;393.1;4
2004.06.22 10:50;393.5;393.8;393.5;393.8;3
2004.06.22 10:53;393.6;393.6;393.6;393.6;1
2004.06.22 10:56;393.8;394;393.8;394;3
2004.06.22 11:02;394.1;394.1;393.3;393.6;3
2004.06.22 11:06;393.6;393.6;393.5;393.5;4
2004.06.22 11:11;393.5;393.5;393.5;393.5;1
2004.06.22 11:12;393.6;394.1;393.6;394.1;3
2004.06.22 11:13;393.6;393.6;393.6;393.6;1
2004.06.22 11:14;393.5;393.5;393.5;393.5;1
2004.06.22 11:17;393.6;393.6;393.6;393.6;1
2004.06.22 11:18;393.3;393.6;393.3;393.6;3
2004.06.22 11:19;393.5;393.5;393.5;393.5;1
2004.06.22 11:22;393.8;393.8;393.8;393.8;1
2004.06.22 11:23;393.3;393.5;393.3;393.5;2
2004.06.22 11:24;393.8;393.8;393.8;393.8;1
2004.06.22 11:25;393.6;393.8;393.6;393.8;2
2004.06.22 11:28;393.6;393.6;393.6;393.6;1
2004.06.22 11:29;393.8;393.8;393.6;393.6;2
2004.06.22 11:30;393.5;393.6;393.5;393.5;3
2004.06.22 11:32;393.5;393.5;393.5;393.5;1
2004.06.22 11:33;393.8;393.8;393.6;393.6;4
2004.06.22 11:34;393.8;394.3;393.6;394.1;9
2004.06.22 11:38;393.8;393.8;393.5;393.5;2
2004.06.22 11:39;393.6;393.6;393.5;393.5;2
2004.06.22 11:40;393.6;393.6;393.6;393.6;1
2004.06.22 11:41;393.5;393.6;393.5;393.6;2
2004.06.22 11:42;393.6;393.6;393.6;393.6;1
2004.06.22 11:45;394.1;394.1;394.1;394.1;1
2004.06.22 11:46;394;394;393.6;393.6;2
2004.06.22 11:49;393.6;393.6;393.6;393.6;1
2004.06.22 11:50;393.6;393.6;393.5;393.5;2
2004.06.22 11:53;394.1;394.1;394.1;394.1;1
2004.06.22 11:54;393.6;393.6;393.5;393.5;2
2004.06.22 11:57;393.5;393.5;393.5;393.5;1
2004.06.22 11:58;394.1;394.1;394.1;394.1;1
2004.06.22 11:59;393.8;393.8;393.6;393.6;2
2004.06.22 12:00;393.6;393.6;393.6;393.6;1
2004.06.22 12:01;393.6;393.6;393.1;393.1;3
2004.06.22 12:02;393;393.3;393;393.1;4
2004.06.22 12:03;393.8;393.8;393.8;393.8;1
2004.06.22 12:08;393.1;393.1;393.1;393.1;1
2004.06.22 12:11;393.8;393.8;393.8;393.8;1
2004.06.22 12:12;393.3;393.3;393.3;393.3;1
2004.06.22 12:13;393.5;393.5;393.5;393.5;1
2004.06.22 12:14;393.3;393.5;393.3;393.5;2
2004.06.22 12:19;393.3;393.3;393.3;393.3;1
2004.06.22 12:22;393.8;393.8;393.6;393.6;2
2004.06.22 12:28;393.5;393.5;393.3;393.3;2
2004.06.22 12:30;393.3;393.3;393.3;393.3;1
2004.06.22 12:38;393.3;393.3;393.3;393.3;1
2004.06.22 12:42;393.8;393.8;393.8;393.8;1
2004.06.22 12:43;393.3;393.3;393.3;393.3;1
2004.06.22 12:48;393.8;393.8;393.8;393.8;1
2004.06.22 12:51;393.1;393.3;393.1;393.3;2
2004.06.22 12:56;393.8;393.8;393.8;393.8;1
2004.06.22 12:57;393.8;393.8;393.8;393.8;1
2004.06.22 12:59;393.6;393.6;393.6;393.6;1
2004.06.22 13:02;393.1;393.1;393.1;393.1;1
2004.06.22 13:08;393.1;393.1;393.1;393.1;1
2004.06.22 13:09;393.3;393.8;393.3;393.8;2
2004.06.22 13:16;393.3;393.3;393.3;393.3;1
2004.06.22 13:18;393.1;393.1;393.1;393.1;1
2004.06.22 13:19;393.3;393.3;393.3;393.3;1
2004.06.22 13:21;393.8;393.8;393.8;393.8;1
2004.06.22 13:23;393.8;393.8;393.8;393.8;1
2004.06.22 13:28;393.1;393.1;393.1;393.1;1
2004.06.22 13:31;393.3;393.3;393.3;393.3;1
2004.06.22 13:32;393.8;393.8;393.8;393.8;1
2004.06.22 13:35;393.3;393.3;393.3;393.3;1
2004.06.22 13:38;393.6;393.8;393.5;393.8;5
2004.06.22 13:49;393.3;393.8;393.3;393.8;3
2004.06.22 13:50;393.3;393.3;393.3;393.3;1
2004.06.22 13:51;393.1;393.5;393.1;393.3;4
2004.06.22 13:53;393.3;393.3;393.3;393.3;1
2004.06.22 13:56;393.5;394.3;393.5;394.3;2
2004.06.22 13:58;393.8;394.1;393.3;394.1;3
2004.06.22 13:59;394;394;394;394;1
2004.06.22 14:04;393.8;393.8;393.8;393.8;1
2004.06.22 14:05;393.6;393.6;393.5;393.5;2
2004.06.22 14:06;393.8;393.8;393.3;393.3;3
2004.06.22 14:10;393.5;393.8;393.5;393.8;2
2004.06.22 14:11;393.3;393.3;393.3;393.3;1
2004.06.22 14:20;393.8;394.1;393.8;394.1;5
2004.06.22 14:27;394.6;394.6;394.6;394.6;1
2004.06.22 14:28;394.8;394.8;394.6;394.6;4
2004.06.22 14:29;394.6;394.8;394.6;394.6;4
2004.06.22 14:30;394.5;394.6;394.5;394.6;2
2004.06.22 14:32;394.5;394.5;394.3;394.3;2
2004.06.22 14:33;394.6;394.6;394.3;394.6;3
2004.06.22 14:34;394.5;394.6;394.5;394.6;4
2004.06.22 14:36;394.5;394.6;394.3;394.6;4
2004.06.22 14:37;394.3;394.6;394.3;394.6;2
2004.06.22 14:38;394.5;394.5;394.3;394.3;2
2004.06.22 14:39;394.3;394.3;394.3;394.3;1
2004.06.22 14:40;394.3;394.3;394.3;394.3;1
2004.06.22 14:41;394.1;394.1;393.8;393.8;6
2004.06.22 14:42;394;394;394;394;1
2004.06.22 14:43;394.1;394.1;394;394.1;5
2004.06.22 14:44;394;394.1;393.8;393.8;4
2004.06.22 14:45;394.1;394.1;394.1;394.1;1
2004.06.22 14:46;394;394;393.8;393.8;2
2004.06.22 14:47;394;394;393.8;393.8;2
2004.06.22 14:48;393.8;393.8;393.6;393.6;3
2004.06.22 14:49;393.5;393.5;393.3;393.5;5
2004.06.22 14:50;393.6;393.6;393.6;393.6;1
2004.06.22 14:51;393.8;393.8;393.6;393.6;4
2004.06.22 14:52;393.6;393.6;393.6;393.6;1
2004.06.22 14:53;393.6;393.8;393.6;393.8;3
2004.06.22 14:54;394;394;393.8;393.8;2
2004.06.22 14:56;393.8;393.8;393.8;393.8;1
2004.06.22 14:57;393.8;394.1;393.8;394;3
2004.06.22 14:58;393.8;393.8;393.6;393.6;3
2004.06.22 14:59;393.6;393.8;393.6;393.6;6
2004.06.22 15:00;393.6;393.6;393.6;393.6;1
2004.06.22 15:01;393.5;393.6;393.5;393.6;2
2004.06.22 15:02;393.5;393.6;393.5;393.6;2
2004.06.22 15:03;393.3;393.5;393.3;393.5;2
2004.06.22 15:04;393.6;393.8;393.6;393.8;2
2004.06.22 15:06;393.8;393.8;393.8;393.8;1
2004.06.22 15:07;393.8;393.8;393.6;393.6;7
2004.06.22 15:08;393.6;393.8;393.6;393.8;4
2004.06.22 15:09;393.8;393.8;393.8;393.8;1
2004.06.22 15:10;393.8;393.8;393.8;393.8;1
2004.06.22 15:12;393.8;393.8;393.8;393.8;1
2004.06.22 15:13;393.8;393.8;393.8;393.8;1
2004.06.22 15:14;393.6;393.8;393.6;393.6;4
2004.06.22 15:15;393.8;393.8;393.6;393.8;4
2004.06.22 15:17;393.8;393.8;393.8;393.8;1
2004.06.22 15:19;394.3;394.3;394.3;394.3;1
2004.06.22 15:20;394.6;394.6;394.6;394.6;1
2004.06.22 15:21;394.5;394.6;394.5;394.6;2
2004.06.22 15:22;394.8;394.8;394.6;394.8;3
2004.06.22 15:23;394.6;394.6;394.3;394.3;4
2004.06.22 15:24;394.5;394.5;394.5;394.5;1
2004.06.22 15:25;394.3;394.6;394.3;394.5;4
2004.06.22 15:26;394.3;394.6;394.3;394.3;4
2004.06.22 15:27;394.6;394.6;394.5;394.5;2
2004.06.22 15:28;394.3;394.3;394.3;394.3;1
2004.06.22 15:29;394.5;394.8;394.5;394.8;4
2004.06.22 15:30;395.1;395.1;395.1;395.1;1
2004.06.22 15:31;395.1;395.1;395.1;395.1;1
2004.06.22 15:32;395.3;395.3;395.3;395.3;1
2004.06.22 15:33;395.3;395.3;395.1;395.1;2
2004.06.22 15:34;395.3;395.3;395.3;395.3;1
2004.06.22 15:35;395.1;395.3;395.1;395.3;6
2004.06.22 15:36;395.3;395.3;395.3;395.3;1
2004.06.22 15:37;395.3;395.3;395.1;395.1;4
2004.06.22 15:38;395.1;395.3;395.1;395.3;4
2004.06.22 15:39;395.1;395.1;395.1;395.1;1
2004.06.22 15:40;395;395;394.8;394.8;2
2004.06.22 15:41;394.8;394.8;394.8;394.8;1
2004.06.22 15:42;394.6;394.6;394.6;394.6;1
2004.06.22 15:43;394.8;394.8;394.8;394.8;1
2004.06.22 15:45;395.3;395.3;395.3;395.3;1
2004.06.22 15:46;395.1;395.1;395.1;395.1;1
2004.06.22 15:47;395.3;395.3;395.3;395.3;1
2004.06.22 15:48;395.3;395.3;395.3;395.3;1
2004.06.22 15:49;395.3;395.3;395.3;395.3;1
2004.06.22 15:50;395.1;395.3;395.1;395.3;3
2004.06.22 15:51;395.3;395.3;395.3;395.3;1
2004.06.22 15:52;395.3;395.3;395.3;395.3;1
2004.06.22 15:53;395.6;395.6;395.6;395.6;1
2004.06.22 15:56;395.5;395.6;395.3;395.5;5
2004.06.22 15:57;395.3;395.6;395.3;395.5;4
2004.06.22 15:58;395.3;395.6;395.3;395.5;3
2004.06.22 15:59;395.6;395.6;395.3;395.3;3
2004.06.22 16:01;395.5;395.5;395.3;395.5;3
2004.06.22 16:02;395.5;395.6;395.5;395.6;3
2004.06.22 16:03;395.5;395.6;395.3;395.3;6
2004.06.22 16:04;395.5;395.5;395.3;395.3;4
2004.06.22 16:05;395.6;395.6;395.3;395.3;5
2004.06.22 16:06;395.3;395.3;395.3;395.3;1
2004.06.22 16:07;395.1;395.3;395.1;395.3;4
2004.06.22 16:08;395.1;395.1;395.1;395.1;1
2004.06.22 16:09;394.8;395;394.8;395;2
2004.06.22 16:10;394.8;395.1;394.8;395.1;5
2004.06.22 16:11;395.1;395.3;395.1;395.3;3
2004.06.22 16:12;395.3;395.3;395.3;395.3;1
2004.06.22 16:13;395.1;395.3;395.1;395.1;7
2004.06.22 16:14;395;395.1;394.8;395.1;3
2004.06.22 16:16;395.1;395.3;395.1;395.1;4
2004.06.22 16:17;395.1;395.1;395.1;395.1;1
2004.06.22 16:19;395.1;395.3;395.1;395.3;7
2004.06.22 16:21;395.1;395.1;394.8;394.8;5
2004.06.22 16:22;395;395.1;395;395.1;2
2004.06.22 16:23;394.8;395;394.8;394.8;4
2004.06.22 16:24;395;395;394.8;394.8;2
2004.06.22 16:25;394.8;394.8;394.8;394.8;1
2004.06.22 16:26;395.1;395.3;395.1;395.3;3
2004.06.22 16:28;395.1;395.3;395.1;395.3;3
2004.06.22 16:29;395.5;395.5;395.3;395.3;2
2004.06.22 16:31;395.3;395.3;395.3;395.3;1
2004.06.22 16:32;395.1;395.1;395.1;395.1;1
2004.06.22 16:33;395.1;395.1;395.1;395.1;1
2004.06.22 16:34;395.3;395.3;395.3;395.3;1
2004.06.22 16:35;395.3;395.3;395.3;395.3;1
2004.06.22 16:37;395.5;395.6;395.3;395.6;3
2004.06.22 16:38;395.6;395.8;395.6;395.8;2
2004.06.22 16:39;395.6;395.6;395.6;395.6;1
2004.06.22 16:40;395.8;395.8;395.8;395.8;1
2004.06.22 16:41;395.5;395.6;395.3;395.3;3
2004.06.22 16:42;395.5;395.6;395.5;395.6;2
2004.06.22 16:43;395.6;395.8;395.6;395.8;6
2004.06.22 16:44;395.8;395.8;395.6;395.6;3
2004.06.22 16:45;395.8;395.8;395.6;395.6;3
2004.06.22 16:46;395.6;395.8;395.6;395.8;5
2004.06.22 16:47;395.8;395.8;395.8;395.8;1
2004.06.22 16:48;395.8;395.8;395.6;395.6;3
2004.06.22 16:49;395.5;395.5;395.3;395.3;3
2004.06.22 16:50;395.3;395.3;395.1;395.1;3
2004.06.22 16:51;395.3;395.3;395.3;395.3;1
2004.06.22 16:52;395.3;395.6;395.3;395.5;4
2004.06.22 16:53;395.6;395.8;395.6;395.8;6
2004.06.22 16:54;395.6;395.6;395.6;395.6;1
2004.06.22 16:55;395.6;395.6;395.6;395.6;1
2004.06.22 16:56;395.3;395.3;395.3;395.3;1
2004.06.22 16:57;395.6;395.6;395.5;395.5;6
2004.06.22 16:58;395.6;395.6;395.3;395.3;3
2004.06.22 16:59;395.3;395.3;395.3;395.3;1
2004.06.22 17:01;395.5;395.6;395.5;395.6;2
2004.06.22 17:02;395.6;395.6;395.6;395.6;1
2004.06.22 17:04;395.5;395.6;395.5;395.6;3
2004.06.22 17:06;395.8;395.8;395.6;395.6;3
2004.06.22 17:07;395.6;395.6;395.6;395.6;1
2004.06.22 17:08;395.8;395.8;395.6;395.6;2
2004.06.22 17:09;395.6;395.6;395.6;395.6;1
2004.06.22 17:10;395.5;395.5;395.3;395.3;2
2004.06.22 17:14;395.5;395.6;395.5;395.6;5
2004.06.22 17:15;395.5;395.6;395.3;395.6;5
2004.06.22 17:16;395.5;395.6;395.5;395.6;2
2004.06.22 17:18;395.6;396.1;395.6;396.1;4
2004.06.22 17:19;396.1;396.3;396.1;396.3;3
2004.06.22 17:20;396.3;396.3;396.1;396.1;4
2004.06.22 17:21;396;396.1;395.8;396.1;3
2004.06.22 17:23;396;396.1;396;396.1;2
2004.06.22 17:24;396;396.1;395.8;395.8;6
2004.06.22 17:25;396;396;396;396;1
2004.06.22 17:27;396;396;396;396;1
2004.06.22 17:28;395.8;396.1;395.8;395.8;5
2004.06.22 17:29;395.8;396;395.6;396;3
2004.06.22 17:30;395.8;395.8;395.6;395.6;2
2004.06.22 17:31;395.5;395.6;395.5;395.6;6
2004.06.22 17:32;395.5;395.8;395.5;395.8;4
2004.06.22 17:33;395.6;396.1;395.3;396.1;4
2004.06.22 17:34;396;396;395.8;395.8;2
2004.06.22 17:35;395.6;395.8;395.3;395.3;5
2004.06.22 17:36;395.6;395.6;395.6;395.6;1
2004.06.22 17:37;395.6;395.6;395.1;395.1;2
2004.06.22 17:38;395.1;395.1;395.1;395.1;1
2004.06.22 17:39;395.1;395.3;395.1;395.3;7
2004.06.22 17:40;395.3;395.3;395.1;395.1;5
2004.06.22 17:41;395.1;395.1;395;395.1;4
2004.06.22 17:42;395.1;395.1;395.1;395.1;1
2004.06.22 17:43;395;395.6;395;395.6;2
2004.06.22 17:44;395.5;395.5;395.1;395.5;4
2004.06.22 17:45;395.6;395.6;395.3;395.3;5
2004.06.22 17:46;395;395.3;394.8;395.3;9
2004.06.22 17:47;395.3;395.3;395.3;395.3;1
2004.06.22 17:48;394.8;394.8;394.8;394.8;1
2004.06.22 17:49;394.8;395.3;394.8;395.3;2
2004.06.22 17:50;395;395.3;395;395.3;2
2004.06.22 17:51;395.1;395.3;394.8;395.3;3
2004.06.22 17:52;395.3;395.3;395.3;395.3;1
2004.06.22 17:53;395.3;395.3;395.3;395.3;1
2004.06.22 17:54;395.3;395.3;395.1;395.1;3
2004.06.22 17:55;395.1;395.1;395;395;4
2004.06.22 17:56;394.8;395;394.8;394.8;6
2004.06.22 17:57;394.5;394.8;394.3;394.8;4
2004.06.22 17:58;394.1;394.6;394.1;394.5;6
2004.06.22 17:59;394.8;394.8;394.6;394.8;5
2004.06.22 18:01;394.8;394.8;394.8;394.8;1
2004.06.22 18:02;394.6;394.6;394.5;394.5;2
2004.06.22 18:03;394.3;394.8;394.3;394.6;5
2004.06.22 18:04;394.1;394.3;394.1;394.1;4
2004.06.22 18:05;394.3;394.5;394.3;394.5;2
2004.06.22 18:06;394.1;394.3;394.1;394.3;3
2004.06.22 18:07;394.3;394.3;394.3;394.3;1
2004.06.22 18:08;393.8;394.1;393.8;393.8;10
2004.06.22 18:09;394.3;394.3;394.1;394.3;5
2004.06.22 18:10;394;394.3;394;394.3;4
2004.06.22 18:11;394.5;394.5;394.3;394.3;4
2004.06.22 18:12;394.3;394.3;394.3;394.3;1
2004.06.22 18:13;394.1;394.6;394.1;394.6;4
2004.06.22 18:14;394.5;394.6;394.5;394.6;4
2004.06.22 18:15;394.3;394.3;394.3;394.3;1
2004.06.22 18:16;394.3;394.3;394.1;394.1;2
2004.06.22 18:17;394.3;394.5;394.1;394.5;3
2004.06.22 18:18;394.3;394.8;394.3;394.8;4
2004.06.22 18:19;394.8;395.1;394.8;395;9
2004.06.22 18:20;395.1;395.1;395;395.1;5
2004.06.22 18:21;394.5;395.1;394.5;395.1;7
2004.06.22 18:22;395.3;395.3;395.1;395.1;10
2004.06.22 18:23;395.1;395.1;395.1;395.1;1
2004.06.22 18:24;394.8;395.1;394.8;395;4
2004.06.22 18:25;394.8;394.8;394.8;394.8;1
2004.06.22 18:26;394.5;394.8;394.5;394.8;3
2004.06.22 18:27;394.5;394.8;394.5;394.6;6
2004.06.22 18:28;394.3;394.8;394.3;394.6;5
2004.06.22 18:29;394.6;394.8;394.6;394.8;3
2004.06.22 18:30;394.3;394.3;394.3;394.3;1
2004.06.22 18:31;394.5;394.8;394.5;394.8;3
2004.06.22 18:32;394.6;395.1;394.6;395.1;2
2004.06.22 18:33;394.8;394.8;394.8;394.8;1
2004.06.22 18:34;394.5;395.1;394.5;394.8;5
2004.06.22 18:35;394.5;395.1;394.5;395.1;3
2004.06.22 18:36;395;395.1;394.8;394.8;4
2004.06.22 18:37;395;395.1;395;395.1;4
2004.06.22 18:38;394.8;394.8;394.8;394.8;1
2004.06.22 18:39;394.8;394.8;394.8;394.8;1
2004.06.22 18:40;394.6;394.6;394.3;394.3;7
2004.06.22 18:41;394.6;395.1;394.6;395.1;3
2004.06.22 18:42;394.5;394.8;394.5;394.8;2
2004.06.22 18:43;394.8;394.8;394.8;394.8;1
2004.06.22 18:44;394.6;394.8;394.6;394.8;2
2004.06.22 18:45;395;395.3;395;395.3;2
2004.06.22 18:46;394.8;395.1;394.8;395.1;2
2004.06.22 18:48;395;395;394.8;394.8;2
2004.06.22 18:49;394.5;394.6;394.3;394.5;4
2004.06.22 18:50;394.6;394.6;394.5;394.5;2
2004.06.22 18:52;394.3;394.3;394.3;394.3;1
2004.06.22 18:53;394.5;394.6;394.3;394.3;5
2004.06.22 18:54;394.8;395.1;394.6;395.1;3
2004.06.22 18:55;394.6;394.6;394.6;394.6;1
2004.06.22 18:56;394.8;394.8;394.6;394.8;3
2004.06.22 18:57;394.6;394.6;394.6;394.6;1
2004.06.22 18:58;394.8;394.8;394.6;394.6;2
2004.06.22 18:59;394.8;395.3;394.8;395.3;3
2004.06.22 19:01;395.1;395.1;395;395;2
2004.06.22 19:02;394.8;395.3;394.6;394.6;5
2004.06.22 19:03;395;395.1;394.8;395.1;3
2004.06.22 19:04;395;395.3;395;395.3;2
2004.06.22 19:05;394.8;395.1;394.8;395.1;2
2004.06.22 19:06;395.1;395.3;395.1;395.1;3
2004.06.22 19:07;395.3;395.3;395.1;395.3;3
2004.06.22 19:08;394.8;395.1;394.8;395.1;3
2004.06.22 19:09;395.1;395.1;394.8;394.8;2
2004.06.22 19:10;395;395.3;394.8;395.3;7
2004.06.22 19:11;395.3;395.3;395.3;395.3;1
2004.06.22 19:12;395.1;395.3;395.1;395.3;5
2004.06.22 19:13;395.1;395.6;395.1;395.6;7
2004.06.22 19:14;395.3;395.5;395.3;395.3;6
2004.06.22 19:15;395.1;395.1;395.1;395.1;1
2004.06.22 19:16;395.1;395.1;395.1;395.1;1
2004.06.22 19:17;394.8;395;394.8;394.8;3
2004.06.22 19:18;395.1;395.5;395;395;7
2004.06.22 19:19;394.8;395.1;394.8;395.1;8
2004.06.22 19:20;395;395.1;395;395;3
2004.06.22 19:21;395.1;395.1;394.8;395.1;7
2004.06.22 19:22;394.8;395;394.8;395;2
2004.06.22 19:23;395.3;395.3;395.3;395.3;1
2004.06.22 19:24;394.8;395.3;394.8;395.3;2
2004.06.22 19:25;394.8;395.3;394.8;395.1;5
2004.06.22 19:26;395.3;395.3;395.1;395.1;6
2004.06.22 19:27;394.8;394.8;394.6;394.8;4
2004.06.22 19:28;394.5;394.8;394.3;394.6;9
2004.06.22 19:29;394.3;394.6;394.3;394.5;10
2004.06.22 19:30;394.3;394.6;394.3;394.6;3
2004.06.22 19:32;394.8;394.8;394.8;394.8;1
2004.06.22 19:33;394.1;394.1;394.1;394.1;1
2004.06.22 19:34;394.6;394.6;394.3;394.3;2
2004.06.22 19:36;394.3;394.3;394.3;394.3;1
2004.06.22 19:38;394.5;394.5;394.3;394.3;2
2004.06.22 19:39;394.3;394.3;394.3;394.3;1
2004.06.22 19:40;394.6;394.6;394.1;394.1;3
2004.06.22 19:41;394.1;394.1;394.1;394.1;1
2004.06.22 19:43;394;394;394;394;1
2004.06.22 19:44;394.1;394.1;394.1;394.1;1
2004.06.22 19:45;394;394.1;394;394.1;2
2004.06.22 19:46;394.3;394.3;394.3;394.3;1
2004.06.22 19:47;394.6;394.6;394.6;394.6;1
2004.06.22 19:48;394;394;394;394;1
2004.06.22 19:49;394.1;394.1;394.1;394.1;1
2004.06.22 19:51;394;394.3;394;394.3;2
2004.06.22 19:53;394.1;394.1;394.1;394.1;1
2004.06.22 19:55;394.1;394.1;394.1;394.1;1
2004.06.22 19:56;394.6;394.6;394;394;3
2004.06.22 19:57;394.1;394.1;394.1;394.1;1
2004.06.22 20:00;394;394;394;394;1
2004.06.22 20:01;394.1;394.1;394.1;394.1;1
2004.06.22 20:02;394;394.6;394;394.6;2
2004.06.22 20:04;394;394;394;394;1
2004.06.22 20:05;394.8;394.8;394;394;2
2004.06.22 20:07;394.1;394.6;394.1;394.6;2
2004.06.22 20:08;394;394.3;394;394.3;2
2004.06.22 20:09;394.6;394.6;394.5;394.5;2
2004.06.22 20:10;394.1;394.1;394;394;2
2004.06.22 20:11;394.1;394.1;394.1;394.1;1
2004.06.22 20:12;394;394;394;394;1
2004.06.22 20:13;394.1;394.1;394.1;394.1;1
2004.06.22 20:14;394;394;394;394;1
2004.06.22 20:15;394.1;394.1;394.1;394.1;1
2004.06.22 20:16;394;394.3;394;394.3;2
2004.06.22 20:17;394.1;394.1;394.1;394.1;1
2004.06.22 20:19;394;394;394;394;1
2004.06.22 20:20;394.1;394.8;394.1;394.8;2
2004.06.22 20:21;394;394.1;394;394.1;2
2004.06.22 20:23;394;394.1;394;394.1;2
2004.06.22 20:25;394.6;394.6;394.6;394.6;1
2004.06.22 20:26;394;394;394;394;1
2004.06.22 20:27;394.1;394.1;394.1;394.1;1
2004.06.22 20:28;394;394.1;394;394.1;2
2004.06.22 20:30;394;394.1;394;394;3
2004.06.22 20:31;394.1;394.8;394.1;394.8;2
2004.06.22 20:32;394.6;394.6;394.3;394.3;2
2004.06.22 20:33;394.8;394.8;394.8;394.8;1
2004.06.22 20:34;394.1;394.1;394.1;394.1;1
2004.06.22 20:36;394;394;394;394;1
2004.06.22 20:37;394.1;394.1;394.1;394.1;1
2004.06.22 20:38;394;394.1;394;394.1;2
2004.06.22 20:40;394.3;394.3;394.3;394.3;1
2004.06.22 20:42;394;394.1;394;394.1;2
2004.06.22 20:44;394;394;394;394;1
2004.06.22 20:45;394.8;394.8;394.3;394.3;2
2004.06.22 20:48;394.1;394.1;394.1;394.1;1
2004.06.22 20:49;394;394.3;394;394.3;3
2004.06.22 20:50;394.8;394.8;394.3;394.3;2
2004.06.22 20:55;394;394;394;394;1
2004.06.22 20:56;394.1;394.3;394.1;394.3;2
2004.06.22 20:57;394;394;394;394;1
2004.06.22 20:58;394.1;394.1;394.1;394.1;1
2004.06.22 20:59;394;394;394;394;1
2004.06.22 21:01;394.3;394.3;394.3;394.3;1
2004.06.22 21:05;394;394.1;394;394.1;2
2004.06.22 21:10;394;394;394;394;1
2004.06.22 21:11;394.1;394.1;394.1;394.1;1
2004.06.22 21:12;394;394;394;394;1
2004.06.22 21:14;394.1;394.6;394.1;394.6;2
2004.06.22 21:19;394.8;394.8;394.8;394.8;1
2004.06.22 21:20;394.1;394.1;394;394;2
2004.06.22 21:21;394.1;394.1;394.1;394.1;1
2004.06.22 21:24;394.6;394.8;394.6;394.8;2
2004.06.22 21:25;394;394;394;394;1
2004.06.22 21:26;394.1;394.1;394.1;394.1;1
2004.06.22 21:27;394;394;394;394;1
2004.06.22 21:28;394.1;394.1;394;394;2
2004.06.22 21:29;394.1;394.1;394.1;394.1;1
2004.06.22 21:31;394;394;394;394;1
2004.06.22 21:32;394.1;394.1;394.1;394.1;1
2004.06.22 21:35;394;394;394;394;1
2004.06.22 21:38;394.1;394.3;394.1;394.3;2
2004.06.22 21:41;394;394;394;394;1
2004.06.22 21:42;394.1;394.1;394.1;394.1;1
2004.06.22 21:44;394;394;394;394;1
2004.06.22 21:45;394.1;394.1;394.1;394.1;1
2004.06.22 21:47;394.1;394.1;394.1;394.1;1
2004.06.22 21:48;394.1;394.1;394.1;394.1;1
2004.06.22 21:52;394;394;394;394;1
2004.06.22 21:53;394.1;394.1;394.1;394.1;1
2004.06.22 21:54;394.6;394.6;394.6;394.6;1
2004.06.22 21:55;394.3;394.3;394.3;394.3;1
2004.06.22 21:57;394;394;394;394;1
2004.06.22 21:58;394.6;394.6;394.6;394.6;1
2004.06.22 21:59;394.1;394.1;394.1;394.1;1
2004.06.22 22:00;394.3;394.3;394.3;394.3;1
2004.06.22 22:02;394;394.1;394;394.1;2
2004.06.22 22:04;394;394;394;394;1
2004.06.22 22:05;394.1;394.1;394.1;394.1;1
2004.06.22 22:06;394;394;394;394;1
2004.06.22 22:07;394.1;394.1;394.1;394.1;1
2004.06.22 22:12;394.6;394.6;394.6;394.6;1
2004.06.22 22:14;394.3;394.3;394;394;2
2004.06.22 22:17;394.6;394.6;394.6;394.6;1
2004.06.22 22:21;394.1;394.1;394;394.1;3
2004.06.22 22:29;394;394;394;394;1
2004.06.22 22:30;394.1;394.1;394.1;394.1;1
2004.06.22 22:31;394;394;394;394;1
2004.06.22 22:33;394.1;394.1;394.1;394.1;1
2004.06.22 22:45;394.8;394.8;394.8;394.8;1
2004.06.22 22:49;394.1;394.1;394.1;394.1;1
2004.06.22 22:53;394.6;394.6;394.6;394.6;1
2004.06.22 22:55;394;394;394;394;1
2004.06.22 22:56;394.1;394.1;394.1;394.1;1
2004.06.22 22:58;394.3;394.3;394.3;394.3;1
2004.06.22 23:02;394.6;394.6;394.6;394.6;1
2004.06.22 23:07;394.3;394.3;394.3;394.3;1
2004.06.22 23:10;394;394;394;394;1
2004.06.22 23:12;394.1;394.1;394.1;394.1;1
2004.06.22 23:15;394.1;394.1;394.1;394.1;1
2004.06.22 23:16;394.1;394.1;394.1;394.1;1
2004.06.22 23:18;394.1;394.1;394.1;394.1;1
2004.06.22 23:19;394.1;394.1;394;394;2
2004.06.22 23:21;394.3;394.3;394.3;394.3;1
2004.06.22 23:22;394.1;394.1;394.1;394.1;1
2004.06.22 23:23;394;394.1;393.8;394.1;3
2004.06.22 23:25;394;394;394;394;1
2004.06.22 23:29;394;394;394;394;1
2004.06.22 23:32;394.3;394.3;394.3;394.3;1
2004.06.22 23:34;394.3;394.3;394.3;394.3;1
2004.06.22 23:35;394;394;394;394;1
2004.06.22 23:36;394.1;394.1;394.1;394.1;1
2004.06.22 23:37;394;394;394;394;1
2004.06.22 23:41;393.8;393.8;393.8;393.8;1
2004.06.22 23:43;394.1;394.1;394.1;394.1;1
2004.06.22 23:45;394.3;394.3;394.3;394.3;1
2004.06.22 23:54;394.1;394.1;394.1;394.1;1
2004.06.23 01:08;394;394;394;394;1
2004.06.23 01:14;394;394;394;394;1
2004.06.23 01:25;394;394.1;394;394.1;2
2004.06.23 01:26;394;394.1;394;394.1;2
2004.06.23 01:31;394.1;394.1;394.1;394.1;1
2004.06.23 01:39;394.1;394.1;394;394;2
2004.06.23 01:44;394;394;394;394;1
2004.06.23 01:45;394.1;394.1;394.1;394.1;1
2004.06.23 01:47;394;394.1;394;394;3
2004.06.23 01:48;394.1;394.1;394.1;394.1;1
2004.06.23 01:54;394;394;394;394;1
2004.06.23 01:56;394.1;394.1;394.1;394.1;1
2004.06.23 01:59;394;394;394;394;1
2004.06.23 02:00;394.1;394.1;394.1;394.1;1
2004.06.23 02:01;394.3;394.3;394.3;394.3;1
2004.06.23 02:02;394.1;394.1;394.1;394.1;1
2004.06.23 02:06;394.3;394.3;394.1;394.1;2
2004.06.23 02:09;394.1;394.1;394.1;394.1;1
2004.06.23 02:13;394.3;394.3;394.3;394.3;1
2004.06.23 02:14;394.3;394.3;394.3;394.3;1
2004.06.23 02:17;393.6;394.3;393.6;394.3;3
2004.06.23 02:22;393.8;393.8;393.8;393.8;1
2004.06.23 02:24;393.8;393.8;393.8;393.8;1
2004.06.23 02:25;394.1;394.1;393.8;393.8;2
2004.06.23 02:26;393.8;393.8;393.8;393.8;1
2004.06.23 02:32;394;394;394;394;1
2004.06.23 02:33;393.8;394.3;393.8;394.3;3
2004.06.23 02:34;394.1;394.1;394;394;2
2004.06.23 02:36;394.3;394.3;394.3;394.3;1
2004.06.23 02:39;394;394;393.8;394;3
2004.06.23 02:40;393.8;393.8;393.8;393.8;1
2004.06.23 02:47;393.8;393.8;393.8;393.8;1
2004.06.23 02:50;394;394.1;393.8;394.1;4
2004.06.23 02:51;393.8;394;393.8;394;2
2004.06.23 02:52;393.8;393.8;393.8;393.8;1
2004.06.23 02:55;393.8;393.8;393.8;393.8;1
2004.06.23 02:57;394.1;394.1;394.1;394.1;1
2004.06.23 02:58;394.3;394.3;393.8;393.8;2
2004.06.23 02:59;394.1;394.1;393.8;393.8;2
2004.06.23 03:00;393.6;393.6;393.6;393.6;1
2004.06.23 03:03;394.3;394.3;394.3;394.3;1
2004.06.23 03:04;394.1;394.1;394;394;2
2004.06.23 03:07;394.1;394.1;394.1;394.1;1
2004.06.23 03:08;394;394;394;394;1
2004.06.23 03:11;394.6;394.6;394.6;394.6;1
2004.06.23 03:12;393.8;393.8;393.8;393.8;1
2004.06.23 03:13;394.6;394.6;394.6;394.6;1
2004.06.23 03:15;393.8;393.8;393.8;393.8;1
2004.06.23 03:16;394.3;394.3;394.3;394.3;1
2004.06.23 03:18;393.8;393.8;393.8;393.8;1
2004.06.23 03:21;394.3;394.3;394.3;394.3;1
2004.06.23 03:25;393.8;393.8;393.8;393.8;1
2004.06.23 03:30;393.8;393.8;393.8;393.8;1
2004.06.23 03:31;393.8;393.8;393.8;393.8;1
2004.06.23 03:33;393.8;393.8;393.8;393.8;1
2004.06.23 03:34;393.8;393.8;393.8;393.8;1
2004.06.23 03:36;394.3;394.3;394.3;394.3;1
2004.06.23 03:37;393.8;393.8;393.8;393.8;1
2004.06.23 03:41;393.8;394.1;393.8;394.1;2
2004.06.23 03:42;394.1;394.6;394.1;394.6;4
2004.06.23 03:43;394.3;394.3;394.3;394.3;1
2004.06.23 03:44;394.1;394.3;394.1;394.3;3
2004.06.23 03:45;394.1;394.1;394.1;394.1;1
2004.06.23 03:46;394.6;394.6;394.6;394.6;1
2004.06.23 03:48;394.1;394.8;394.1;394.8;4
2004.06.23 03:51;394.3;394.6;394.3;394.6;2
2004.06.23 03:53;394.3;394.3;394.3;394.3;1
2004.06.23 03:54;394.1;394.8;394.1;394.6;4
2004.06.23 03:57;394.8;394.8;394.8;394.8;1
2004.06.23 03:58;394.6;394.6;394.6;394.6;1
2004.06.23 04:01;394.5;394.6;394.5;394.6;2
2004.06.23 04:05;394.8;394.8;394.8;394.8;1
2004.06.23 04:06;394.6;394.6;394.6;394.6;1
2004.06.23 04:09;394.6;394.6;394.5;394.6;3
2004.06.23 04:10;394.3;394.8;394.3;394.8;2
2004.06.23 04:12;394.6;394.6;394.6;394.6;1
2004.06.23 04:14;394.6;394.6;394.6;394.6;1
2004.06.23 04:15;394.6;394.6;394.6;394.6;1
2004.06.23 04:18;394.6;394.6;394.6;394.6;1
2004.06.23 04:21;394.3;394.5;394.3;394.5;2
2004.06.23 04:22;394.3;394.8;394.3;394.6;3
2004.06.23 04:23;394.8;394.8;394.6;394.6;3
2004.06.23 04:24;394.8;394.8;394.6;394.6;2
2004.06.23 04:29;394.8;394.8;394.6;394.6;2
2004.06.23 04:35;394.8;394.8;394.6;394.6;2
2004.06.23 04:38;394.6;394.6;394.6;394.6;1
2004.06.23 04:41;394.8;394.8;394.6;394.8;3
2004.06.23 04:42;394.6;394.6;394.6;394.6;1
2004.06.23 04:43;394.8;394.8;394.6;394.6;2
2004.06.23 04:44;394.8;394.8;394.6;394.8;3
2004.06.23 04:47;394.8;394.8;394.6;394.6;2
2004.06.23 04:50;394.6;394.8;394.6;394.8;2
2004.06.23 04:52;394.6;394.6;394.6;394.6;1
2004.06.23 04:56;394.6;394.6;394.6;394.6;1
2004.06.23 04:57;394.8;394.8;394.8;394.8;1
2004.06.23 04:59;394.8;394.8;394.8;394.8;1
2004.06.23 05:04;394.8;394.8;394.8;394.8;1
2004.06.23 05:08;394.8;395.1;394.8;395.1;2
2004.06.23 05:10;394.8;394.8;394.8;394.8;1
2004.06.23 05:16;394.8;394.8;394.8;394.8;1
2004.06.23 05:19;394.8;394.8;394.8;394.8;1
2004.06.23 05:25;394.6;394.6;394.6;394.6;1
2004.06.23 05:29;394.6;394.6;394.6;394.6;1
2004.06.23 05:30;394.5;394.5;394.5;394.5;1
2004.06.23 05:32;394.5;394.5;394.5;394.5;1
2004.06.23 05:37;394.5;394.5;394.5;394.5;1
2004.06.23 05:42;394.6;394.6;394.6;394.6;1
2004.06.23 05:44;394.5;394.6;394.5;394.6;2
2004.06.23 05:49;394.5;394.5;394.5;394.5;1
2004.06.23 05:54;394.6;394.6;394.6;394.6;1
2004.06.23 05:55;394.5;394.5;394.5;394.5;1
2004.06.23 05:57;394.5;394.6;394.5;394.6;2
2004.06.23 05:58;394.6;394.6;394.6;394.6;1
2004.06.23 06:02;394.6;394.6;394.6;394.6;1
2004.06.23 06:05;394.3;394.3;394.3;394.3;1
2004.06.23 06:07;394.6;394.6;394.6;394.6;1
2004.06.23 06:10;394.5;394.5;394.5;394.5;1
2004.06.23 06:19;394.5;394.5;394.5;394.5;1
2004.06.23 06:24;394.5;394.6;394.5;394.6;2
2004.06.23 06:26;394.5;394.6;394.5;394.6;2
2004.06.23 06:27;394.5;394.5;394.5;394.5;1
2004.06.23 06:28;394.5;394.5;394.5;394.5;1
2004.06.23 06:36;395.1;395.1;394.5;394.5;2
2004.06.23 06:37;394.6;394.6;394.6;394.6;1
2004.06.23 06:38;394.8;395.1;394.8;395.1;4
2004.06.23 06:43;395.1;395.1;394.8;394.8;2
2004.06.23 06:47;394.8;394.8;394.8;394.8;1
2004.06.23 06:49;394.6;394.8;394.6;394.8;2
2004.06.23 06:50;394.8;394.8;394.8;394.8;1
2004.06.23 06:51;394.6;394.6;394.6;394.6;1
2004.06.23 06:52;394.6;394.6;394.6;394.6;1
2004.06.23 06:53;395;395.3;395;395.3;2
2004.06.23 06:54;394.8;394.8;394.6;394.6;2
2004.06.23 07:04;394.8;395.3;394.6;395;4
2004.06.23 07:05;395.1;395.1;395.1;395.1;1
2004.06.23 07:07;394.8;394.8;394.8;394.8;1
2004.06.23 07:09;394.8;394.8;394.8;394.8;1
2004.06.23 07:10;394.8;394.8;394.8;394.8;1
2004.06.23 07:11;394.6;394.6;394.6;394.6;1
2004.06.23 07:12;394.8;394.8;394.8;394.8;1
2004.06.23 07:14;395;395;394.8;395;3
2004.06.23 07:15;394.8;395.3;394.8;395.3;2
2004.06.23 07:19;395;395;395;395;1
2004.06.23 07:20;394.8;394.8;394.8;394.8;1
2004.06.23 07:23;394.8;395;394.8;394.8;4
2004.06.23 07:24;395.1;395.3;395.1;395.3;3
2004.06.23 07:25;394.8;394.8;394.8;394.8;1
2004.06.23 07:26;395.5;395.5;395.3;395.3;2
2004.06.23 07:27;395.3;395.3;395.3;395.3;1
2004.06.23 07:28;394.8;395.1;394.8;395;3
2004.06.23 07:31;395.3;395.3;395.1;395.1;4
2004.06.23 07:32;395.5;395.8;395.5;395.8;2
2004.06.23 07:36;395.3;395.3;395.3;395.3;1
2004.06.23 07:40;395.3;395.3;395.3;395.3;1
2004.06.23 07:41;395.1;395.1;395.1;395.1;1
2004.06.23 07:42;395.3;395.3;395.3;395.3;1
2004.06.23 07:43;395.6;395.8;395.6;395.6;5
2004.06.23 07:46;395.3;395.3;395.3;395.3;1
2004.06.23 07:48;395.5;395.5;395.5;395.5;1
2004.06.23 07:49;395.3;395.5;395.3;395.3;3
2004.06.23 07:51;395.8;395.8;395.8;395.8;1
2004.06.23 07:55;395.3;395.3;395.3;395.3;1
2004.06.23 08:03;395.5;395.5;395.3;395.3;2
2004.06.23 08:04;395.6;395.6;395.6;395.6;1
2004.06.23 08:06;395.1;395.3;395.1;395.3;2
2004.06.23 08:07;395.8;395.8;395.8;395.8;1
2004.06.23 08:11;395.3;395.6;395.3;395.5;3
2004.06.23 08:12;395.8;395.8;395.6;395.6;2
2004.06.23 08:14;395.8;395.8;395.8;395.8;1
2004.06.23 08:15;395.8;396.1;395.6;395.6;4
2004.06.23 08:16;395.8;395.8;395.6;395.6;2
2004.06.23 08:18;396.3;396.3;396.3;396.3;1
2004.06.23 08:19;396.3;396.3;396.3;396.3;1
2004.06.23 08:20;396;396;395.8;395.8;2
2004.06.23 08:25;396.3;396.3;396.3;396.3;1
2004.06.23 08:27;395.8;396;395.8;395.8;4
2004.06.23 08:29;396.1;396.1;396.1;396.1;1
2004.06.23 08:31;396.3;396.3;396.3;396.3;1
2004.06.23 08:32;395.8;395.8;395.8;395.8;1
2004.06.23 08:34;396.1;396.3;396.1;396.3;2
2004.06.23 08:40;396;396;395.8;395.8;2
2004.06.23 08:42;396.3;396.3;396.3;396.3;1
2004.06.23 08:44;396.3;396.3;396.3;396.3;1
2004.06.23 08:46;396;396.5;395.8;396.5;3
2004.06.23 08:48;396.3;396.3;396.3;396.3;1
2004.06.23 08:49;395.8;395.8;395.8;395.8;1
2004.06.23 08:51;395.8;396.3;395.8;396.1;3
2004.06.23 08:52;396.1;396.3;396.1;396.3;2
2004.06.23 08:54;395.8;395.8;395.8;395.8;1
2004.06.23 08:55;396.3;396.3;396.3;396.3;1
2004.06.23 08:56;395.6;395.8;395.6;395.8;3
2004.06.23 08:57;395.8;396.1;395.8;396.1;3
2004.06.23 08:58;396;396.3;396;396.3;2
2004.06.23 08:59;396.3;396.3;396.3;396.3;1
2004.06.23 09:00;396.1;396.1;396;396;2
2004.06.23 09:02;396.3;396.3;396.3;396.3;1
2004.06.23 09:07;396.1;396.6;396.1;396.6;4
2004.06.23 09:08;396.1;396.3;396.1;396.3;2
2004.06.23 09:14;395.8;395.8;395.8;395.8;1
2004.06.23 09:18;396.3;396.3;396.3;396.3;1
2004.06.23 09:19;396;396;395.8;395.8;2
2004.06.23 09:20;396.1;396.1;396.1;396.1;1
2004.06.23 09:21;396.1;396.1;396.1;396.1;1
2004.06.23 09:24;395.8;396.3;395.8;396.3;4
2004.06.23 09:26;396.1;396.1;396.1;396.1;1
2004.06.23 09:28;395.6;395.6;395.6;395.6;1
2004.06.23 09:29;395.6;395.6;395.6;395.6;1
2004.06.23 09:33;395.5;395.5;395.5;395.5;1
2004.06.23 09:37;395.6;395.6;395.5;395.5;2
2004.06.23 09:38;395.6;395.8;395.5;395.8;3
2004.06.23 09:41;395.6;395.8;395.6;395.8;2
2004.06.23 09:42;395.5;395.6;395.3;395.3;5
2004.06.23 09:43;395.6;395.6;395.6;395.6;1
2004.06.23 09:45;395.3;395.3;395.1;395.1;2
2004.06.23 09:47;395.1;395.1;395.1;395.1;1
2004.06.23 09:48;395.8;395.8;395.8;395.8;1
2004.06.23 09:49;395.1;395.1;395.1;395.1;1
2004.06.23 09:50;395.3;395.3;395.3;395.3;1
2004.06.23 09:54;395.3;395.3;395.3;395.3;1
2004.06.23 09:57;395.3;395.3;395.1;395.1;2
2004.06.23 09:58;395.1;395.3;395.1;395.1;3
2004.06.23 10:01;395.1;395.1;395.1;395.1;1
2004.06.23 10:02;395.1;395.1;395.1;395.1;1
2004.06.23 10:03;395.8;395.8;395.8;395.8;1
2004.06.23 10:05;395.6;395.6;395.6;395.6;1
2004.06.23 10:06;395.3;395.3;395.3;395.3;1
2004.06.23 10:11;395.6;395.6;395.6;395.6;1
2004.06.23 10:13;395.8;395.8;395.8;395.8;1
2004.06.23 10:18;395.3;395.6;395.3;395.6;2
2004.06.23 10:19;395.6;395.6;395.6;395.6;1
2004.06.23 10:21;395.1;395.1;395.1;395.1;1
2004.06.23 10:24;395.8;395.8;395.8;395.8;1
2004.06.23 10:26;395.8;395.8;395.8;395.8;1
2004.06.23 10:28;395.3;395.3;395.3;395.3;1
2004.06.23 10:29;395.1;395.1;395.1;395.1;1
2004.06.23 10:30;395.8;395.8;395.8;395.8;1
2004.06.23 10:31;395.3;395.3;395.3;395.3;1
2004.06.23 10:32;395.6;395.6;395.6;395.6;1
2004.06.23 10:34;395.1;395.1;395.1;395.1;1
2004.06.23 10:36;395.8;395.8;395.8;395.8;1
2004.06.23 10:39;395.3;395.3;395.3;395.3;1
2004.06.23 10:41;395.6;395.6;395.6;395.6;1
2004.06.23 10:42;395.5;395.5;395.3;395.3;3
2004.06.23 10:43;395.3;395.3;395.3;395.3;1
2004.06.23 10:45;395.6;395.6;395.6;395.6;1
2004.06.23 10:50;395.6;395.6;395.6;395.6;1
2004.06.23 10:55;395.3;395.3;395.1;395.1;2
2004.06.23 10:56;395.1;395.1;395;395;2
2004.06.23 10:58;395.6;395.6;395.3;395.3;3
2004.06.23 10:59;395.5;395.5;395.1;395.1;2
2004.06.23 11:00;395.1;395.1;395.1;395.1;1
2004.06.23 11:01;395.1;395.1;395.1;395.1;1
2004.06.23 11:02;394.8;395.3;394.8;395.1;4
2004.06.23 11:03;394.6;394.6;394.6;394.6;1
2004.06.23 11:04;395;395;395;395;1
2004.06.23 11:05;395.3;395.3;395.1;395.1;2
2004.06.23 11:06;394.6;394.6;394.6;394.6;1
2004.06.23 11:07;394.6;394.6;394.5;394.5;2
2004.06.23 11:09;395.3;395.3;394.8;394.8;3
2004.06.23 11:10;394.5;394.5;394.5;394.5;1
2004.06.23 11:13;394.8;394.8;394.8;394.8;1
2004.06.23 11:16;394.8;395.1;394.6;394.8;4
2004.06.23 11:20;394.6;394.6;394.6;394.6;1
2004.06.23 11:22;394.3;394.3;394.3;394.3;1
2004.06.23 11:24;394.5;394.5;394.1;394.1;3
2004.06.23 11:30;394.6;394.6;394.6;394.6;1
2004.06.23 11:33;394.5;394.5;394.3;394.3;5
2004.06.23 11:34;394.3;394.3;394.3;394.3;1
2004.06.23 11:38;394.3;394.3;394.3;394.3;1
2004.06.23 11:39;394.6;394.6;394.6;394.6;1
2004.06.23 11:42;393.8;394;393.8;394;2
2004.06.23 11:46;394.8;394.8;394.6;394.6;2
2004.06.23 11:49;394.1;394.1;394;394;2
2004.06.23 11:52;394.1;394.1;394.1;394.1;1
2004.06.23 11:53;394;394.1;393.8;394;4
2004.06.23 11:54;393.8;393.8;393.8;393.8;1
2004.06.23 11:56;394.6;394.6;394.5;394.5;2
2004.06.23 11:57;394;394.1;394;394;3
2004.06.23 11:58;394.1;394.1;394.1;394.1;1
2004.06.23 11:59;394;394;394;394;1
2004.06.23 12:01;394.8;394.8;394;394;2
2004.06.23 12:02;394.1;394.1;394.1;394.1;1
2004.06.23 12:06;394;394.1;394;394.1;2
2004.06.23 12:08;394;394.1;394;394.1;2
2004.06.23 12:09;394;394.1;394;394.1;2
2004.06.23 12:15;394;394;394;394;1
2004.06.23 12:16;394.6;394.6;394.6;394.6;1
2004.06.23 12:19;394.1;394.3;394.1;394.3;2
2004.06.23 12:21;394.6;394.6;394.5;394.5;2
2004.06.23 12:22;394;394;394;394;1
2004.06.23 12:24;394.1;394.1;394.1;394.1;1
2004.06.23 12:32;394.8;394.8;394.8;394.8;1
2004.06.23 12:34;394.6;394.6;394.6;394.6;1
2004.06.23 12:38;394.8;394.8;394.8;394.8;1
2004.06.23 12:52;394.8;394.8;394.8;394.8;1
2004.06.23 12:54;394.5;394.5;394.3;394.5;3
2004.06.23 12:56;394.3;394.3;394.3;394.3;1
2004.06.23 12:57;394.1;394.1;394.1;394.1;1
2004.06.23 12:58;394.1;394.1;394.1;394.1;1
2004.06.23 12:59;394.3;394.3;394.1;394.1;2
2004.06.23 13:01;394;394;394;394;1
2004.06.23 13:03;394.1;394.1;394.1;394.1;1
2004.06.23 13:06;394.1;394.1;394.1;394.1;1
2004.06.23 13:12;393.6;393.6;393.6;393.6;1
2004.06.23 13:14;394.3;394.3;394.3;394.3;1
2004.06.23 13:15;394.1;394.1;394.1;394.1;1
2004.06.23 13:29;394.3;394.3;394.3;394.3;1
2004.06.23 13:35;394.3;394.3;394.3;394.3;1
2004.06.23 13:52;394.3;394.3;394.3;394.3;1
2004.06.23 13:59;394.3;394.3;394.3;394.3;1
2004.06.23 14:19;394.1;394.6;394.1;394.5;4
2004.06.23 14:20;394.3;394.6;394.3;394.6;2
2004.06.23 14:21;395;395.1;395;395.1;2
2004.06.23 14:22;395;395.1;394.8;394.8;4
2004.06.23 14:23;394.6;395.1;394.6;395.1;5
2004.06.23 14:24;395;395.3;394.8;395.1;4
2004.06.23 14:25;395.3;395.3;395.3;395.3;1
2004.06.23 14:26;395.3;395.8;395.3;395.6;10
2004.06.23 14:27;395.5;395.6;395.3;395.3;4
2004.06.23 14:28;395.1;395.5;395.1;395.3;5
2004.06.23 14:29;395.6;395.6;395.3;395.5;4
2004.06.23 14:30;395.3;395.3;394.8;395;4
2004.06.23 14:31;395.1;395.1;395;395;7
2004.06.23 14:32;395.1;395.3;394.8;395.3;8
2004.06.23 14:33;395.1;395.6;395.1;395.6;8
2004.06.23 14:34;395.3;395.6;395.1;395.1;4
2004.06.23 14:35;395.3;395.6;395.1;395.6;4
2004.06.23 14:36;395.3;395.5;395.1;395.5;10
2004.06.23 14:37;395.8;395.8;395.6;395.6;4
2004.06.23 14:38;395.1;395.1;395.1;395.1;1
2004.06.23 14:39;395.5;395.6;395.3;395.3;8
2004.06.23 14:40;395.5;395.6;395.3;395.3;4
2004.06.23 14:41;395.3;395.3;395.3;395.3;1
2004.06.23 14:42;395.3;395.3;395.3;395.3;1
2004.06.23 14:43;395.3;395.3;395.1;395.1;5
2004.06.23 14:44;395.1;395.3;395.1;395.3;2
2004.06.23 14:45;395.3;395.3;395.3;395.3;1
2004.06.23 14:46;395.3;395.3;395.1;395.1;8
2004.06.23 14:47;395.1;395.1;395.1;395.1;1
2004.06.23 14:49;395.3;395.3;395.1;395.3;9
2004.06.23 14:50;395.1;395.1;395.1;395.1;1
2004.06.23 14:52;394.8;394.8;394.6;394.6;7
2004.06.23 14:53;394.6;395.1;394.6;394.8;6
2004.06.23 14:54;394.5;394.8;394.5;394.8;3
2004.06.23 14:55;394.8;395;394.6;394.6;6
2004.06.23 14:56;394.8;395;394.8;394.8;4
2004.06.23 14:57;394.8;394.8;394.6;394.6;11
2004.06.23 14:58;394.8;394.8;394.6;394.6;2
2004.06.23 14:59;394.6;394.8;394.6;394.8;5
2004.06.23 15:00;394.6;394.6;394.6;394.6;1
2004.06.23 15:01;394.3;395;394.3;394.8;13
2004.06.23 15:02;394.8;394.8;394.6;394.6;3
2004.06.23 15:03;394.8;394.8;394.6;394.8;4
2004.06.23 15:04;394.5;394.6;394.3;394.6;3
2004.06.23 15:05;394.5;394.6;394.3;394.6;4
2004.06.23 15:06;394.6;394.6;394.5;394.6;8
2004.06.23 15:07;394.6;394.6;394.3;394.3;5
2004.06.23 15:08;394.6;394.6;394.5;394.5;7
2004.06.23 15:09;394.3;394.6;394.3;394.5;6
2004.06.23 15:10;395;395;395;395;1
2004.06.23 15:12;394.8;395.1;394.8;395.1;11
2004.06.23 15:13;394.6;394.6;394.6;394.6;1
2004.06.23 15:14;394.6;394.8;394.6;394.6;6
2004.06.23 15:15;394.6;394.8;394.6;394.8;4
2004.06.23 15:16;394.6;394.6;394.6;394.6;1
2004.06.23 15:17;394.6;394.6;394.6;394.6;1
2004.06.23 15:18;394.6;395.1;394.6;395.1;3
2004.06.23 15:19;394.6;394.8;394.6;394.8;3
2004.06.23 15:20;394.8;394.8;394.6;394.6;7
2004.06.23 15:21;394.6;395.1;394.6;395;6
2004.06.23 15:22;395.1;395.3;394.8;395.3;4
2004.06.23 15:23;395.1;395.1;394.6;394.6;4
2004.06.23 15:24;394.6;394.8;394.6;394.6;8
2004.06.23 15:25;394.8;395.1;394.8;395.1;3
2004.06.23 15:26;394.6;395;394.5;394.5;10
2004.06.23 15:27;394.8;395.1;394.8;395.1;5
2004.06.23 15:28;395.1;395.3;395.1;395.3;3
2004.06.23 15:29;395.1;395.3;395;395.3;5
2004.06.23 15:31;395.1;395.3;394.8;395.3;8
2004.06.23 15:32;394.8;395.3;394.8;395.3;6
2004.06.23 15:33;395.1;395.1;395.1;395.1;1
2004.06.23 15:34;394.6;395.1;394.6;395.1;4
2004.06.23 15:35;394.8;395.1;394.8;395.1;3
2004.06.23 15:36;395;395.3;394.8;395.3;10
2004.06.23 15:37;395.3;395.3;395.1;395.1;3
2004.06.23 15:38;394.6;394.8;394.6;394.8;8
2004.06.23 15:39;394.8;395.3;394.6;395.1;9
2004.06.23 15:40;394.6;395;394.6;395;3
2004.06.23 15:41;394.8;394.8;394.5;394.6;5
2004.06.23 15:42;394.6;394.6;394.6;394.6;1
2004.06.23 15:43;394.5;395.1;394.5;395.1;3
2004.06.23 15:44;394.6;395;394.6;394.8;3
2004.06.23 15:45;394.6;394.6;394.6;394.6;1
2004.06.23 15:46;394.6;394.6;394.1;394.3;15
2004.06.23 15:47;394.1;394.1;393.8;393.8;7
2004.06.23 15:48;394.3;394.3;393.8;394.1;7
2004.06.23 15:49;394.3;394.3;394.1;394.3;3
2004.06.23 15:50;394.1;394.1;394.1;394.1;1
2004.06.23 15:51;393.6;393.8;393.6;393.6;6
2004.06.23 15:52;394.3;394.3;394;394;3
2004.06.23 15:53;393.8;394.3;393.8;394.3;2
2004.06.23 15:54;394.1;394.1;393.6;394;6
2004.06.23 15:55;394.1;394.1;394.1;394.1;1
2004.06.23 15:56;393.6;394.1;393.6;394.1;9
2004.06.23 15:57;394.1;394.1;394.1;394.1;1
2004.06.23 15:58;393.8;394.3;393.8;394.3;4
2004.06.23 15:59;394;394.3;394;394.3;4
2004.06.23 16:01;394.3;394.3;393.8;394.1;10
2004.06.23 16:02;394.1;394.1;393.8;393.8;2
2004.06.23 16:03;393.5;393.8;393.3;393.8;8
2004.06.23 16:04;393.1;393.8;393.1;393.8;5
2004.06.23 16:05;393.5;393.5;393.3;393.3;4
2004.06.23 16:06;393.6;393.8;393.6;393.8;4
2004.06.23 16:07;393.8;393.8;393.6;393.6;5
2004.06.23 16:08;393.1;393.6;393.1;393.5;4
2004.06.23 16:09;393.3;393.3;393.1;393.3;4
2004.06.23 16:10;393.1;393.3;393.1;393.3;2
2004.06.23 16:11;393.1;393.3;392.8;393.3;22
2004.06.23 16:12;393.1;393.6;393.1;393.5;12
2004.06.23 16:13;393.6;393.6;393.1;393.3;5
2004.06.23 16:14;393.3;393.6;393.3;393.5;7
2004.06.23 16:16;393.1;393.6;393;393.5;10
2004.06.23 16:17;393;393.3;393;393.3;6
2004.06.23 16:18;393.5;393.6;393.5;393.6;4
2004.06.23 16:19;393.5;393.6;393.5;393.6;4
2004.06.23 16:20;393.6;393.6;393.3;393.5;4
2004.06.23 16:21;393.3;393.3;393.3;393.3;1
2004.06.23 16:22;393.3;393.3;393.3;393.3;1
2004.06.23 16:23;393.3;393.3;393.1;393.3;5
2004.06.23 16:24;393.1;393.3;392.8;392.8;7
2004.06.23 16:25;392.8;392.8;392.3;392.6;5
2004.06.23 16:26;392.6;392.6;392.5;392.5;11
2004.06.23 16:27;392.6;393;392.6;392.8;9
2004.06.23 16:28;393;393;392.8;393;3
2004.06.23 16:29;392.8;392.8;392.5;392.6;5
2004.06.23 16:31;393;393.1;392.8;393.1;7
2004.06.23 16:32;392.8;393.1;392.6;393.1;7
2004.06.23 16:33;392.8;393.1;392.8;393.1;2
2004.06.23 16:34;392.6;392.8;392.3;392.3;5
2004.06.23 16:35;392.5;392.5;392.5;392.5;1
2004.06.23 16:36;392.3;393;392.3;392.5;6
2004.06.23 16:37;392.8;393.1;392.6;393.1;6
2004.06.23 16:38;392.8;392.8;392.6;392.6;4
2004.06.23 16:39;392.8;393.3;392.6;393.3;6
2004.06.23 16:40;393.1;393.1;393.1;393.1;1
2004.06.23 16:41;393.3;393.3;393.1;393.3;3
2004.06.23 16:42;393.3;393.3;393.1;393.1;3
2004.06.23 16:43;393;393;392.8;392.8;3
2004.06.23 16:44;392.8;392.8;392.6;392.8;5
2004.06.23 16:45;392.6;392.8;392.6;392.6;4
2004.06.23 16:46;392.8;393.3;392.8;393.1;6
2004.06.23 16:47;393.1;393.3;393.1;393.3;6
2004.06.23 16:48;393.3;393.3;393.3;393.3;1
2004.06.23 16:49;393.6;393.6;393.6;393.6;1
2004.06.23 16:50;393.6;393.6;393.6;393.6;1
2004.06.23 16:51;393.6;393.6;393.6;393.6;1
2004.06.23 16:52;393.3;393.3;393.3;393.3;1
2004.06.23 16:53;393.5;393.6;393.5;393.6;4
2004.06.23 16:54;393.5;393.6;393.3;393.6;3
2004.06.23 16:55;393.3;393.6;393.3;393.6;2
2004.06.23 16:56;393.3;393.8;393.3;393.8;5
2004.06.23 16:57;393.6;393.6;393.6;393.6;1
2004.06.23 16:59;393.3;393.5;393.3;393.5;2
2004.06.23 17:01;393.1;393.5;393;393.1;8
2004.06.23 17:02;393;393.1;392.8;392.8;3
2004.06.23 17:03;393.1;393.6;393;393.6;5
2004.06.23 17:04;393.8;393.8;393.3;393.6;5
2004.06.23 17:05;393.1;393.5;393.1;393.5;6
2004.06.23 17:06;393.6;393.6;393.6;393.6;1
2004.06.23 17:07;393.3;393.8;393;393.8;7
2004.06.23 17:08;393.6;393.6;393.3;393.6;4
2004.06.23 17:09;393.1;393.1;393.1;393.1;1
2004.06.23 17:11;393.5;393.8;393.5;393.8;7
2004.06.23 17:12;393.8;393.8;393.3;393.8;3
2004.06.23 17:13;393.6;394;393.3;393.6;8
2004.06.23 17:14;393.6;393.8;393.6;393.6;4
2004.06.23 17:16;393.6;393.6;393.3;393.3;5
2004.06.23 17:17;393.6;393.8;393.3;393.8;8
2004.06.23 17:18;393.6;394;393.6;394;6
2004.06.23 17:19;393.5;393.8;393.5;393.5;5
2004.06.23 17:20;393.8;393.8;393.6;393.6;2
2004.06.23 17:21;393.8;394.1;393.8;394.1;3
2004.06.23 17:22;394.3;394.3;394.1;394.3;9
2004.06.23 17:23;394.3;394.3;394.3;394.3;1
2004.06.23 17:24;393.8;394.3;393.8;394.3;4
2004.06.23 17:25;394;394.3;394;394.3;6
2004.06.23 17:26;394.1;394.3;394.1;394.1;8
2004.06.23 17:27;393.6;394;393.6;394;2
2004.06.23 17:28;394.1;394.1;393.8;393.8;2
2004.06.23 17:29;393.6;394;393.6;393.8;9
2004.06.23 17:30;393.6;394.1;393.6;393.6;4
2004.06.23 17:31;393.8;393.8;393.5;393.8;3
2004.06.23 17:32;393.6;394;393.6;393.8;5
2004.06.23 17:33;393.6;394.1;393.6;394.1;4
2004.06.23 17:34;393.8;394.1;393.8;394.1;3
2004.06.23 17:35;394.1;394.1;394.1;394.1;1
2004.06.23 17:36;394.1;394.1;393.8;394;6
2004.06.23 17:37;394.3;394.3;394.1;394.1;3
2004.06.23 17:38;394.1;394.3;394.1;394.1;3
2004.06.23 17:39;393.8;394;393.8;394;4
2004.06.23 17:41;394.3;394.3;394.1;394.3;3
2004.06.23 17:42;394;394.3;394;394.3;3
2004.06.23 17:43;394.3;394.3;393.8;394.1;3
2004.06.23 17:44;393.8;393.8;393.8;393.8;1
2004.06.23 17:46;393.8;394.1;393.8;394.1;4
2004.06.23 17:47;394.3;394.3;393.8;393.8;2
2004.06.23 17:48;394.1;394.3;394.1;394.3;3
2004.06.23 17:49;394.1;394.1;394;394.1;3
2004.06.23 17:50;394.3;394.3;394.1;394.1;5
2004.06.23 17:52;393.8;394.1;393.8;394;3
2004.06.23 17:53;393.6;393.6;393.6;393.6;1
2004.06.23 17:54;394.1;394.1;393.6;393.6;2
2004.06.23 17:55;393.8;393.8;393.8;393.8;1
2004.06.23 17:56;393.6;394;393.6;393.8;4
2004.06.23 17:57;393.5;393.5;393.5;393.5;1
2004.06.23 17:58;393.6;393.8;393.6;393.8;2
2004.06.23 17:59;393.6;393.6;393.6;393.6;1
2004.06.23 18:01;393.8;394;393.8;394;2
2004.06.23 18:02;394.1;394.1;393.8;393.8;2
2004.06.23 18:03;393.8;394.1;393.8;394.1;2
2004.06.23 18:04;394;394.1;394;394.1;2
2004.06.23 18:05;393.6;394.1;393.6;394;3
2004.06.23 18:06;394.1;394.1;394;394.1;5
2004.06.23 18:07;393.8;394.1;393.8;394.1;2
2004.06.23 18:08;394;394;393.8;393.8;2
2004.06.23 18:09;394.1;394.3;394.1;394.1;10
2004.06.23 18:10;394.1;394.5;394;394.3;4
2004.06.23 18:11;394;394.1;393.8;394.1;3
2004.06.23 18:12;394.1;394.3;394;394.3;3
2004.06.23 18:13;394.6;394.6;394.3;394.3;4
2004.06.23 18:14;394.1;394.6;394;394.6;7
2004.06.23 18:15;394.3;394.3;394.3;394.3;1
2004.06.23 18:16;394.5;394.6;394.3;394.6;8
2004.06.23 18:17;394.1;394.3;394.1;394.3;2
2004.06.23 18:18;394.5;394.5;394.3;394.3;2
2004.06.23 18:20;394.1;394.3;394;394.3;5
2004.06.23 18:21;394.1;394.1;394.1;394.1;1
2004.06.23 18:22;394.1;394.3;394.1;394.3;2
2004.06.23 18:23;394;394;394;394;1
2004.06.23 18:24;394.1;394.3;393.8;394.1;5
2004.06.23 18:25;394.3;394.3;394.1;394.1;2
2004.06.23 18:26;394.1;394.1;394.1;394.1;1
2004.06.23 18:27;394.3;394.3;394.3;394.3;1
2004.06.23 18:28;394.1;394.3;394;394;3
2004.06.23 18:31;394.1;394.6;394;394.5;6
2004.06.23 18:32;394.6;394.6;394.6;394.6;1
2004.06.23 18:33;394.3;394.5;394.1;394.1;3
2004.06.23 18:34;394.1;394.3;394.1;394.3;2
2004.06.23 18:36;394.1;394.3;394;394.3;4
2004.06.23 18:37;394.1;394.1;394;394;2
2004.06.23 18:38;393.8;394.3;393.8;394.1;5
2004.06.23 18:42;394.1;394.3;394.1;394.3;3
2004.06.23 18:43;394.1;394.3;394.1;394.3;2
2004.06.23 18:47;394;394;393.8;393.8;2
2004.06.23 18:48;394.1;394.1;393.8;393.8;2
2004.06.23 18:49;394;394.3;394;394.3;3
2004.06.23 18:52;394.3;394.3;394.1;394.3;3
2004.06.23 18:53;394.3;394.3;394.3;394.3;1
2004.06.23 18:54;394.3;394.3;394.1;394.1;2
2004.06.23 18:55;393.8;394.1;393.8;394.1;4
2004.06.23 18:56;393.6;394.3;393.6;394.3;3
2004.06.23 18:57;394.3;394.3;394.1;394.3;3
2004.06.23 18:58;394.1;394.3;393.8;394.3;6
2004.06.23 18:59;394.1;394.3;394.1;394.3;2
2004.06.23 19:00;394.1;394.1;394.1;394.1;1
2004.06.23 19:01;394.3;394.3;394.1;394.3;3
2004.06.23 19:02;394.3;394.3;394.3;394.3;1
2004.06.23 19:03;394.1;394.1;394.1;394.1;1
2004.06.23 19:04;394;394.3;394;394;5
2004.06.23 19:06;394.3;394.6;394.3;394.3;4
2004.06.23 19:07;394.3;394.5;394;394.5;6
2004.06.23 19:08;394.3;394.3;394.3;394.3;1
2004.06.23 19:09;394.1;394.1;394.1;394.1;1
2004.06.23 19:10;394.3;394.6;394.1;394.6;7
2004.06.23 19:11;394.6;394.8;394.3;394.6;5
2004.06.23 19:12;394.8;394.8;394.6;394.6;2
2004.06.23 19:13;394.5;394.5;394.1;394.5;4
2004.06.23 19:14;394.1;394.1;394.1;394.1;1
2004.06.23 19:15;394.6;394.8;394.6;394.8;2
2004.06.23 19:16;394.5;394.8;394.3;394.8;6
2004.06.23 19:17;394.3;394.6;394.3;394.6;4
2004.06.23 19:18;394.1;394.3;394.1;394.1;4
2004.06.23 19:19;394.3;394.6;394.3;394.6;9
2004.06.23 19:20;394;394.5;394;394.5;2
2004.06.23 19:21;394.6;394.6;394.3;394.3;3
2004.06.23 19:22;394.3;394.6;394.3;394.6;2
2004.06.23 19:23;394.3;394.8;394.3;394.6;8
2004.06.23 19:24;394.5;394.5;394.1;394.3;5
2004.06.23 19:25;394.1;394.6;394.1;394.6;7
2004.06.23 19:26;394.6;394.6;394.6;394.6;1
2004.06.23 19:27;394.5;394.8;394.5;394.6;3
2004.06.23 19:28;394.1;394.8;394.1;394.8;3
2004.06.23 19:29;394.6;394.8;394.3;394.3;11
2004.06.23 19:30;394;394;394;394;1
2004.06.23 19:31;393.8;394;393.8;394;2
2004.06.23 19:35;393.8;394.1;393.8;394;3
2004.06.23 19:36;394.3;394.3;394.1;394.1;2
2004.06.23 19:37;394.1;394.1;394.1;394.1;1
2004.06.23 19:38;394.1;394.3;393.8;393.8;3
2004.06.23 19:39;393.6;393.6;393.6;393.6;1
2004.06.23 19:40;393.8;393.8;393.8;393.8;1
2004.06.23 19:43;393.6;394.3;393.6;394.3;4
2004.06.23 19:44;394.1;394.6;394;394.6;3
2004.06.23 19:46;394.1;394.1;394.1;394.1;1
2004.06.23 19:48;394;394.1;394;394.1;2
2004.06.23 19:49;394.3;394.3;394.3;394.3;1
2004.06.23 19:50;394.1;394.1;394.1;394.1;1
2004.06.23 19:52;394;394;394;394;1
2004.06.23 19:53;394.1;394.1;394.1;394.1;1
2004.06.23 19:56;394.3;394.3;394.3;394.3;1
2004.06.23 19:57;394;394;394;394;1
2004.06.23 19:58;394.1;394.1;394.1;394.1;1
2004.06.23 20:02;394.3;394.3;394.1;394.1;2
2004.06.23 20:04;394;394.3;394;394.3;2
2004.06.23 20:06;394;394;394;394;1
2004.06.23 20:07;394.1;394.1;394.1;394.1;1
2004.06.23 20:09;394;394;394;394;1
2004.06.23 20:11;394.1;394.1;394.1;394.1;1
2004.06.23 20:13;394;394.1;394;394.1;2
2004.06.23 20:15;394;394.1;394;394.1;2
2004.06.23 20:16;394;394;394;394;1
2004.06.23 20:17;394.1;394.1;394.1;394.1;1
2004.06.23 20:18;394;394.1;394;394.1;2
2004.06.23 20:19;394;394;394;394;1
2004.06.23 20:21;394.1;394.1;394.1;394.1;1
2004.06.23 20:22;394;394;394;394;1
2004.06.23 20:23;394.1;394.1;394.1;394.1;1
2004.06.23 20:26;394;394;394;394;1
2004.06.23 20:30;394.1;394.1;394;394;2
2004.06.23 20:33;394.1;394.1;394.1;394.1;1
2004.06.23 20:34;394;394;394;394;1
2004.06.23 20:36;394.1;394.1;394.1;394.1;1
2004.06.23 20:40;394.3;394.3;394.3;394.3;1
2004.06.23 20:42;394;394;394;394;1
2004.06.23 20:44;394.1;394.1;394.1;394.1;1
2004.06.23 20:47;394;394;394;394;1
2004.06.23 20:48;394.1;394.1;394.1;394.1;1
2004.06.23 20:51;394;394;394;394;1
2004.06.23 20:52;394.1;394.1;394.1;394.1;1
2004.06.23 20:54;394;394.1;394;394.1;2
2004.06.23 20:55;394.1;394.1;394.1;394.1;1
2004.06.23 20:56;394;394.1;394;394.1;2
2004.06.23 20:59;394;394.1;394;394.1;2
2004.06.23 21:01;394.1;394.1;394.1;394.1;1
2004.06.23 21:02;394.3;394.3;394.3;394.3;1
2004.06.23 21:04;394.1;394.1;394.1;394.1;1
2004.06.23 21:05;394.8;394.8;394.8;394.8;1
2004.06.23 21:06;394.1;394.1;394.1;394.1;1
2004.06.23 21:07;394.3;394.3;394.3;394.3;1
2004.06.23 21:09;394;394.6;394;394.6;2
2004.06.23 21:10;394.1;394.1;394.1;394.1;1
2004.06.23 21:11;394;394;394;394;1
2004.06.23 21:12;394.1;394.3;394.1;394.3;2
2004.06.23 21:14;394;394;394;394;1
2004.06.23 21:15;394.1;394.1;394.1;394.1;1
2004.06.23 21:19;394;394.1;394;394.1;2
2004.06.23 21:24;394.1;394.1;394.1;394.1;1
2004.06.23 21:26;394;394;394;394;1
2004.06.23 21:27;394.1;394.1;394.1;394.1;1
2004.06.23 21:30;394;394;394;394;1
2004.06.23 21:32;394.1;394.1;394.1;394.1;1
2004.06.23 21:36;394;394.1;394;394.1;2
2004.06.23 21:37;394;394.1;394;394.1;2
2004.06.23 21:39;394;394;394;394;1
2004.06.23 21:41;394.1;394.1;394;394;2
2004.06.23 21:42;394.1;394.1;394.1;394.1;1
2004.06.23 21:46;394.3;394.3;394.3;394.3;1
2004.06.23 21:49;394;394.1;394;394.1;2
2004.06.23 21:50;394.3;394.3;394.3;394.3;1
2004.06.23 21:52;394.3;394.3;394.3;394.3;1
2004.06.23 21:56;394;394;394;394;1
2004.06.23 21:57;394.1;394.1;394.1;394.1;1
2004.06.23 21:58;394.1;394.1;394.1;394.1;1
2004.06.23 21:59;394;394;394;394;1
2004.06.23 22:00;394.1;394.1;394.1;394.1;1
2004.06.23 22:03;394;394;394;394;1
2004.06.23 22:04;394.1;394.1;394.1;394.1;1
2004.06.23 22:06;394.1;394.1;394.1;394.1;1
2004.06.23 22:07;394.3;394.3;394;394;2
2004.06.23 22:08;394.1;394.1;394;394;2
2004.06.23 22:10;394.1;394.1;394.1;394.1;1
2004.06.23 22:14;394.3;394.3;394.3;394.3;1
2004.06.23 22:17;394;394.1;394;394.1;2
2004.06.23 22:21;394;394.1;394;394.1;2
2004.06.23 22:22;394;394;394;394;1
2004.06.23 22:25;394.1;394.1;394.1;394.1;1
2004.06.23 22:26;394;394.1;394;394.1;2
2004.06.23 22:28;394;394;394;394;1
2004.06.23 22:29;394.1;394.1;394.1;394.1;1
2004.06.23 22:32;394;394.6;394;394.6;3
2004.06.23 22:33;394.8;394.8;394.8;394.8;1
2004.06.23 22:34;394.8;394.8;394.8;394.8;1
2004.06.23 22:36;394;394.1;394;394.1;2
2004.06.23 22:37;395.1;395.1;395.1;395.1;1
2004.06.23 22:40;395.3;395.3;394.1;394.1;2
2004.06.23 22:44;394;394;394;394;1
2004.06.23 22:45;394.1;394.1;394.1;394.1;1
2004.06.23 22:46;394;394.1;394;394.1;2
2004.06.23 22:47;395.3;395.3;395.3;395.3;1
2004.06.23 22:53;394;394.1;394;394.1;2
2004.06.23 22:54;394;394;394;394;1
2004.06.23 22:57;395.3;395.3;395.3;395.3;1
2004.06.23 23:05;395.3;395.3;395.3;395.3;1
2004.06.23 23:06;395.6;395.6;395.6;395.6;1
2004.06.23 23:37;395.8;395.8;395.8;395.8;1
2004.06.23 23:42;395.6;395.6;395.6;395.6;1
2004.06.24 01:07;394;394;394;394;1
2004.06.24 01:12;394.1;394.1;394.1;394.1;1
2004.06.24 01:14;394;394;394;394;1
2004.06.24 01:18;394.1;394.1;394.1;394.1;1
2004.06.24 01:21;394;394.1;394;394.1;3
2004.06.24 01:22;394;394.1;394;394.1;2
2004.06.24 01:28;394;394;394;394;1
2004.06.24 01:30;394.1;394.1;394.1;394.1;1
2004.06.24 01:36;394;394.1;394;394.1;2
2004.06.24 01:45;394.1;394.1;394.1;394.1;1
2004.06.24 01:49;394.1;394.1;394.1;394.1;1
2004.06.24 01:53;394.1;394.1;394.1;394.1;1
2004.06.24 01:56;394;394.1;394;394.1;2
2004.06.24 02:00;394.1;394.1;394.1;394.1;1
2004.06.24 02:03;394;394;394;394;1
2004.06.24 02:04;393.8;393.8;393.8;393.8;1
2004.06.24 02:09;394.6;394.6;394.5;394.5;2
2004.06.24 02:10;394.6;394.6;394.5;394.5;2
2004.06.24 02:14;394.6;394.6;394.5;394.5;2
2004.06.24 02:17;394.3;394.3;394.3;394.3;1
2004.06.24 02:22;394.3;394.3;394.3;394.3;1
2004.06.24 02:23;394.3;394.3;394.3;394.3;1
2004.06.24 02:27;394.3;394.3;394.3;394.3;1
2004.06.24 02:28;394.3;394.3;394.3;394.3;1
2004.06.24 02:29;394.3;394.3;394.3;394.3;1
2004.06.24 02:30;394.3;394.3;394.3;394.3;1
2004.06.24 02:32;393.5;394.1;393.1;394.1;4
2004.06.24 02:33;394.1;394.1;394.1;394.1;1
2004.06.24 02:38;394;394;394;394;1
2004.06.24 02:39;394.1;394.1;394.1;394.1;1
2004.06.24 02:45;394;394.1;394;394.1;2
2004.06.24 02:54;394.1;394.1;394.1;394.1;1
2004.06.24 02:57;394;394;393.6;393.6;3
2004.06.24 03:00;393.6;393.6;393.6;393.6;1
2004.06.24 03:04;393.5;393.8;393.3;393.6;4
2004.06.24 03:08;393.6;393.6;393.6;393.6;1
2004.06.24 03:09;393.6;393.6;393.6;393.6;1
2004.06.24 03:12;393.6;393.6;393.6;393.6;1
2004.06.24 03:16;393.6;393.6;393.6;393.6;1
2004.06.24 03:19;393.6;393.6;393.6;393.6;1
2004.06.24 03:20;393.6;393.6;393.6;393.6;1
2004.06.24 03:21;393.6;393.6;393.6;393.6;1
2004.06.24 03:22;393.6;393.6;393.6;393.6;1
2004.06.24 03:24;393.6;393.8;393.6;393.8;3
2004.06.24 03:25;393.6;393.6;393.6;393.6;1
2004.06.24 03:27;393.6;393.6;393.5;393.5;2
2004.06.24 03:28;393.8;393.8;393.6;393.6;2
2004.06.24 03:29;393.6;393.6;393.6;393.6;1
2004.06.24 03:30;393.6;393.6;393.6;393.6;1
2004.06.24 03:32;393.6;393.6;393.5;393.5;3
2004.06.24 03:33;393.3;393.3;393.3;393.3;1
2004.06.24 03:34;393.5;393.5;393.5;393.5;1
2004.06.24 03:38;393.3;393.3;393.3;393.3;1
2004.06.24 03:44;393.5;393.5;393.3;393.3;2
2004.06.24 03:53;393.3;393.8;393.3;393.6;3
2004.06.24 03:56;393.5;393.8;393.5;393.8;3
2004.06.24 03:57;393.6;393.6;393.6;393.6;1
2004.06.24 04:00;393.6;393.6;393.6;393.6;1
2004.06.24 04:04;393.6;393.6;393.6;393.6;1
2004.06.24 04:06;393.6;393.6;393.6;393.6;1
2004.06.24 04:09;393.6;393.6;393.6;393.6;1
2004.06.24 04:11;393.6;393.6;393.6;393.6;1
2004.06.24 04:12;393.6;393.6;393.6;393.6;1
2004.06.24 04:14;393.8;393.8;393.8;393.8;1
2004.06.24 04:16;393.8;393.8;393.8;393.8;1
2004.06.24 04:17;393.6;393.8;393.6;393.8;5
2004.06.24 04:24;394;394;393.8;393.8;2
2004.06.24 04:30;393.8;393.8;393.8;393.8;1
2004.06.24 04:34;393.8;393.8;393.8;393.8;1
2004.06.24 04:37;393.8;393.8;393.6;393.6;2
2004.06.24 04:38;393.8;393.8;393.8;393.8;1
2004.06.24 04:44;393.8;393.8;393.6;393.6;2
2004.06.24 04:47;393.6;393.6;393.6;393.6;1
2004.06.24 04:50;393.8;393.8;393.6;393.6;2
2004.06.24 05:00;393.6;393.6;393.6;393.6;1
2004.06.24 05:02;393.8;393.8;393.6;393.6;3
2004.06.24 05:03;393.8;393.8;393.6;393.6;2
2004.06.24 05:07;393.8;393.8;393.8;393.8;1
2004.06.24 05:12;393.6;393.8;393.6;393.8;2
2004.06.24 05:15;393.6;393.8;393.6;393.8;2
2004.06.24 05:16;393.6;393.8;393.6;393.8;2
2004.06.24 05:17;393.6;393.6;393.6;393.6;1
2004.06.24 05:19;393.6;393.6;393.6;393.6;1
2004.06.24 05:20;393.8;393.8;393.6;393.8;3
2004.06.24 05:21;393.6;393.6;393.6;393.6;1
2004.06.24 05:24;393.6;393.6;393.6;393.6;1
2004.06.24 05:26;393.8;393.8;393.8;393.8;1
2004.06.24 05:29;393.6;393.6;393.6;393.6;1
2004.06.24 05:30;393.8;393.8;393.6;393.6;3
2004.06.24 05:31;394.1;394.1;394.1;394.1;1
2004.06.24 05:34;393.8;393.8;393.6;393.6;2
2004.06.24 05:35;393.8;393.8;393.6;393.6;2
2004.06.24 05:41;393.8;393.8;393.8;393.8;1
2004.06.24 05:42;393.8;393.8;393.8;393.8;1
2004.06.24 05:47;393.6;393.8;393.6;393.8;2
2004.06.24 05:50;393.8;393.8;393.8;393.8;1
2004.06.24 05:51;393.8;393.8;393.8;393.8;1
2004.06.24 05:59;393.6;393.6;393.6;393.6;1
2004.06.24 06:02;393.8;393.8;393.8;393.8;1
2004.06.24 06:05;393.8;393.8;393.8;393.8;1
2004.06.24 06:08;393.6;393.8;393.6;393.8;3
2004.06.24 06:12;393.6;393.6;393.6;393.6;1
2004.06.24 06:13;393.8;393.8;393.8;393.8;1
2004.06.24 06:22;394.1;394.1;394.1;394.1;1
2004.06.24 06:27;393.8;393.8;393.8;393.8;1
2004.06.24 06:28;393.6;393.6;393.6;393.6;1
2004.06.24 06:31;393.6;393.8;393.6;393.6;3
2004.06.24 06:35;393.8;393.8;393.6;393.6;2
2004.06.24 06:39;393.6;393.6;393.6;393.6;1
2004.06.24 06:41;393.8;393.8;393.8;393.8;1
2004.06.24 06:42;393.6;393.8;393.6;393.8;2
2004.06.24 06:43;393.6;393.8;393.6;393.8;2
2004.06.24 06:46;393.8;393.8;393.8;393.8;1
2004.06.24 06:47;393.6;393.6;393.6;393.6;1
2004.06.24 06:48;393.8;393.8;393.6;393.8;3
2004.06.24 06:49;393.6;393.8;393.6;393.6;4
2004.06.24 06:50;393.8;393.8;393.8;393.8;1
2004.06.24 06:54;394.1;394.1;394.1;394.1;1
2004.06.24 06:56;393.8;393.8;393.6;393.6;3
2004.06.24 06:57;393.8;393.8;393.6;393.6;2
2004.06.24 07:04;393.6;393.6;393.6;393.6;1
2004.06.24 07:10;393.8;393.8;393.6;393.6;2
2004.06.24 07:11;393.8;393.8;393.6;393.6;2
2004.06.24 07:12;393.8;393.8;393.8;393.8;1
2004.06.24 07:14;393.8;394.1;393.8;394.1;2
2004.06.24 07:15;393.6;393.6;393.6;393.6;1
2004.06.24 07:16;393.8;393.8;393.6;393.6;5
2004.06.24 07:17;393.8;393.8;393.8;393.8;1
2004.06.24 07:26;394;394.3;394;394.3;2
2004.06.24 07:28;393.8;394.1;393.8;394.1;2
2004.06.24 07:30;393.8;393.8;393.8;393.8;1
2004.06.24 07:34;393.6;393.6;393.6;393.6;1
2004.06.24 07:37;393.8;394.1;393.8;394.1;8
2004.06.24 07:38;393.6;394;393.6;394;2
2004.06.24 07:39;393.8;393.8;393.8;393.8;1
2004.06.24 07:41;393.8;394.3;393.8;394.3;3
2004.06.24 07:43;393.8;393.8;393.8;393.8;1
2004.06.24 07:45;394.3;394.3;394.3;394.3;1
2004.06.24 07:48;394.1;394.1;394.1;394.1;1
2004.06.24 07:50;394.3;394.3;394.3;394.3;1
2004.06.24 07:51;393.8;393.8;393.8;393.8;1
2004.06.24 07:52;394.1;394.1;394.1;394.1;1
2004.06.24 07:57;394;394;393.8;393.8;2
2004.06.24 07:59;393.8;393.8;393.8;393.8;1
2004.06.24 08:02;394.6;394.6;393.8;394.1;3
2004.06.24 08:04;394.6;394.6;394.6;394.6;1
2004.06.24 08:05;394.1;394.1;394.1;394.1;1
2004.06.24 08:09;394.1;394.1;394.1;394.1;1
2004.06.24 08:10;394.1;394.1;394.1;394.1;1
2004.06.24 08:11;394.1;394.1;394;394;2
2004.06.24 08:15;394.3;394.3;394.1;394.1;3
2004.06.24 08:16;394.1;394.1;394.1;394.1;1
2004.06.24 08:17;394.3;394.3;394.3;394.3;1
2004.06.24 08:23;394.1;394.3;394.1;394.3;2
2004.06.24 08:25;394.3;394.3;394.1;394.1;2
2004.06.24 08:30;394.1;394.1;393.8;393.8;2
2004.06.24 08:31;394.5;394.6;394.3;394.3;3
2004.06.24 08:34;394;394;393.8;393.8;2
2004.06.24 08:37;394;394;393.8;393.8;2
2004.06.24 08:38;394.3;394.3;394.3;394.3;1
2004.06.24 08:42;394;394;393.8;393.8;2
2004.06.24 08:43;394;394.3;393.8;394.3;3
2004.06.24 08:45;394;394;394;394;1
2004.06.24 08:49;394.3;394.3;394.3;394.3;1
2004.06.24 08:52;394.3;394.3;394.3;394.3;1
2004.06.24 08:53;394.1;394.1;394.1;394.1;1
2004.06.24 08:55;394.3;394.3;394.3;394.3;1
2004.06.24 08:58;394.3;394.3;394.3;394.3;1
2004.06.24 09:01;394.1;394.1;393.8;393.8;4
2004.06.24 09:04;393.8;393.8;393.8;393.8;1
2004.06.24 09:05;393.8;393.8;393.8;393.8;1
2004.06.24 09:07;394.3;394.3;394.3;394.3;1
2004.06.24 09:11;393.6;394.6;393.6;394.3;4
2004.06.24 09:13;394.1;394.1;394;394;2
2004.06.24 09:14;394.6;394.6;394.6;394.6;1
2004.06.24 09:15;394.1;394.1;394.1;394.1;1
2004.06.24 09:16;394.1;394.1;394.1;394.1;1
2004.06.24 09:17;394.1;394.1;394.1;394.1;1
2004.06.24 09:19;394.1;394.1;394.1;394.1;1
2004.06.24 09:21;394.3;394.3;394.3;394.3;1
2004.06.24 09:22;394.1;394.1;394.1;394.1;1
2004.06.24 09:23;394.1;394.1;394.1;394.1;1
2004.06.24 09:27;394.1;394.1;394.1;394.1;1
2004.06.24 09:28;394.6;394.8;394.6;394.8;5
2004.06.24 09:29;394.8;394.8;394.8;394.8;1
2004.06.24 09:31;394.3;394.3;394.3;394.3;1
2004.06.24 09:32;394.5;394.5;394.5;394.5;1
2004.06.24 09:33;394.3;394.5;394.3;394.5;2
2004.06.24 09:34;395;395;395;395;1
2004.06.24 09:36;394.3;394.8;394.3;394.8;2
2004.06.24 09:38;394.5;394.5;394.5;394.5;1
2004.06.24 09:39;394.8;394.8;394.6;394.8;4
2004.06.24 09:40;394.8;394.8;394.8;394.8;1
2004.06.24 09:42;394.8;394.8;394.8;394.8;1
2004.06.24 09:44;394.6;394.6;394.6;394.6;1
2004.06.24 09:45;394.8;395.3;394.8;395.3;3
2004.06.24 09:46;395.3;395.6;395.3;395.6;3
2004.06.24 09:48;395.1;395.3;395;395;4
2004.06.24 09:51;395.3;395.3;395.1;395.1;2
2004.06.24 09:52;395.1;395.3;395.1;395.3;2
2004.06.24 09:54;395.5;395.5;395.5;395.5;1
2004.06.24 09:56;395.3;395.3;395.1;395.1;2
2004.06.24 09:58;395;395;395;395;1
2004.06.24 10:05;395.1;395.1;395.1;395.1;1
2004.06.24 10:06;395;395.1;395;395.1;2
2004.06.24 10:07;395.6;395.6;394.8;394.8;2
2004.06.24 10:08;395;395;395;395;1
2004.06.24 10:10;395.3;395.3;395.3;395.3;1
2004.06.24 10:11;395.1;395.1;395.1;395.1;1
2004.06.24 10:13;395.8;395.8;395.3;395.3;2
2004.06.24 10:14;395.6;395.6;395.3;395.3;2
2004.06.24 10:15;395.6;395.6;395.6;395.6;1
2004.06.24 10:16;395.5;395.5;395.5;395.5;1
2004.06.24 10:17;396.1;396.1;396.1;396.1;1
2004.06.24 10:18;396.3;396.3;395.6;396;3
2004.06.24 10:19;395.8;395.8;395.8;395.8;1
2004.06.24 10:23;396.6;396.6;396.6;396.6;1
2004.06.24 10:25;396.8;396.8;396.8;396.8;1
2004.06.24 10:26;396.6;396.6;396.1;396.1;3
2004.06.24 10:27;396.3;396.3;396.3;396.3;1
2004.06.24 10:29;396.6;396.6;396.6;396.6;1
2004.06.24 10:30;396.1;396.1;396.1;396.1;1
2004.06.24 10:31;396.3;396.3;396.3;396.3;1
2004.06.24 10:33;396;396.3;396;396.3;3
2004.06.24 10:36;396.3;396.3;396.1;396.3;5
2004.06.24 10:37;396.1;396.6;396.1;396.3;3
2004.06.24 10:40;396.5;396.5;396.5;396.5;1
2004.06.24 10:41;396.8;397.3;396.8;397.1;7
2004.06.24 10:42;396.8;396.8;396.8;396.8;1
2004.06.24 10:43;396.8;397.1;396.8;396.8;3
2004.06.24 10:45;397.5;397.5;397.3;397.3;2
2004.06.24 10:46;397.6;397.6;397.6;397.6;1
2004.06.24 10:47;397.8;397.8;397.8;397.8;1
2004.06.24 10:49;397.1;397.1;396.8;396.8;2
2004.06.24 10:50;397;397.3;397;397.3;2
2004.06.24 10:51;397.1;397.1;397.1;397.1;1
2004.06.24 10:52;397.1;397.1;397.1;397.1;1
2004.06.24 10:53;397.1;397.1;397;397;2
2004.06.24 10:54;396.8;396.8;396.8;396.8;1
2004.06.24 10:56;396.6;396.6;396.6;396.6;1
2004.06.24 10:57;396.3;396.3;396.1;396.1;3
2004.06.24 10:58;396.6;396.6;396.6;396.6;1
2004.06.24 11:02;396.6;396.6;396.6;396.6;1
2004.06.24 11:03;396.3;396.3;396.3;396.3;1
2004.06.24 11:05;396.1;396.1;395.8;395.8;2
2004.06.24 11:06;396.3;396.3;396.3;396.3;1
2004.06.24 11:07;396.1;396.1;396.1;396.1;1
2004.06.24 11:12;395.8;396.3;395.6;396.3;3
2004.06.24 11:16;396.1;396.1;396.1;396.1;1
2004.06.24 11:18;395.8;396.3;395.8;396.3;3
2004.06.24 11:19;395.8;395.8;395.8;395.8;1
2004.06.24 11:24;395.6;395.6;395.6;395.6;1
2004.06.24 11:32;396;396.3;395.8;396.3;5
2004.06.24 11:33;395.8;396.1;395.8;396.1;2
2004.06.24 11:37;396;396.3;396;396.3;2
2004.06.24 11:38;396.1;396.3;396.1;396.3;2
2004.06.24 11:41;396.3;396.3;396.3;396.3;1
2004.06.24 11:43;396.3;396.3;396.1;396.1;2
2004.06.24 11:46;396.1;396.1;396.1;396.1;1
2004.06.24 11:48;396.8;397.1;396.8;396.8;4
2004.06.24 11:49;396.8;396.8;396.8;396.8;1
2004.06.24 11:51;397.1;397.1;397.1;397.1;1
2004.06.24 11:52;396.6;396.6;396.6;396.6;1
2004.06.24 11:56;396.8;396.8;396.6;396.6;2
2004.06.24 11:57;396.8;396.8;396.8;396.8;1
2004.06.24 11:58;396.6;396.6;396.6;396.6;1
2004.06.24 11:59;396.8;396.8;396.6;396.6;2
2004.06.24 12:01;397;397;396.8;396.8;2
2004.06.24 12:02;397.3;397.3;397.3;397.3;1
2004.06.24 12:04;396.8;397;396.8;397;2
2004.06.24 12:05;396.8;397.1;396.8;397.1;2
2004.06.24 12:08;396.8;396.8;396.6;396.6;2
2004.06.24 12:10;396.8;396.8;396.8;396.8;1
2004.06.24 12:11;396.3;396.5;396.3;396.5;4
2004.06.24 12:12;396.3;396.3;396.3;396.3;1
2004.06.24 12:15;396.1;396.3;396.1;396.3;2
2004.06.24 12:16;396.1;396.3;396.1;396.1;3
2004.06.24 12:17;396.8;396.8;396.6;396.6;2
2004.06.24 12:18;396.6;396.6;396.6;396.6;1
2004.06.24 12:19;396.1;396.1;396.1;396.1;1
2004.06.24 12:20;396.1;396.1;396.1;396.1;1
2004.06.24 12:25;396.1;396.1;395.8;396.1;3
2004.06.24 12:26;396;396;396;396;1
2004.06.24 12:27;395.8;395.8;395.8;395.8;1
2004.06.24 12:34;396;396;396;396;1
2004.06.24 12:37;396;396;395.8;395.8;2
2004.06.24 12:38;396;396.3;396;396.3;2
2004.06.24 12:40;396.6;396.6;396.6;396.6;1
2004.06.24 12:44;396.1;396.1;396.1;396.1;1
2004.06.24 12:50;395.8;396.3;395.8;396.1;4
2004.06.24 12:53;395.6;395.8;395.3;395.6;6
2004.06.24 12:54;395.5;395.5;395.5;395.5;1
2004.06.24 12:59;395.8;395.8;395.8;395.8;1
2004.06.24 13:03;395.8;396.1;395.6;396.1;3
2004.06.24 13:04;396.3;396.3;396.1;396.1;2
2004.06.24 13:08;395.8;396.1;395.6;396.1;3
2004.06.24 13:09;396.3;396.3;395.6;395.6;2
2004.06.24 13:15;395.8;395.8;395.8;395.8;1
2004.06.24 13:16;396.1;396.1;395.8;395.8;2
2004.06.24 13:22;396.1;396.1;396;396;2
2004.06.24 13:23;396.1;396.1;396.1;396.1;1
2004.06.24 13:24;396;396;396;396;1
2004.06.24 13:25;396.3;396.3;396.1;396.1;2
2004.06.24 13:27;396.1;396.1;396.1;396.1;1
2004.06.24 13:30;396;396.1;396;396.1;2
2004.06.24 13:31;396.1;396.1;396.1;396.1;1
2004.06.24 13:33;396.3;396.3;396.3;396.3;1
2004.06.24 13:34;396.3;396.6;396.1;396.6;3
2004.06.24 13:37;396.3;396.3;396.1;396.1;2
2004.06.24 13:39;396.1;396.3;396.1;396.1;3
2004.06.24 13:40;396.3;396.3;396.3;396.3;1
2004.06.24 13:41;396.1;396.6;396.1;396.3;5
2004.06.24 13:46;396.5;396.5;396.3;396.3;2
2004.06.24 13:48;396.8;396.8;396.8;396.8;1
2004.06.24 13:49;396.5;396.5;396.5;396.5;1
2004.06.24 13:52;396.6;396.8;396.6;396.6;4
2004.06.24 13:53;397.1;397.1;397.1;397.1;1
2004.06.24 13:54;396.6;397.1;396.6;397.1;3
2004.06.24 13:55;397.3;397.3;396.8;397.1;3
2004.06.24 13:56;397.3;397.3;396.8;397.1;4
2004.06.24 13:57;396.8;397.3;396.8;397.3;2
2004.06.24 13:58;397.6;397.6;397.3;397.5;3
2004.06.24 13:59;397.8;397.8;397.8;397.8;1
2004.06.24 14:01;397.6;397.6;397.6;397.6;1
2004.06.24 14:02;397.5;397.6;397.5;397.6;2
2004.06.24 14:04;397.8;397.8;397.8;397.8;1
2004.06.24 14:05;397.5;398.1;397.5;398.1;8
2004.06.24 14:06;398.1;398.1;398.1;398.1;1
2004.06.24 14:08;398.3;398.5;398.3;398.3;3
2004.06.24 14:09;398.1;398.1;398.1;398.1;1
2004.06.24 14:12;398.3;398.3;398.1;398.1;2
2004.06.24 14:13;398.3;398.3;398.3;398.3;1
2004.06.24 14:14;398.1;398.1;398.1;398.1;1
2004.06.24 14:15;398;398;398;398;1
2004.06.24 14:16;398.3;398.5;398.1;398.3;8
2004.06.24 14:18;398.3;398.3;398.3;398.3;1
2004.06.24 14:19;398.1;398.6;398.1;398.6;5
2004.06.24 14:21;399.1;400.1;399;400.1;10
2004.06.24 14:22;399.8;400.1;399.6;399.6;17
2004.06.24 14:23;399.8;400;399.6;399.6;14
2004.06.24 14:24;399.8;400.1;399.8;399.8;5
2004.06.24 14:25;399.6;400;399.6;399.8;3
2004.06.24 14:26;399.8;400.1;399.5;399.8;13
2004.06.24 14:27;399.5;399.8;399.5;399.8;8
2004.06.24 14:28;399.6;400.1;399.5;400.1;11
2004.06.24 14:29;400;400.1;400;400.1;8
2004.06.24 14:31;400.1;401.8;399.8;401.8;21
2004.06.24 14:32;401.8;401.8;401.3;401.6;7
2004.06.24 14:33;401.5;401.6;401.1;401.3;19
2004.06.24 14:34;401;401.3;400.8;401.3;18
2004.06.24 14:35;401.3;401.3;401.3;401.3;1
2004.06.24 14:36;401.3;401.3;400.8;401;24
2004.06.24 14:37;401.1;401.3;401.1;401.1;4
2004.06.24 14:38;401.1;401.1;400.6;400.6;8
2004.06.24 14:39;400.3;400.8;400.3;400.8;3
2004.06.24 14:40;400.6;400.8;400.6;400.8;3
2004.06.24 14:41;400.8;400.8;400.6;400.6;3
2004.06.24 14:42;400.8;400.8;400.6;400.6;5
2004.06.24 14:43;400.3;400.5;400.1;400.3;9
2004.06.24 14:44;400.3;400.3;400;400.1;10
2004.06.24 14:45;400;400.3;400;400;3
2004.06.24 14:46;400.1;400.3;400;400.3;7
2004.06.24 14:47;400.1;400.1;399.8;400;6
2004.06.24 14:48;400.1;400.1;399.8;399.8;5
2004.06.24 14:49;400.1;400.1;399.6;400.1;14
2004.06.24 14:50;400.1;400.1;400;400;3
2004.06.24 14:51;400.3;400.6;400.3;400.6;6
2004.06.24 14:52;400.5;400.5;400;400;6
2004.06.24 14:53;399.8;400.3;399.8;400.1;4
2004.06.24 14:54;400.3;400.3;400.1;400.1;6
2004.06.24 14:55;400.3;400.3;400.1;400.1;2
2004.06.24 14:56;399.8;400.3;399.8;400.3;8
2004.06.24 14:57;399.8;400.1;399.8;400.1;5
2004.06.24 14:58;400.1;400.3;400.1;400.3;7
2004.06.24 14:59;400;400.3;400;400.3;4
2004.06.24 15:01;400.1;400.6;400;400.3;21
2004.06.24 15:02;400.3;400.3;400.1;400.3;7
2004.06.24 15:03;400.3;400.6;400.1;400.3;10
2004.06.24 15:04;400.1;400.5;400;400.5;9
2004.06.24 15:05;400.3;400.6;400.1;400.5;5
2004.06.24 15:06;400.3;400.3;400;400.3;6
2004.06.24 15:07;400;400.8;400;400.3;11
2004.06.24 15:08;400.1;400.3;399.8;400.3;6
2004.06.24 15:09;400.5;400.6;400.5;400.6;2
2004.06.24 15:10;400.1;400.3;400.1;400.1;4
2004.06.24 15:11;400.1;400.6;400.1;400.6;4
2004.06.24 15:12;400.1;400.3;400.1;400.3;3
2004.06.24 15:13;400.3;400.3;400.1;400.3;7
2004.06.24 15:14;400.3;400.6;400.3;400.3;5
2004.06.24 15:15;400.3;400.3;400.3;400.3;1
2004.06.24 15:16;400.3;400.3;400.1;400.3;4
2004.06.24 15:17;399.8;400.3;399.6;400.3;8
2004.06.24 15:18;400.3;400.3;400.3;400.3;1
2004.06.24 15:19;400.1;400.3;399.8;400.1;7
2004.06.24 15:20;400.1;400.1;399.6;400.1;8
2004.06.24 15:21;400.1;400.3;399.8;400.3;8
2004.06.24 15:22;399.6;400.3;399.6;400.3;6
2004.06.24 15:23;400.1;400.3;399.6;399.6;5
2004.06.24 15:24;400;400.1;400;400;5
2004.06.24 15:25;399.8;399.8;399.5;399.6;4
2004.06.24 15:26;399.5;399.6;399.3;399.3;5
2004.06.24 15:27;399.5;399.8;399.5;399.8;4
2004.06.24 15:28;399.8;399.8;399.8;399.8;1
2004.06.24 15:29;400.1;400.3;399.8;400.3;3
2004.06.24 15:30;400.3;400.3;400.3;400.3;1
2004.06.24 15:31;400.3;400.3;400.1;400.1;3
2004.06.24 15:32;400.3;400.5;400.3;400.5;3
2004.06.24 15:33;400.3;400.5;400.3;400.3;3
2004.06.24 15:34;400.1;400.3;400;400.1;9
2004.06.24 15:35;400.3;400.3;400.1;400.1;3
2004.06.24 15:36;400.3;400.3;399.8;400.3;8
2004.06.24 15:37;400.3;400.3;400.3;400.3;1
2004.06.24 15:38;399.8;400.1;399.8;399.8;6
2004.06.24 15:39;400.1;400.1;399.8;399.8;5
2004.06.24 15:41;399.8;400.1;399.8;400.1;5
2004.06.24 15:42;399.8;400;399.6;399.8;8
2004.06.24 15:43;399.6;399.8;399.6;399.8;4
2004.06.24 15:44;399.8;399.8;399.8;399.8;1
2004.06.24 15:45;399.8;399.8;399.5;399.6;3
2004.06.24 15:46;399.8;399.8;399.8;399.8;1
2004.06.24 15:47;399.3;399.8;399.1;399.6;11
2004.06.24 15:48;399.3;399.8;399.3;399.6;6
2004.06.24 15:49;399.3;399.8;399.3;399.8;5
2004.06.24 15:50;399.6;399.8;399.6;399.8;2
2004.06.24 15:51;399.8;400.1;399.8;399.8;3
2004.06.24 15:52;399.8;399.8;399.6;399.6;6
2004.06.24 15:53;400;400;399.6;399.6;10
2004.06.24 15:54;399.8;399.8;399.6;399.8;5
2004.06.24 15:55;399.6;400;399.6;400;7
2004.06.24 15:56;399.8;399.8;399.6;399.8;4
2004.06.24 15:57;400.1;400.1;399.8;400.1;5
2004.06.24 15:58;400;400.1;399.8;400;5
2004.06.24 15:59;399.8;400.1;399.8;400.1;8
2004.06.24 16:01;400.1;400.3;399.8;399.8;3
2004.06.24 16:03;399.6;399.6;399.3;399.6;10
2004.06.24 16:04;399.5;399.8;399.3;399.6;6
2004.06.24 16:05;399.8;399.8;399.6;399.8;6
2004.06.24 16:06;399.8;400.1;399.5;399.8;13
2004.06.24 16:07;399.8;399.8;399.6;399.8;6
2004.06.24 16:08;399.3;400.1;399;400.1;10
2004.06.24 16:09;399.1;400.1;398.8;400.1;9
2004.06.24 16:10;399.1;400;399.1;399.6;6
2004.06.24 16:11;399.5;399.5;399.3;399.3;3
2004.06.24 16:12;399.3;399.3;399.3;399.3;1
2004.06.24 16:13;399.1;399.5;399.1;399.3;6
2004.06.24 16:14;399.3;399.3;399.1;399.1;2
2004.06.24 16:15;399.3;399.3;399.1;399.3;3
2004.06.24 16:16;399.1;399.6;399.1;399.6;12
2004.06.24 16:17;399.3;399.3;399.1;399.3;9
2004.06.24 16:18;399.3;399.5;399.3;399.3;8
2004.06.24 16:19;399.5;399.8;399.3;399.8;7
2004.06.24 16:20;399.5;399.8;399.5;399.8;6
2004.06.24 16:21;399.6;400;399.6;399.8;11
2004.06.24 16:22;399.8;400.1;399.8;400.1;4
2004.06.24 16:23;400.1;400.1;399.8;400;7
2004.06.24 16:24;399.8;399.8;399.8;399.8;1
2004.06.24 16:26;399.5;399.8;399.5;399.6;8
2004.06.24 16:27;399.8;399.8;399.6;399.8;5
2004.06.24 16:28;399.8;399.8;399.3;399.8;5
2004.06.24 16:29;399.8;399.8;399.3;399.6;3
2004.06.24 16:30;399.8;399.8;399.8;399.8;1
2004.06.24 16:31;399.5;399.6;399.3;399.6;14
2004.06.24 16:32;399.5;399.6;399.3;399.6;7
2004.06.24 16:33;399.5;399.6;399.3;399.5;13
2004.06.24 16:34;399.3;399.8;399.3;399.8;13
2004.06.24 16:35;399.6;399.6;399.3;399.3;2
2004.06.24 16:36;399.1;399.8;399.1;399.8;4
2004.06.24 16:37;399.5;399.6;399.3;399.6;7
2004.06.24 16:38;399.6;399.8;399.6;399.8;8
2004.06.24 16:39;399.8;399.8;399.5;399.5;6
2004.06.24 16:40;399.6;399.6;399.3;399.3;11
2004.06.24 16:41;399.6;400;399.6;400;4
2004.06.24 16:42;400;400.1;399.8;399.8;4
2004.06.24 16:43;399.8;400;399.6;399.6;5
2004.06.24 16:44;400;400;399.6;399.6;5
2004.06.24 16:45;399.8;400;399.6;400;8
2004.06.24 16:46;399.8;400.3;399.6;400.3;5
2004.06.24 16:47;400.1;400.3;400.1;400.3;2
2004.06.24 16:48;400.1;400.1;399.8;400;7
2004.06.24 16:49;399.8;400.1;399.8;400.1;7
2004.06.24 16:50;400.3;400.5;400.1;400.3;7
2004.06.24 16:51;400.1;400.3;399.8;400.3;4
2004.06.24 16:52;400.6;400.6;400.3;400.3;5
2004.06.24 16:53;400.5;400.6;400.3;400.6;9
2004.06.24 16:54;400.8;400.8;400.3;400.8;3
2004.06.24 16:55;400.6;400.8;400.3;400.8;4
2004.06.24 16:56;400.3;400.6;400.3;400.5;4
2004.06.24 16:57;400.6;400.6;400.3;400.5;4
2004.06.24 16:58;400.6;400.6;400.3;400.3;4
2004.06.24 16:59;399.8;399.8;399.8;399.8;1
2004.06.24 17:01;399.6;400.5;399.6;400.5;6
2004.06.24 17:02;400.6;400.6;400.6;400.6;1
2004.06.24 17:03;400.6;400.8;400.6;400.8;7
2004.06.24 17:04;400.6;401;400.5;401;8
2004.06.24 17:05;401.1;401.1;401.1;401.1;1
2004.06.24 17:06;400.6;400.8;400.6;400.8;4
2004.06.24 17:07;400.8;400.8;400.6;400.8;10
2004.06.24 17:08;400.6;400.8;400.6;400.6;3
2004.06.24 17:09;400.5;400.8;400.3;400.6;9
2004.06.24 17:10;400.3;400.8;400.3;400.3;6
2004.06.24 17:11;400.5;400.8;400.3;400.6;6
2004.06.24 17:12;400.6;400.8;400.5;400.6;6
2004.06.24 17:13;400.6;401.3;400.6;401.1;15
2004.06.24 17:14;401.3;401.3;401.1;401.1;6
2004.06.24 17:15;401.3;401.3;400.8;401.1;4
2004.06.24 17:16;400.8;400.8;400.8;400.8;1
2004.06.24 17:19;401.1;401.1;401.1;401.1;1
2004.06.24 17:20;401.1;401.1;400.8;400.8;3
2004.06.24 17:21;400.8;401.1;400.6;401.1;14
2004.06.24 17:22;401.3;401.3;401.3;401.3;1
2004.06.24 17:23;401.3;401.3;401.3;401.3;1
2004.06.24 17:24;401.3;401.3;401.1;401.3;3
2004.06.24 17:25;401.3;401.3;401.3;401.3;1
2004.06.24 17:26;401.3;401.3;401.3;401.3;1
2004.06.24 17:27;401.3;401.3;401.1;401.1;4
2004.06.24 17:28;401.1;401.1;401.1;401.1;1
2004.06.24 17:29;401.1;401.1;401.1;401.1;1
2004.06.24 17:30;401.1;401.1;401.1;401.1;1
2004.06.24 17:31;401.1;401.3;401.1;401.3;3
2004.06.24 17:32;401.3;401.3;401.3;401.3;1
2004.06.24 17:33;401.3;401.3;401.3;401.3;1
2004.06.24 17:34;401.1;401.3;400.8;400.8;5
2004.06.24 17:35;400.8;400.8;400.8;400.8;1
2004.06.24 17:36;400.8;400.8;400.6;400.8;5
2004.06.24 17:37;400.8;400.8;400.8;400.8;1
2004.06.24 17:38;400.8;400.8;400.8;400.8;1
2004.06.24 17:39;400.8;400.8;400.8;400.8;1
2004.06.24 17:41;401.1;401.1;401.1;401.1;1
2004.06.24 17:42;400.8;400.8;400.8;400.8;1
2004.06.24 17:43;400.8;400.8;400.8;400.8;1
2004.06.24 17:45;400.8;401.1;400.8;401.1;2
2004.06.24 17:46;401;401;400.8;400.8;2
2004.06.24 17:47;400.8;400.8;400.8;400.8;1
2004.06.24 17:48;400.8;400.8;400.8;400.8;1
2004.06.24 17:50;401;401;400.8;401;3
2004.06.24 17:51;401.1;401.1;400.8;400.8;3
2004.06.24 17:52;401;401.1;401;401.1;2
2004.06.24 17:53;401.1;401.3;401.1;401.3;3
2004.06.24 17:54;401.1;401.1;401.1;401.1;1
2004.06.24 17:55;400.8;400.8;400.8;400.8;1
2004.06.24 17:56;401.1;401.1;401.1;401.1;1
2004.06.24 17:57;401;401;400.8;400.8;2
2004.06.24 17:59;400.8;400.8;400.8;400.8;1
2004.06.24 18:02;401.1;401.1;400.8;400.8;3
2004.06.24 18:03;401;401.1;400.8;401;5
2004.06.24 18:04;400.8;400.8;400.8;400.8;1
2004.06.24 18:08;401.1;401.3;401.1;401.1;5
2004.06.24 18:09;401.3;401.3;401.1;401.1;2
2004.06.24 18:10;401.1;401.1;401;401.1;3
2004.06.24 18:11;401.3;401.3;401.1;401.1;3
2004.06.24 18:12;401.3;401.3;401.1;401.1;2
2004.06.24 18:13;401.1;401.1;401.1;401.1;1
2004.06.24 18:16;401.1;401.3;401.1;401.1;7
2004.06.24 18:17;401.1;401.3;401.1;401.3;3
2004.06.24 18:18;401.3;401.3;401.1;401.1;3
2004.06.24 18:19;401.3;401.3;401.1;401.1;6
2004.06.24 18:21;401;401.3;401;401.3;8
2004.06.24 18:22;401.1;401.1;401.1;401.1;1
2004.06.24 18:23;401.3;401.3;401.3;401.3;1
2004.06.24 18:24;401.1;401.1;401.1;401.1;1
2004.06.24 18:25;401.1;401.3;401.1;401.1;3
2004.06.24 18:26;401.1;401.3;401.1;401.3;4
2004.06.24 18:27;401.1;401.1;401.1;401.1;1
2004.06.24 18:28;401.1;401.1;400.8;400.8;2
2004.06.24 18:29;401;401.1;401;401.1;2
2004.06.24 18:30;401;401;400.8;400.8;3
2004.06.24 18:32;400.8;400.8;400.8;400.8;1
2004.06.24 18:33;401.1;401.1;401.1;401.1;1
2004.06.24 18:34;401;401.1;401;401.1;4
2004.06.24 18:36;401.3;401.3;401.3;401.3;1
2004.06.24 18:37;401.1;401.3;401.1;401.3;2
2004.06.24 18:38;401.1;401.3;401.1;401.1;3
2004.06.24 18:40;400.8;401.1;400.8;401.1;3
2004.06.24 18:42;401;401;401;401;1
2004.06.24 18:43;400.8;400.8;400.8;400.8;1
2004.06.24 18:44;400.8;400.8;400.8;400.8;1
2004.06.24 18:45;400.8;400.8;400.8;400.8;1
2004.06.24 18:46;400.8;400.8;400.8;400.8;1
2004.06.24 18:47;400.8;400.8;400.6;400.6;2
2004.06.24 18:48;400.8;400.8;400.8;400.8;1
2004.06.24 18:49;400.8;400.8;400.8;400.8;1
2004.06.24 18:50;400.6;400.8;400.6;400.8;4
2004.06.24 18:51;401;401;401;401;1
2004.06.24 18:52;401.1;401.1;400.8;401.1;3
2004.06.24 18:53;401.3;401.3;401.1;401.1;2
2004.06.24 18:54;401.3;401.3;401.1;401.1;2
2004.06.24 18:55;401.1;401.1;400.8;401;4
2004.06.24 18:56;401.1;401.3;401.1;401.3;2
2004.06.24 18:57;401.1;401.1;401.1;401.1;1
2004.06.24 18:58;401.1;401.3;401.1;401.3;3
2004.06.24 19:01;401.1;401.3;401.1;401.1;3
2004.06.24 19:02;400.8;400.8;400.8;400.8;1
2004.06.24 19:03;401.1;401.1;401.1;401.1;1
2004.06.24 19:04;401.1;401.1;401.1;401.1;1
2004.06.24 19:05;401.3;401.3;401.1;401.3;3
2004.06.24 19:06;401.1;401.1;401.1;401.1;1
2004.06.24 19:07;401.1;401.1;401.1;401.1;1
2004.06.24 19:08;401.3;401.3;401.3;401.3;1
2004.06.24 19:11;401.3;401.3;401.3;401.3;1
2004.06.24 19:12;401.5;401.6;401.5;401.5;3
2004.06.24 19:13;401.6;401.8;401.6;401.8;2
2004.06.24 19:21;402.8;402.8;402.8;402.8;1
2004.06.24 19:22;402.6;402.8;402.6;402.6;8
2004.06.24 19:23;402.8;402.8;402.6;402.6;3
2004.06.24 19:24;402.5;402.6;402.3;402.3;11
2004.06.24 19:25;402.1;402.1;402.1;402.1;1
2004.06.24 19:26;401.8;401.8;401.8;401.8;1
2004.06.24 19:27;402.1;402.3;402.1;402.3;3
2004.06.24 19:28;402.3;402.3;402.3;402.3;1
2004.06.24 19:29;402.6;402.6;402.3;402.5;4
2004.06.24 19:30;402.3;402.3;401.8;402.3;5
2004.06.24 19:34;402.1;402.1;402.1;402.1;1
2004.06.24 19:37;401.8;402.3;401.8;402.3;3
2004.06.24 19:38;402.1;402.1;402.1;402.1;1
2004.06.24 19:39;401.8;402.1;401.8;402.1;3
2004.06.24 19:40;402;402;402;402;1
2004.06.24 19:44;402.1;402.1;402.1;402.1;1
2004.06.24 19:46;402.3;402.3;402.3;402.3;1
2004.06.24 19:47;402.1;402.1;402.1;402.1;1
2004.06.24 19:54;402.3;402.3;402.1;402.1;2
2004.06.24 20:01;401.8;401.8;401.8;401.8;1
2004.06.24 20:04;402;402;402;402;1
2004.06.24 20:05;402.1;402.1;402.1;402.1;1
2004.06.24 20:07;401.8;402.1;401.8;402.1;2
2004.06.24 20:08;402;402;402;402;1
2004.06.24 20:10;402.1;402.1;402.1;402.1;1
2004.06.24 20:13;402.1;402.1;402.1;402.1;1
2004.06.24 20:14;402;402;402;402;1
2004.06.24 20:17;402.1;402.1;402.1;402.1;1
2004.06.24 20:18;401.8;402;401.8;402;2
2004.06.24 20:22;402.1;402.8;402.1;402.8;3
2004.06.24 20:23;402;402.3;402;402.3;2
2004.06.24 20:25;402.1;402.1;402.1;402.1;1
2004.06.24 20:26;402.1;402.1;402.1;402.1;1
2004.06.24 20:27;402;402;402;402;1
2004.06.24 20:31;401.8;401.8;401.8;401.8;1
2004.06.24 20:36;402.1;402.1;402.1;402.1;1
2004.06.24 20:40;401.8;401.8;401.8;401.8;1
2004.06.24 20:44;402.1;402.1;402.1;402.1;1
2004.06.24 20:45;402;402;402;402;1
2004.06.24 20:46;402.1;402.1;402.1;402.1;1
2004.06.24 20:51;402.1;402.1;402.1;402.1;1
2004.06.24 20:53;402.1;402.1;402.1;402.1;1
2004.06.24 20:54;402;402;401.8;402;3
2004.06.24 20:55;402.1;402.1;402.1;402.1;1
2004.06.24 20:56;402;402;401.8;401.8;2
2004.06.24 20:59;401.8;402;401.8;402;2
2004.06.24 21:01;402.1;402.1;402.1;402.1;1
2004.06.24 21:05;401.8;401.8;401.8;401.8;1
2004.06.24 21:06;402.1;402.1;402.1;402.1;1
2004.06.24 21:13;401.8;401.8;401.8;401.8;1
2004.06.24 21:24;402.1;402.1;402.1;402.1;1
2004.06.24 21:28;401.8;401.8;401.8;401.8;1
2004.06.24 21:33;402.1;402.1;402.1;402.1;1
2004.06.24 21:43;402.1;402.1;402;402;2
2004.06.24 21:47;402.1;402.1;402;402;2
2004.06.24 21:51;401.8;402;401.8;402;2
2004.06.24 21:53;402.3;402.3;402.3;402.3;1
2004.06.24 21:56;401.8;401.8;401.8;401.8;1
2004.06.24 21:57;402;402.1;402;402.1;2
2004.06.24 21:58;402.1;402.1;402;402;2
2004.06.24 21:59;401.8;401.8;401.8;401.8;1
2004.06.24 22:00;402.1;402.1;402.1;402.1;1
2004.06.24 22:13;402.3;402.3;402.3;402.3;1
2004.06.24 22:15;402.1;402.1;402.1;402.1;1
2004.06.24 22:16;402.3;402.3;402.3;402.3;1
2004.06.24 22:20;402.1;402.1;402.1;402.1;1
2004.06.24 22:38;401.8;402.1;401.8;402;3
2004.06.24 22:59;402.3;402.3;402.3;402.3;1
2004.06.24 23:00;402;402;402;402;1
2004.06.24 23:03;401.3;401.3;401.3;401.3;1
2004.06.24 23:10;401.8;401.8;401.8;401.8;1
2004.06.24 23:11;402;402;402;402;1
2004.06.24 23:14;401.3;401.3;401.3;401.3;1
2004.06.24 23:15;401.1;401.1;401.1;401.1;1
2004.06.24 23:18;401.3;401.3;401.3;401.3;1
2004.06.24 23:20;401.8;402;401.8;402;2
2004.06.24 23:21;401.8;401.8;401.8;401.8;1
2004.06.24 23:25;402.1;402.1;402;402;2
2004.06.24 23:33;401.1;401.1;401.1;401.1;1
2004.06.25 01:06;402;402;402;402;1
2004.06.25 01:13;401.8;402;401.8;402;2
2004.06.25 01:21;401.3;402;401.3;402;2
2004.06.25 01:24;402;402;402;402;1
2004.06.25 01:41;402;402;402;402;1
2004.06.25 01:44;401.3;402;401.3;402;2
2004.06.25 02:04;402.1;402.1;401.5;401.5;3
2004.06.25 02:05;401.3;401.3;401.3;401.3;1
2004.06.25 02:06;401.3;401.3;401.3;401.3;1
2004.06.25 02:08;400.5;401.3;400.1;401.3;5
2004.06.25 02:09;401.1;401.1;401.1;401.1;1
2004.06.25 02:11;401.1;401.1;401.1;401.1;1
2004.06.25 02:13;401.6;402.1;401.6;402.1;3
2004.06.25 02:14;402;402;402;402;1
2004.06.25 02:17;402;402;402;402;1
2004.06.25 02:18;402.1;402.1;402.1;402.1;1
2004.06.25 02:20;402.1;402.1;402.1;402.1;1
2004.06.25 02:22;402;402;401.1;401.1;3
2004.06.25 02:23;401;401;401;401;1
2004.06.25 02:24;401.3;401.3;401.1;401.1;2
2004.06.25 02:28;401.1;401.1;401.1;401.1;1
2004.06.25 02:30;401.1;401.1;401.1;401.1;1
2004.06.25 02:34;400.8;400.8;400.8;400.8;1
2004.06.25 02:37;401.3;401.3;401.1;401.1;2
2004.06.25 02:38;401.1;401.1;401;401.1;5
2004.06.25 02:39;400.8;400.8;400.8;400.8;1
2004.06.25 02:42;400.8;400.8;400.8;400.8;1
2004.06.25 02:46;401;401;401;401;1
2004.06.25 02:48;401;401;401;401;1
2004.06.25 02:50;401.1;401.1;401.1;401.1;1
2004.06.25 02:51;400.8;400.8;400.8;400.8;1
2004.06.25 02:53;401.3;401.3;401.1;401.1;2
2004.06.25 02:56;401.3;401.3;401.1;401.1;2
2004.06.25 02:58;401.1;401.1;401.1;401.1;1
2004.06.25 02:59;401.3;401.3;401.3;401.3;1
2004.06.25 03:00;401.3;401.3;401.3;401.3;1
2004.06.25 03:01;401.3;401.3;401.3;401.3;1
2004.06.25 03:02;401.1;401.1;401.1;401.1;1
2004.06.25 03:04;401.1;401.1;401.1;401.1;1
2004.06.25 03:05;401.1;401.1;400.8;400.8;5
2004.06.25 03:06;401.1;401.3;401.1;401.3;5
2004.06.25 03:07;401.1;401.1;401.1;401.1;1
2004.06.25 03:09;401.1;401.1;401.1;401.1;1
2004.06.25 03:11;401.1;401.1;400.8;400.8;2
2004.06.25 03:13;400.8;400.8;400.8;400.8;1
2004.06.25 03:17;401.1;401.1;401;401;2
2004.06.25 03:20;401.1;401.3;401.1;401.3;2
2004.06.25 03:26;401.1;401.1;401.1;401.1;1
2004.06.25 03:28;401.3;401.3;401.3;401.3;1
2004.06.25 03:31;401.1;401.3;401.1;401.3;2
2004.06.25 03:33;401.1;401.1;401.1;401.1;1
2004.06.25 03:35;401.3;401.3;401.3;401.3;1
2004.06.25 03:38;401.3;401.5;401.3;401.3;3
2004.06.25 03:39;401.1;401.6;401.1;401.3;5
2004.06.25 03:41;401.3;401.3;401.3;401.3;1
2004.06.25 03:42;401.3;401.5;401.3;401.3;3
2004.06.25 03:43;401.6;401.6;401.3;401.3;2
2004.06.25 03:44;401.5;401.5;401.3;401.3;2
2004.06.25 03:45;401.5;401.5;401.5;401.5;1
2004.06.25 03:48;401.3;401.3;401.3;401.3;1
2004.06.25 03:52;401.3;401.3;401.3;401.3;1
2004.06.25 03:53;401.6;401.6;401.3;401.5;3
2004.06.25 03:54;401.3;401.5;401.3;401.5;2
2004.06.25 03:56;401.3;401.5;401.3;401.5;2
2004.06.25 03:59;401.3;401.5;401.3;401.5;2
2004.06.25 04:03;401.5;401.5;401.3;401.3;2
2004.06.25 04:06;401.1;401.1;401.1;401.1;1
2004.06.25 04:07;401.1;401.1;401.1;401.1;1
2004.06.25 04:08;401.1;401.1;401.1;401.1;1
2004.06.25 04:09;401.1;401.1;401.1;401.1;1
2004.06.25 04:11;401.1;401.1;401.1;401.1;1
2004.06.25 04:12;401.1;401.1;401.1;401.1;1
2004.06.25 04:15;401.1;401.1;401.1;401.1;1
2004.06.25 04:16;401.3;401.3;401.1;401.1;2
2004.06.25 04:17;401.3;401.3;401.3;401.3;1
2004.06.25 04:21;401.3;401.3;401.3;401.3;1
2004.06.25 04:26;401.1;401.1;401.1;401.1;1
2004.06.25 04:32;401.3;401.3;401.3;401.3;1
2004.06.25 04:34;401.1;401.3;401.1;401.1;3
2004.06.25 04:35;401.1;401.1;401.1;401.1;1
2004.06.25 04:36;401.5;401.5;401.5;401.5;1
2004.06.25 04:37;401.3;401.3;401.3;401.3;1
2004.06.25 04:38;401.3;401.3;401.3;401.3;1
2004.06.25 04:49;401.3;401.3;401.3;401.3;1
2004.06.25 04:50;401.1;401.3;401.1;401.3;2
2004.06.25 04:55;401.1;401.1;401.1;401.1;1
2004.06.25 04:58;401.3;401.3;401.3;401.3;1
2004.06.25 04:59;401.1;401.3;400.8;401.3;4
2004.06.25 05:00;401.1;401.3;401.1;401.3;2
2004.06.25 05:01;401.1;401.1;401.1;401.1;1
2004.06.25 05:03;401.3;401.3;401.3;401.3;1
2004.06.25 05:04;401.1;401.1;401.1;401.1;1
2004.06.25 05:05;401.1;401.1;401.1;401.1;1
2004.06.25 05:08;401.3;401.3;401.1;401.1;2
2004.06.25 05:16;401;401;401;401;1
2004.06.25 05:18;400.8;401;400.8;401;2
2004.06.25 05:19;400.8;400.8;400.8;400.8;1
2004.06.25 05:24;400.8;400.8;400.8;400.8;1
2004.06.25 05:26;401.1;401.1;401;401.1;3
2004.06.25 05:27;400.8;400.8;400.8;400.8;1
2004.06.25 05:28;401;401;400.8;400.8;2
2004.06.25 05:29;401.1;401.1;400.8;400.8;2
2004.06.25 05:30;401.1;401.1;401;401;2
2004.06.25 05:33;400.8;400.8;400.8;400.8;1
2004.06.25 05:38;401.1;401.1;401;401;2
2004.06.25 05:42;400.8;400.8;400.8;400.8;1
2004.06.25 05:44;401;401;401;401;1
2004.06.25 05:45;400.8;400.8;400.8;400.8;1
2004.06.25 05:47;401;401;400.8;400.8;2
2004.06.25 05:52;400.8;400.8;400.8;400.8;1
2004.06.25 05:57;400.8;400.8;400.8;400.8;1
2004.06.25 05:58;401.1;401.1;401.1;401.1;1
2004.06.25 05:59;400.8;401;400.8;400.8;3
2004.06.25 06:00;401.1;401.1;400.8;400.8;3
2004.06.25 06:05;400.8;400.8;400.8;400.8;1
2004.06.25 06:09;400.6;400.8;400.6;400.8;2
2004.06.25 06:10;400.8;400.8;400.6;400.8;3
2004.06.25 06:13;400.8;400.8;400.8;400.8;1
2004.06.25 06:16;400.8;400.8;400.6;400.6;2
2004.06.25 06:17;400.8;400.8;400.8;400.8;1
2004.06.25 06:20;400.8;400.8;400.8;400.8;1
2004.06.25 06:21;400.6;400.8;400.6;400.6;4
2004.06.25 06:24;400.8;400.8;400.8;400.8;1
2004.06.25 06:27;400.8;400.8;400.8;400.8;1
2004.06.25 06:28;401;401;400.8;400.8;4
2004.06.25 06:33;401;401;400.8;400.8;2
2004.06.25 06:34;401.1;401.1;400.8;400.8;4
2004.06.25 06:35;400.8;400.8;400.8;400.8;1
2004.06.25 06:40;400.8;400.8;400.8;400.8;1
2004.06.25 06:45;400.6;400.6;400.6;400.6;1
2004.06.25 06:48;400.8;400.8;400.8;400.8;1
2004.06.25 06:57;401.1;401.1;400.8;400.8;2
2004.06.25 06:58;401;401;400.8;400.8;2
2004.06.25 06:59;401;401;400.8;401;3
2004.06.25 07:00;400.8;400.8;400.8;400.8;1
2004.06.25 07:01;400.8;400.8;400.8;400.8;1
2004.06.25 07:04;401.1;401.1;400.8;400.8;4
2004.06.25 07:07;401;401;400.8;400.8;2
2004.06.25 07:11;401;401;401;401;1
2004.06.25 07:12;400.8;401.1;400.8;401.1;3
2004.06.25 07:13;401;401.1;400.8;401;5
2004.06.25 07:16;401.1;401.1;400.8;401;3
2004.06.25 07:20;401.1;401.1;401;401;4
2004.06.25 07:26;401.1;401.3;401;401.1;4
2004.06.25 07:27;401.3;401.3;401;401;3
2004.06.25 07:28;401.3;401.3;401.1;401.1;2
2004.06.25 07:29;401.6;401.6;401.3;401.3;4
2004.06.25 07:36;401.8;401.8;401.8;401.8;1
2004.06.25 07:38;401.6;401.8;401.6;401.8;2
2004.06.25 07:43;401.3;401.3;401.3;401.3;1
2004.06.25 07:44;401.5;401.5;401.5;401.5;1
2004.06.25 07:47;401.6;401.6;401.6;401.6;1
2004.06.25 07:49;402.1;402.1;402.1;402.1;1
2004.06.25 07:53;401.8;401.8;401.8;401.8;1
2004.06.25 07:54;401.6;401.6;401.6;401.6;1
2004.06.25 07:59;401.6;401.8;401.6;401.6;3
2004.06.25 08:02;401.8;401.8;401.8;401.8;1
2004.06.25 08:04;401.6;401.6;401.5;401.5;2
2004.06.25 08:08;401.3;401.3;401.3;401.3;1
2004.06.25 08:09;401.6;401.6;401.6;401.6;1
2004.06.25 08:10;401.5;402.1;401.5;402.1;3
2004.06.25 08:13;401.8;401.8;401.6;401.6;2
2004.06.25 08:14;401.8;401.8;401.8;401.8;1
2004.06.25 08:16;401.3;401.6;401.3;401.6;4
2004.06.25 08:17;401.5;401.8;401.5;401.8;2
2004.06.25 08:18;401.3;401.6;401.3;401.6;2
2004.06.25 08:19;401.6;401.6;401.6;401.6;1
2004.06.25 08:20;401.1;401.1;401;401;2
2004.06.25 08:22;401.6;401.6;401.6;401.6;1
2004.06.25 08:23;401.1;401.1;401.1;401.1;1
2004.06.25 08:26;401.3;401.3;401.1;401.3;3
2004.06.25 08:27;401.8;401.8;401.6;401.6;2
2004.06.25 08:28;401.8;401.8;401.6;401.6;3
2004.06.25 08:29;401.3;401.3;401.3;401.3;1
2004.06.25 08:30;401.1;401.1;401.1;401.1;1
2004.06.25 08:31;401.1;401.1;401.1;401.1;1
2004.06.25 08:32;401;401.1;401;401.1;2
2004.06.25 08:34;401.1;401.3;401.1;401.3;2
2004.06.25 08:36;401;401;400.8;400.8;3
2004.06.25 08:37;401.3;401.3;401.3;401.3;1
2004.06.25 08:39;401.6;401.6;401.6;401.6;1
2004.06.25 08:43;400.8;400.8;400.8;400.8;1
2004.06.25 08:44;400.8;400.8;400.8;400.8;1
2004.06.25 08:45;401.3;401.3;401.3;401.3;1
2004.06.25 08:46;401.1;401.1;400.8;400.8;2
2004.06.25 08:48;400.8;401;400.8;400.8;3
2004.06.25 08:49;400.6;400.6;400.6;400.6;1
2004.06.25 08:52;401.1;401.3;401.1;401.3;3
2004.06.25 08:56;401.3;401.3;401.3;401.3;1
2004.06.25 08:57;401.1;401.1;401.1;401.1;1
2004.06.25 09:01;401.6;401.6;401.1;401.1;3
2004.06.25 09:02;401.1;401.1;401;401.1;3
2004.06.25 09:03;401;401.3;401;401.3;2
2004.06.25 09:04;400.5;401.1;400.5;401.1;6
2004.06.25 09:05;400.8;400.8;400.8;400.8;1
2004.06.25 09:07;401;401.1;400.8;401.1;5
2004.06.25 09:09;400.8;401.1;400.8;401.1;2
2004.06.25 09:10;400.6;400.6;400.5;400.5;3
2004.06.25 09:15;400.8;400.8;400.8;400.8;1
2004.06.25 09:16;401.1;401.1;401.1;401.1;1
2004.06.25 09:19;400.8;400.8;400.8;400.8;1
2004.06.25 09:24;400.8;400.8;400.8;400.8;1
2004.06.25 09:25;400.6;400.6;400.6;400.6;1
2004.06.25 09:31;400.8;400.8;400.8;400.8;1
2004.06.25 09:39;400.8;400.8;400.8;400.8;1
2004.06.25 09:46;400.8;400.8;400.8;400.8;1
2004.06.25 09:48;400.6;400.6;400.6;400.6;1
2004.06.25 09:59;401.1;401.1;401.1;401.1;1
2004.06.25 10:06;401.1;401.1;401.1;401.1;1
2004.06.25 10:08;400.8;401.1;400.8;401.1;2
2004.06.25 10:15;401.3;401.3;401.1;401.1;2
2004.06.25 10:22;401.1;401.1;401.1;401.1;1
2004.06.25 10:24;401.3;401.3;401.3;401.3;1
2004.06.25 10:31;401.3;401.3;401.3;401.3;1
2004.06.25 10:33;401.3;401.3;401.3;401.3;1
2004.06.25 10:36;401.3;401.3;401.3;401.3;1
2004.06.25 10:37;401.6;401.6;401.6;401.6;1
2004.06.25 10:38;401.6;401.6;401.6;401.6;1
2004.06.25 10:41;401.8;401.8;401.8;401.8;1
2004.06.25 10:44;401.8;401.8;401.8;401.8;1
2004.06.25 10:48;401.8;401.8;401.8;401.8;1
2004.06.25 10:52;401.8;401.8;401.8;401.8;1
2004.06.25 10:58;401.3;401.3;401.3;401.3;1
2004.06.25 11:01;401.3;401.3;401.3;401.3;1
2004.06.25 11:02;401.5;401.5;401.5;401.5;1
2004.06.25 11:07;401.3;401.3;401.3;401.3;1
2004.06.25 11:25;401.1;401.1;401.1;401.1;1
2004.06.25 11:37;401.3;401.3;401.1;401.1;2
2004.06.25 11:47;401.1;401.1;401.1;401.1;1
2004.06.25 11:58;400.6;400.6;400.6;400.6;1
2004.06.25 12:01;400.6;400.6;400.6;400.6;1
2004.06.25 12:06;400.8;400.8;400.6;400.6;2
2004.06.25 12:07;400.8;400.8;400.6;400.6;2
2004.06.25 12:08;400.1;400.1;400.1;400.1;1
2004.06.25 12:12;400.6;400.6;400.6;400.6;1
2004.06.25 12:14;400.6;400.6;400.6;400.6;1
2004.06.25 12:17;400.6;400.8;400.6;400.8;2
2004.06.25 12:19;400.8;400.8;400.6;400.6;4
2004.06.25 12:20;400.6;400.6;400.6;400.6;1
2004.06.25 12:21;400.8;400.8;400.8;400.8;1
2004.06.25 12:26;400.5;400.5;400.5;400.5;1
2004.06.25 12:28;400.6;400.6;400.6;400.6;1
2004.06.25 12:31;400.6;400.6;400.6;400.6;1
2004.06.25 12:33;400.8;400.8;400.8;400.8;1
2004.06.25 12:34;401.3;401.3;401.3;401.3;1
2004.06.25 12:36;400.8;400.8;400.8;400.8;1
2004.06.25 12:37;400.8;400.8;400.6;400.8;3
2004.06.25 12:45;400.8;401.3;400.8;401.1;4
2004.06.25 12:46;401.3;401.3;401.3;401.3;1
2004.06.25 12:52;401.1;401.1;401;401.1;3
2004.06.25 12:55;400.8;401;400.8;401;2
2004.06.25 12:59;401.1;401.1;400.8;400.8;2
2004.06.25 13:02;401.8;402.3;401.6;401.6;5
2004.06.25 13:03;401.8;401.8;401.8;401.8;1
2004.06.25 13:05;402.1;402.3;402.1;402.3;2
2004.06.25 13:06;401.6;401.8;401.6;401.8;2
2004.06.25 13:07;402.1;402.1;402.1;402.1;1
2004.06.25 13:09;402.3;402.3;401.8;401.8;2
2004.06.25 13:10;402;402;402;402;1
2004.06.25 13:11;402.5;402.6;402.5;402.6;2
2004.06.25 13:16;402;402.1;402;402.1;2
2004.06.25 13:17;402;402;402;402;1
2004.06.25 13:18;402.1;402.1;401.8;401.8;2
2004.06.25 13:21;401.8;401.8;401.8;401.8;1
2004.06.25 13:25;402.1;402.1;402;402;4
2004.06.25 13:27;402.5;402.5;402.1;402.1;3
2004.06.25 13:29;402.8;402.8;402.8;402.8;1
2004.06.25 13:33;402.6;402.6;402.6;402.6;1
2004.06.25 13:35;402.3;402.3;402.1;402.1;2
2004.06.25 13:36;402.3;402.3;402.1;402.3;3
2004.06.25 13:37;402.3;402.3;402.3;402.3;1
2004.06.25 13:40;402.3;402.3;402.3;402.3;1
2004.06.25 13:42;402.1;402.1;401.8;402;4
2004.06.25 13:44;401.8;402.1;401.6;402.1;3
2004.06.25 13:49;401.6;401.6;401.6;401.6;1
2004.06.25 13:50;402;402;402;402;1
2004.06.25 13:51;401.8;401.8;401.6;401.6;2
2004.06.25 13:52;402.1;402.1;402;402;2
2004.06.25 13:54;401.8;401.8;401.8;401.8;1
2004.06.25 13:55;401.3;401.3;401.3;401.3;1
2004.06.25 13:56;401.8;401.8;401.8;401.8;1
2004.06.25 13:57;401.8;401.8;401.6;401.6;2
2004.06.25 14:00;401.5;401.5;401.5;401.5;1
2004.06.25 14:01;401.3;401.6;401.3;401.6;2
2004.06.25 14:04;401.5;401.8;401.5;401.6;3
2004.06.25 14:05;401.3;401.3;401.3;401.3;1
2004.06.25 14:11;401.8;401.8;401.8;401.8;1
2004.06.25 14:12;401.5;401.5;401.1;401.5;3
2004.06.25 14:13;401.3;401.3;401.3;401.3;1
2004.06.25 14:15;401.6;401.6;401.6;401.6;1
2004.06.25 14:16;401.3;401.3;401.3;401.3;1
2004.06.25 14:18;401.3;401.3;401.3;401.3;1
2004.06.25 14:19;401.6;401.6;401.5;401.5;2
2004.06.25 14:20;402.1;402.1;401.6;401.8;7
2004.06.25 14:21;401.6;401.6;401.6;401.6;1
2004.06.25 14:22;401.1;401.6;401.1;401.5;6
2004.06.25 14:23;401.3;401.6;401.3;401.6;9
2004.06.25 14:24;401.5;401.5;401.3;401.3;7
2004.06.25 14:25;401.3;401.3;401.1;401.3;7
2004.06.25 14:26;401.3;401.6;401.3;401.5;7
2004.06.25 14:27;401.6;401.8;401.6;401.8;3
2004.06.25 14:28;401.8;401.8;401.3;401.8;7
2004.06.25 14:29;401.8;401.8;401.6;401.6;3
2004.06.25 14:30;401.8;402.1;401.8;402.1;10
2004.06.25 14:31;402;402.1;401.5;401.8;13
2004.06.25 14:32;402;402.1;401.8;401.8;6
2004.06.25 14:33;401.6;401.6;401.3;401.3;4
2004.06.25 14:34;401.3;401.3;401.3;401.3;1
2004.06.25 14:35;401.8;402.3;401.8;402.3;8
2004.06.25 14:36;402.3;402.6;402.3;402.6;4
2004.06.25 14:37;402.1;402.6;402.1;402.6;9
2004.06.25 14:38;402.8;402.8;402.3;402.3;5
2004.06.25 14:39;402.6;402.6;402.3;402.3;6
2004.06.25 14:40;402.5;402.5;402.3;402.3;2
2004.06.25 14:41;402.1;402.3;401.8;402.1;6
2004.06.25 14:42;402.1;402.3;401.8;402.3;9
2004.06.25 14:43;401.8;402.3;401.8;402.3;7
2004.06.25 14:44;402.1;402.3;402.1;402.1;5
2004.06.25 14:45;402.1;402.1;401.8;401.8;2
2004.06.25 14:46;402.1;402.1;401.6;401.8;4
2004.06.25 14:47;401.8;401.8;401.8;401.8;1
2004.06.25 14:48;401.3;401.8;401.3;401.8;3
2004.06.25 14:49;401.6;401.8;401.3;401.8;10
2004.06.25 14:50;401.8;401.8;401.8;401.8;1
2004.06.25 14:51;401.3;401.6;401.3;401.3;3
2004.06.25 14:52;401.3;401.6;401.1;401.6;6
2004.06.25 14:53;401.3;401.8;401.3;401.8;3
2004.06.25 14:54;401.3;401.8;401.3;401.6;7
2004.06.25 14:55;401.1;401.5;401.1;401.3;9
2004.06.25 14:56;401.5;401.6;401.3;401.6;3
2004.06.25 14:57;401.3;401.3;401.1;401.3;5
2004.06.25 14:58;401;401.6;401;401.3;5
2004.06.25 14:59;401.1;401.5;401.1;401.5;2
2004.06.25 15:01;401.3;401.3;401;401.3;17
2004.06.25 15:02;401.1;401.5;401.1;401.3;7
2004.06.25 15:03;401.1;401.1;400.8;401.1;8
2004.06.25 15:04;401;401.3;401;401.3;7
2004.06.25 15:05;401.1;401.3;400.8;401.3;10
2004.06.25 15:06;401.1;401.1;400.8;400.8;6
2004.06.25 15:07;400.8;401.1;400.8;401;9
2004.06.25 15:08;400.8;400.8;400.8;400.8;1
2004.06.25 15:09;400.8;401;400.8;400.8;3
2004.06.25 15:10;400.6;401.1;400.6;401;5
2004.06.25 15:11;401.1;401.1;400.6;400.6;2
2004.06.25 15:12;400.6;401.1;400.6;401.1;5
2004.06.25 15:13;401;401;400.5;400.5;3
2004.06.25 15:14;400.1;400.6;400.1;400.6;11
2004.06.25 15:15;400.5;400.8;400.5;400.8;7
2004.06.25 15:16;400.6;401.1;400.6;400.6;7
2004.06.25 15:17;400.8;401;400.6;400.8;9
2004.06.25 15:18;400.6;400.6;400.6;400.6;1
2004.06.25 15:19;400.5;400.6;400.5;400.5;9
2004.06.25 15:20;400.6;400.8;400.5;400.8;7
2004.06.25 15:21;400.8;400.8;400.8;400.8;1
2004.06.25 15:22;400.6;400.6;400.5;400.5;6
2004.06.25 15:23;400.8;401.1;400.8;401.1;8
2004.06.25 15:24;400.8;400.8;400.6;400.6;6
2004.06.25 15:25;400.8;400.8;400.6;400.6;4
2004.06.25 15:26;400.6;400.6;400.5;400.5;6
2004.06.25 15:27;400.6;401.1;400.6;400.8;5
2004.06.25 15:28;400.5;400.6;400.5;400.5;3
2004.06.25 15:29;400.6;400.6;400.6;400.6;1
2004.06.25 15:30;400.6;401.1;400.6;401.1;2
2004.06.25 15:31;401;401.1;400.8;401.1;5
2004.06.25 15:32;401;401;400.6;400.6;4
2004.06.25 15:33;400.5;401.1;400.5;401.1;3
2004.06.25 15:34;400.6;401;400.6;400.6;9
2004.06.25 15:36;401.1;401.1;400.6;400.8;4
2004.06.25 15:37;400.8;401.1;400.8;401.1;4
2004.06.25 15:38;400.8;401.1;400.8;401.1;5
2004.06.25 15:39;400.6;400.8;400.6;400.8;6
2004.06.25 15:40;400.6;400.8;400.6;400.6;3
2004.06.25 15:41;400.8;401.3;400.8;401.1;7
2004.06.25 15:42;401.1;401.3;401.1;401.1;4
2004.06.25 15:43;401.3;401.3;400.6;400.6;11
2004.06.25 15:44;400.6;400.8;400.5;400.8;5
2004.06.25 15:45;400.5;400.6;400.5;400.6;3
2004.06.25 15:46;400.8;401.1;400.6;401.1;10
2004.06.25 15:47;400.5;400.8;400.3;400.5;7
2004.06.25 15:48;400.1;400.6;400.1;400.5;11
2004.06.25 15:49;400.3;400.8;400.3;400.8;13
2004.06.25 15:50;400.8;400.8;400.8;400.8;1
2004.06.25 15:51;400.8;400.8;400.3;400.3;2
2004.06.25 15:52;400.3;400.6;400.1;400.3;7
2004.06.25 15:53;400.1;400.6;400.1;400.6;5
2004.06.25 15:54;400.3;400.8;400.1;400.8;3
2004.06.25 15:55;400.6;400.6;400.5;400.6;3
2004.06.25 15:56;400.3;401;400.3;400.8;5
2004.06.25 15:57;400.8;400.8;400.6;400.8;5
2004.06.25 15:58;400.5;401.1;400.5;401.1;5
2004.06.25 15:59;401;401;400.6;400.6;2
2004.06.25 16:01;400.6;400.8;400.6;400.8;5
2004.06.25 16:02;400.8;401.3;400.8;401.1;4
2004.06.25 16:03;401.1;401.1;401.1;401.1;1
2004.06.25 16:04;401.1;401.3;401;401.1;4
2004.06.25 16:05;401.1;401.3;401.1;401.3;4
2004.06.25 16:06;401.3;401.3;401.3;401.3;1
2004.06.25 16:07;401.3;401.5;401.3;401.3;3
2004.06.25 16:08;401.3;401.3;401.1;401.3;7
2004.06.25 16:09;401.1;401.1;401.1;401.1;1
2004.06.25 16:10;401.1;401.1;401.1;401.1;1
2004.06.25 16:11;401.3;401.5;401.3;401.3;3
2004.06.25 16:12;401.3;401.3;401.1;401.1;2
2004.06.25 16:13;401.1;401.1;401.1;401.1;1
2004.06.25 16:14;400.8;401;400.8;401;2
2004.06.25 16:15;400.8;401;400.6;400.6;5
2004.06.25 16:16;400.6;400.6;400.6;400.6;1
2004.06.25 16:17;400.8;400.8;400.8;400.8;1
2004.06.25 16:18;400.8;401;400.8;401;2
2004.06.25 16:19;400.8;401;400.8;400.8;5
2004.06.25 16:20;400.8;400.8;400.8;400.8;1
2004.06.25 16:21;400.8;400.8;400.8;400.8;1
2004.06.25 16:25;400.8;400.8;400.8;400.8;1
2004.06.25 16:27;401.1;401.1;401.1;401.1;1
2004.06.25 16:28;401.1;401.6;401.1;401.6;2
2004.06.25 16:29;401.6;401.6;401.6;401.6;1
2004.06.25 16:32;401.5;401.5;401.3;401.3;3
2004.06.25 16:33;401.1;401.1;401.1;401.1;1
2004.06.25 16:35;401;401;401;401;1
2004.06.25 16:36;401.1;401.1;401.1;401.1;1
2004.06.25 16:37;401.1;401.1;401.1;401.1;1
2004.06.25 16:38;401.1;401.1;401.1;401.1;1
2004.06.25 16:39;401.1;401.3;401.1;401.3;2
2004.06.25 16:40;401.1;401.1;401.1;401.1;1
2004.06.25 16:41;401.1;401.1;401;401;2
2004.06.25 16:42;401.1;401.1;401;401;2
2004.06.25 16:44;401.1;401.1;401.1;401.1;1
2004.06.25 16:45;401;401;400.8;401;3
2004.06.25 16:46;400.8;401;400.8;400.8;3
2004.06.25 16:47;401.1;401.1;401.1;401.1;1
2004.06.25 16:48;401;401.1;400.8;401.1;4
2004.06.25 16:49;401.3;401.3;401.3;401.3;1
2004.06.25 16:50;401.5;401.5;401.5;401.5;1
2004.06.25 16:52;401.6;401.6;401.5;401.6;6
2004.06.25 16:53;401.5;401.5;401.3;401.3;2
2004.06.25 16:54;401.5;401.6;401.3;401.3;3
2004.06.25 16:55;401.5;401.5;401.3;401.3;3
2004.06.25 16:56;401.3;401.3;401.3;401.3;1
2004.06.25 16:57;401.3;401.3;401.3;401.3;1
2004.06.25 16:58;401.3;401.3;401.3;401.3;1
2004.06.25 17:01;401.3;401.3;401.1;401.3;4
2004.06.25 17:02;401.3;401.3;401.1;401.1;2
2004.06.25 17:03;401.1;401.3;401.1;401.3;2
2004.06.25 17:04;401.1;401.3;401.1;401.3;2
2004.06.25 17:05;401.1;401.1;401.1;401.1;1
2004.06.25 17:06;401.3;401.3;401.3;401.3;1
2004.06.25 17:07;401.1;401.1;401.1;401.1;1
2004.06.25 17:08;401.1;401.3;401.1;401.3;3
2004.06.25 17:11;401.6;401.6;401.6;401.6;1
2004.06.25 17:12;401.5;401.5;401.3;401.3;2
2004.06.25 17:13;401.6;401.6;401.3;401.3;3
2004.06.25 17:15;401.3;401.3;401.3;401.3;1
2004.06.25 17:17;401.3;401.3;401.3;401.3;1
2004.06.25 17:19;401.6;401.6;401.6;401.6;1
2004.06.25 17:22;401.3;401.3;401.3;401.3;1
2004.06.25 17:23;401.6;401.6;401.6;401.6;1
2004.06.25 17:24;401.3;401.3;401.3;401.3;1
2004.06.25 17:25;401.6;401.6;401.6;401.6;1
2004.06.25 17:26;401.3;401.3;401.3;401.3;1
2004.06.25 17:27;401.6;401.6;401.6;401.6;1
2004.06.25 17:28;401.6;401.6;401.6;401.6;1
2004.06.25 17:30;401.3;401.3;401.3;401.3;1
2004.06.25 17:31;401.5;401.6;401.5;401.6;2
2004.06.25 17:32;401.5;401.5;401.3;401.3;2
2004.06.25 17:34;401.6;401.6;401.6;401.6;1
2004.06.25 17:36;401.8;401.8;401.6;401.8;4
2004.06.25 17:37;401.8;401.8;401.8;401.8;1
2004.06.25 17:38;401.6;401.8;401.6;401.8;4
2004.06.25 17:39;401.6;401.6;401.6;401.6;1
2004.06.25 17:42;401.3;401.3;401.3;401.3;1
2004.06.25 17:43;401.6;401.6;401.3;401.6;3
2004.06.25 17:45;401.5;401.6;401.5;401.6;3
2004.06.25 17:49;401.5;401.6;401.5;401.6;2
2004.06.25 17:51;401.3;401.3;401.3;401.3;1
2004.06.25 17:52;401.1;401.3;401.1;401.3;2
2004.06.25 17:54;401.5;401.5;401;401;2
2004.06.25 17:55;401.3;401.6;401.3;401.6;3
2004.06.25 17:56;401.5;401.5;401.3;401.3;2
2004.06.25 17:57;401.1;401.1;401.1;401.1;1
2004.06.25 17:58;401.3;401.6;401.3;401.6;2
2004.06.25 17:59;401.3;401.5;401;401.5;4
2004.06.25 18:01;401.3;401.3;401;401.3;6
2004.06.25 18:02;400.8;401.1;400.8;401.1;2
2004.06.25 18:03;400.8;400.8;400.8;400.8;1
2004.06.25 18:04;401;401.3;401;401.3;4
2004.06.25 18:05;400.8;401;400.8;401;2
2004.06.25 18:06;401.3;401.3;401.3;401.3;1
2004.06.25 18:08;400.8;401.3;400.8;401.3;4
2004.06.25 18:09;401.3;401.3;401.3;401.3;1
2004.06.25 18:10;401.3;401.3;401.3;401.3;1
2004.06.25 18:11;401;401;401;401;1
2004.06.25 18:12;401.3;401.3;401;401.3;7
2004.06.25 18:13;401;401.1;401;401.1;2
2004.06.25 18:14;401;402.1;400.8;401.8;6
2004.06.25 18:15;401.1;401.6;401.1;401.6;3
2004.06.25 18:18;401.3;401.3;401.3;401.3;1
2004.06.25 18:19;401.1;401.8;401.1;401.6;6
2004.06.25 18:20;401.5;401.5;401.5;401.5;1
2004.06.25 18:21;401.3;401.3;401.3;401.3;1
2004.06.25 18:23;400.8;401.3;400.8;401.3;3
2004.06.25 18:24;401.1;401.3;401;401.3;6
2004.06.25 18:25;401.1;401.1;401;401;4
2004.06.25 18:26;401.3;401.3;401.1;401.3;3
2004.06.25 18:27;400.8;401.1;400.8;401;6
2004.06.25 18:28;401.1;401.3;400.8;401.3;4
2004.06.25 18:29;401.1;401.3;401.1;401.3;2
2004.06.25 18:30;401.1;401.1;401.1;401.1;1
2004.06.25 18:31;400.8;401.1;400.8;401;4
2004.06.25 18:32;401.1;401.1;401;401;2
2004.06.25 18:34;401.1;401.1;400.8;401;7
2004.06.25 18:35;401.1;401.6;401.1;401.3;5
2004.06.25 18:36;401.6;401.8;401.6;401.8;4
2004.06.25 18:37;401.6;401.6;401.3;401.6;9
2004.06.25 18:38;401.6;401.8;401.5;401.8;8
2004.06.25 18:39;401.8;401.8;401.5;401.6;4
2004.06.25 18:40;401.5;401.5;401.5;401.5;1
2004.06.25 18:41;401.6;401.6;401.3;401.3;2
2004.06.25 18:42;401.6;401.6;401.6;401.6;1
2004.06.25 18:43;401.3;401.6;401.3;401.6;3
2004.06.25 18:44;401.1;401.1;401.1;401.1;1
2004.06.25 18:45;401.5;401.5;401.1;401.1;4
2004.06.25 18:46;401;401.6;401;401.3;4
2004.06.25 18:47;401.3;401.6;401.3;401.6;2
2004.06.25 18:51;401.3;401.3;401.1;401.1;2
2004.06.25 18:52;401.5;401.8;401.5;401.6;8
2004.06.25 18:53;401.8;402.1;401.6;402.1;9
2004.06.25 18:54;401.8;401.8;401.6;401.6;4
2004.06.25 18:55;401.8;402;401.6;401.8;6
2004.06.25 18:56;401.8;401.8;401.8;401.8;1
2004.06.25 18:57;401.5;401.8;401.5;401.8;6
2004.06.25 18:58;401.6;401.8;401.3;401.8;3
2004.06.25 18:59;401.6;401.6;401.3;401.6;4
2004.06.25 19:01;401.5;401.6;401.3;401.3;5
2004.06.25 19:02;401.5;401.8;401.5;401.6;3
2004.06.25 19:03;401.6;401.6;401.6;401.6;1
2004.06.25 19:04;401.6;401.6;401.3;401.6;4
2004.06.25 19:05;401.6;401.8;401.6;401.8;3
2004.06.25 19:06;401.6;401.8;401.5;401.8;6
2004.06.25 19:07;401.6;401.6;401.5;401.5;5
2004.06.25 19:08;401.3;401.3;401.3;401.3;1
2004.06.25 19:09;401.3;401.3;401.3;401.3;1
2004.06.25 19:10;400.8;401.1;400.8;401.1;2
2004.06.25 19:11;400.8;401.6;400.8;401.6;8
2004.06.25 19:12;401.3;401.3;401.3;401.3;1
2004.06.25 19:13;401.3;401.6;401.3;401.3;3
2004.06.25 19:14;401.1;401.3;401.1;401.1;4
2004.06.25 19:15;401.3;401.5;401.3;401.3;3
2004.06.25 19:16;401.5;401.8;401.3;401.8;7
2004.06.25 19:17;401.5;401.8;401.3;401.6;6
2004.06.25 19:18;401.8;401.8;401.6;401.8;4
2004.06.25 19:19;401.8;401.8;401.8;401.8;1
2004.06.25 19:20;401.8;402.3;401.8;402.3;6
2004.06.25 19:21;402.3;402.3;402.1;402.1;5
2004.06.25 19:22;401.8;402.3;401.8;402.3;6
2004.06.25 19:23;402.1;402.1;402.1;402.1;1
2004.06.25 19:24;402;402.3;401.8;402.3;3
2004.06.25 19:25;401.8;402.3;401.8;402.3;7
2004.06.25 19:26;402;402.3;402;402.3;6
2004.06.25 19:27;402.1;402.1;402.1;402.1;1
2004.06.25 19:28;402;402.3;402;402.3;8
2004.06.25 19:29;402.3;402.3;402.1;402.1;6
2004.06.25 19:30;401.8;401.8;401.8;401.8;1
2004.06.25 19:31;401.5;401.6;401.3;401.6;3
2004.06.25 19:32;401.3;401.3;401.3;401.3;1
2004.06.25 19:35;401.5;402.1;401.5;402.1;2
2004.06.25 19:36;401.6;401.8;401.6;401.8;2
2004.06.25 19:37;401.6;401.6;401.3;401.3;2
2004.06.25 19:39;401.8;402.1;401.8;402.1;3
2004.06.25 19:42;401.8;401.8;401.8;401.8;1
2004.06.25 19:47;402;402;401.8;401.8;2
2004.06.25 19:57;402.1;402.1;402.1;402.1;1
2004.06.25 19:59;401.8;401.8;401.8;401.8;1
2004.06.25 20:14;401.8;401.8;401.8;401.8;1
2004.06.25 20:15;401.6;401.6;401.6;401.6;1
2004.06.25 20:23;402.3;402.6;402.3;402.3;3
2004.06.25 20:32;402.1;402.1;402.1;402.1;1
2004.06.25 20:38;401.8;401.8;401.8;401.8;1
2004.06.25 20:39;401.6;401.6;401.6;401.6;1
2004.06.25 20:40;401.8;401.8;401.8;401.8;1
2004.06.25 20:41;402.1;402.1;402.1;402.1;1
2004.06.25 20:42;401.6;401.8;401.6;401.8;4
2004.06.25 20:44;401.8;401.8;401.8;401.8;1
2004.06.25 20:49;401.8;401.8;401.8;401.8;1
2004.06.25 20:50;402.1;402.1;402.1;402.1;1
2004.06.25 20:53;401.8;402.1;401.8;402.1;2
2004.06.25 20:58;401.8;402.1;401.8;402.1;2
2004.06.25 20:59;401.6;401.8;401.6;401.8;2
2004.06.25 21:00;401.6;401.6;401.6;401.6;1
2004.06.25 21:10;401.8;401.8;401.8;401.8;1
2004.06.25 21:11;401.6;401.6;401.6;401.6;1
2004.06.25 21:13;401.6;401.6;401.6;401.6;1
2004.06.25 21:15;401.3;401.3;401.3;401.3;1
2004.06.25 21:17;401.6;401.6;401.6;401.6;1
2004.06.25 21:21;401.8;401.8;401.8;401.8;1
2004.06.25 21:24;401.6;401.6;401.3;401.3;2
2004.06.25 21:32;401.6;401.6;401.6;401.6;1
2004.06.25 21:35;401.6;401.6;401.6;401.6;1
2004.06.25 21:46;401.8;401.8;401.8;401.8;1
2004.06.25 21:47;401.6;401.6;401.6;401.6;1
2004.06.25 21:55;401.3;401.8;401.3;401.8;2
2004.06.25 21:56;401.6;401.6;401.6;401.6;1
2004.06.25 21:58;401.3;401.3;401.3;401.3;1
2004.06.25 21:59;401.6;401.8;401.6;401.8;2
2004.06.25 22:01;401.6;401.6;401.6;401.6;1
2004.06.25 22:03;401.1;401.1;401.1;401.1;1
2004.06.25 22:05;400.8;400.8;400.8;400.8;1
2004.06.25 22:06;401.1;401.1;401.1;401.1;1
2004.06.25 22:08;401.3;401.3;401.1;401.1;2
2004.06.25 22:13;401.8;401.8;401.8;401.8;1
2004.06.25 22:14;401.6;401.6;401.6;401.6;1
2004.06.25 22:22;400.8;400.8;400.8;400.8;1
2004.06.25 22:23;400.8;400.8;400.8;400.8;1
2004.06.25 22:28;400.6;400.6;400.6;400.6;1
2004.06.25 22:29;400.8;401.6;400.8;401.6;3
2004.06.25 22:31;401.8;401.8;400.6;400.6;2
2004.06.25 22:33;400.8;400.8;400.8;400.8;1
2004.06.25 22:36;400.8;400.8;400.8;400.8;1
2004.06.25 22:40;400.8;400.8;400.8;400.8;1
2004.06.25 22:41;401.8;401.8;401.8;401.8;1
2004.06.25 22:42;401.6;401.6;401.6;401.6;1
2004.06.25 22:47;401.8;401.8;401.6;401.6;2
2004.06.25 22:58;401.1;401.1;401.1;401.1;1
2004.06.28 01:08;401.8;401.8;401.8;401.8;1
2004.06.28 01:10;401.6;401.6;401.6;401.6;1
2004.06.28 01:44;401.6;401.6;401.6;401.6;1
2004.06.28 01:47;401.6;401.6;401.6;401.6;1
2004.06.28 01:58;401.6;402.3;401.6;402.3;2
2004.06.28 02:03;402.3;402.3;402.3;402.3;1
2004.06.28 02:07;402;402.3;402;402;4
2004.06.28 02:08;401.8;402;401.8;402;2
2004.06.28 02:09;401.8;402;401.8;402;2
2004.06.28 02:12;402.1;402.1;402.1;402.1;1
2004.06.28 02:14;401.6;401.6;401.6;401.6;1
2004.06.28 02:15;402.1;402.1;402.1;402.1;1
2004.06.28 02:16;401.5;401.6;401.5;401.6;3
2004.06.28 02:17;401.5;401.5;401.5;401.5;1
2004.06.28 02:28;402.1;402.1;401.8;401.8;2
2004.06.28 02:40;401.8;401.8;401.8;401.8;1
2004.06.28 02:42;402.1;402.1;402.1;402.1;1
2004.06.28 02:57;401.6;401.6;401.6;401.6;1
2004.06.28 02:58;401.6;401.6;401.6;401.6;1
2004.06.28 03:03;401.6;401.6;401.6;401.6;1
2004.06.28 03:04;401.6;401.6;401.6;401.6;1
2004.06.28 03:09;401.8;401.8;401.8;401.8;1
2004.06.28 03:14;401.5;401.6;401.5;401.6;2
2004.06.28 03:17;401.5;401.5;401.5;401.5;1
2004.06.28 03:18;401.6;401.6;401.6;401.6;1
2004.06.28 03:19;401.8;401.8;401.8;401.8;1
2004.06.28 03:35;401.5;401.6;401.5;401.6;2
2004.06.28 03:36;401.5;401.5;401.5;401.5;1
2004.06.28 03:39;401.8;401.8;401.8;401.8;1
2004.06.28 03:40;401.8;401.8;401.8;401.8;1
2004.06.28 03:43;401.8;401.8;401.8;401.8;1
2004.06.28 03:44;401.6;401.6;401.6;401.6;1
2004.06.28 03:48;401.6;401.6;401.6;401.6;1
2004.06.28 03:52;401.8;401.8;401.6;401.6;2
2004.06.28 03:53;402.3;402.3;402.3;402.3;1
2004.06.28 03:55;401.6;401.8;401.5;401.8;5
2004.06.28 03:58;401.8;401.8;401.8;401.8;1
2004.06.28 04:02;401.5;401.5;401.5;401.5;1
2004.06.28 04:04;402.1;402.1;401.6;401.6;2
2004.06.28 04:05;401.6;401.6;401.6;401.6;1
2004.06.28 04:06;401.8;401.8;401.8;401.8;1
2004.06.28 04:08;401.6;401.6;401.6;401.6;1
2004.06.28 04:09;402.1;402.1;401.8;401.8;2
2004.06.28 04:11;401.6;401.8;401.6;401.6;4
2004.06.28 04:15;401.6;401.8;401.6;401.8;2
2004.06.28 04:16;402.1;402.3;402.1;402.1;4
2004.06.28 04:17;401.8;401.8;401.8;401.8;1
2004.06.28 04:19;401.8;401.8;401.8;401.8;1
2004.06.28 04:22;401.8;402.3;401.8;402.3;3
2004.06.28 04:25;402.1;402.1;402.1;402.1;1
2004.06.28 04:32;401.8;402.1;401.8;402.1;2
2004.06.28 04:37;401.6;401.6;401.6;401.6;1
2004.06.28 04:39;401.8;402.1;401.8;402;6
2004.06.28 04:40;402.1;402.1;402.1;402.1;1
2004.06.28 04:43;401.6;401.6;401.6;401.6;1
2004.06.28 04:45;402;402;402;402;1
2004.06.28 04:46;401.8;401.8;401.8;401.8;1
2004.06.28 04:48;402.1;402.1;402;402;2
2004.06.28 04:49;402.1;402.1;401.8;401.8;2
2004.06.28 04:52;401.6;401.8;401.6;401.8;2
2004.06.28 04:54;401.8;402.1;401.8;402.1;2
2004.06.28 04:59;401.6;401.8;401.6;401.8;2
2004.06.28 05:02;401.6;401.6;401.6;401.6;1
2004.06.28 05:03;401.8;401.8;401.8;401.8;1
2004.06.28 05:06;401.8;401.8;401.8;401.8;1
2004.06.28 05:07;402.1;402.1;402;402;2
2004.06.28 05:08;402.1;402.1;402.1;402.1;1
2004.06.28 05:11;401.6;401.6;401.6;401.6;1
2004.06.28 05:13;401.6;401.6;401.6;401.6;1
2004.06.28 05:14;401.6;402.1;401.6;402.1;2
2004.06.28 05:15;401.8;401.8;401.8;401.8;1
2004.06.28 05:16;401.8;401.8;401.6;401.6;2
2004.06.28 05:17;401.8;401.8;401.8;401.8;1
2004.06.28 05:20;401.6;401.6;401.6;401.6;1
2004.06.28 05:22;401.6;401.6;401.6;401.6;1
2004.06.28 05:26;401.6;401.6;401.6;401.6;1
2004.06.28 05:27;402.1;402.1;402.1;402.1;1
2004.06.28 05:31;401.6;401.6;401.6;401.6;1
2004.06.28 05:33;401.6;401.6;401.6;401.6;1
2004.06.28 05:36;401.8;401.8;401.8;401.8;1
2004.06.28 05:40;401.8;401.8;401.8;401.8;1
2004.06.28 05:49;402;402;401.8;401.8;3
2004.06.28 05:53;402.1;402.1;402.1;402.1;1
2004.06.28 05:55;402.3;402.3;402.3;402.3;1
2004.06.28 05:56;402.3;402.3;402.1;402.1;3
2004.06.28 05:57;402.1;402.1;402.1;402.1;1
2004.06.28 05:58;402.1;402.1;402;402;2
2004.06.28 06:00;402;402;402;402;1
2004.06.28 06:02;401.8;401.8;401.8;401.8;1
2004.06.28 06:04;401.8;401.8;401.8;401.8;1
2004.06.28 06:06;402;402;402;402;1
2004.06.28 06:07;401.8;401.8;401.8;401.8;1
2004.06.28 06:11;402;402.3;401.8;402.3;3
2004.06.28 06:14;401.8;402.3;401.8;402.3;2
2004.06.28 06:16;402.3;402.3;401.8;401.8;3
2004.06.28 06:22;401.8;401.8;401.8;401.8;1
2004.06.28 06:24;401.8;401.8;401.8;401.8;1
2004.06.28 06:25;401.6;401.6;401.6;401.6;1
2004.06.28 06:27;401.8;401.8;401.8;401.8;1
2004.06.28 06:29;402.3;402.3;402.3;402.3;1
2004.06.28 06:37;402.1;402.1;402.1;402.1;1
2004.06.28 06:44;401.8;401.8;401.8;401.8;1
2004.06.28 06:46;401.8;401.8;401.8;401.8;1
2004.06.28 06:48;401.8;401.8;401.8;401.8;1
2004.06.28 06:49;402.3;402.3;402.3;402.3;1
2004.06.28 06:52;401.6;401.8;401.6;401.8;2
2004.06.28 06:53;401.8;402;401.6;401.8;6
2004.06.28 06:56;402;402;402;402;1
2004.06.28 06:57;402.1;402.1;402.1;402.1;1
2004.06.28 06:58;401.6;401.6;401.6;401.6;1
2004.06.28 07:01;401.6;401.6;401.6;401.6;1
2004.06.28 07:02;401.6;401.6;401.6;401.6;1
2004.06.28 07:07;401.6;401.6;401.6;401.6;1
2004.06.28 07:08;401.6;401.6;401.6;401.6;1
2004.06.28 07:14;401.6;401.6;401.6;401.6;1
2004.06.28 07:18;401.8;401.8;401.6;401.6;2
2004.06.28 07:19;401.6;401.8;401.6;401.8;3
2004.06.28 07:25;401.5;401.5;401.3;401.3;2
2004.06.28 07:30;401.6;401.6;401.6;401.6;1
2004.06.28 07:31;401.5;401.5;401.5;401.5;1
2004.06.28 07:36;401.5;401.5;401.5;401.5;1
2004.06.28 07:37;401.3;401.3;401.3;401.3;1
2004.06.28 07:41;401.1;401.8;401.1;401.8;2
2004.06.28 07:43;401.3;401.6;401.3;401.6;2
2004.06.28 07:48;401.3;401.3;401.1;401.1;2
2004.06.28 07:49;401.3;401.5;401.3;401.5;2
2004.06.28 07:51;401.3;401.3;401.3;401.3;1
2004.06.28 07:54;400.8;401.1;400.8;401.1;3
2004.06.28 07:55;400.8;401;400.8;400.8;3
2004.06.28 07:56;401;401;400.8;400.8;2
2004.06.28 07:57;401.1;401.1;401;401;2
2004.06.28 08:00;401.1;401.1;401;401;2
2004.06.28 08:01;401.1;401.3;401.1;401.3;6
2004.06.28 08:02;401.1;401.1;401.1;401.1;1
2004.06.28 08:03;401.3;401.3;401.1;401.1;2
2004.06.28 08:04;401.8;401.8;401.8;401.8;1
2004.06.28 08:05;401.3;401.3;401.3;401.3;1
2004.06.28 08:08;401.1;401.1;401.1;401.1;1
2004.06.28 08:11;401.6;401.6;401.6;401.6;1
2004.06.28 08:14;400.8;400.8;400.8;400.8;1
2004.06.28 08:15;401.3;401.3;401.3;401.3;1
2004.06.28 08:27;401;401;401;401;1
2004.06.28 08:28;400.8;400.8;400.8;400.8;1
2004.06.28 08:30;401.6;401.6;401.6;401.6;1
2004.06.28 08:33;401.5;401.5;401.3;401.3;2
2004.06.28 08:35;401;401;401;401;1
2004.06.28 08:36;400.8;401.3;400.8;401.3;4
2004.06.28 08:38;401.3;401.3;401.3;401.3;1
2004.06.28 08:46;400.8;400.8;400.8;400.8;1
2004.06.28 08:49;401.6;401.6;401.6;401.6;1
2004.06.28 08:53;401.3;401.3;401.3;401.3;1
2004.06.28 08:58;400.8;400.8;400.8;400.8;1
2004.06.28 08:59;400.8;400.8;400.8;400.8;1
2004.06.28 09:01;400.6;400.8;400.6;400.8;2
2004.06.28 09:07;401.1;401.3;401.1;401.3;2
2004.06.28 09:10;401.3;401.3;401.3;401.3;1
2004.06.28 09:12;401.1;401.1;401;401;2
2004.06.28 09:14;401.3;401.3;401.3;401.3;1
2004.06.28 09:15;401.1;401.1;401.1;401.1;1
2004.06.28 09:19;401.3;401.3;401.3;401.3;1
2004.06.28 09:28;401.8;401.8;401.8;401.8;1
2004.06.28 09:29;401;401;401;401;1
2004.06.28 09:30;401.6;401.6;401.6;401.6;1
2004.06.28 09:32;401;401.3;401;401.1;6
2004.06.28 09:36;401.1;401.1;401.1;401.1;1
2004.06.28 09:37;401.5;401.5;401.3;401.3;4
2004.06.28 09:38;401.6;401.6;401.6;401.6;1
2004.06.28 09:39;401.3;401.3;401.3;401.3;1
2004.06.28 09:47;401.5;401.5;401.5;401.5;1
2004.06.28 09:48;401.3;401.3;401.3;401.3;1
2004.06.28 09:49;401.3;401.3;401.3;401.3;1
2004.06.28 09:50;401.3;401.6;401.3;401.6;2
2004.06.28 09:51;401.8;401.8;401.8;401.8;1
2004.06.28 09:52;401.3;401.3;401.3;401.3;1
2004.06.28 09:54;401.1;401.1;401.1;401.1;1
2004.06.28 09:55;401.3;401.8;401.3;401.8;3
2004.06.28 09:56;401.8;401.8;401.8;401.8;1
2004.06.28 09:58;401.8;401.8;401.8;401.8;1
2004.06.28 09:59;401.3;401.5;401.3;401.5;2
2004.06.28 10:01;402.1;402.1;402.1;402.1;1
2004.06.28 10:02;401.6;401.6;401.6;401.6;1
2004.06.28 10:03;401.6;401.6;401.6;401.6;1
2004.06.28 10:04;401.6;401.6;401.6;401.6;1
2004.06.28 10:06;401.6;401.6;401.5;401.5;2
2004.06.28 10:07;401.6;401.6;401.5;401.5;2
2004.06.28 10:13;401.6;401.6;401.6;401.6;1
2004.06.28 10:14;401.3;401.3;401.3;401.3;1
2004.06.28 10:16;402.1;402.1;401.8;401.8;2
2004.06.28 10:19;401.8;401.8;401.8;401.8;1
2004.06.28 10:20;401.8;401.8;401.8;401.8;1
2004.06.28 10:21;401.8;402.1;401.8;402.1;2
2004.06.28 10:22;401.6;402.3;401.6;402.3;2
2004.06.28 10:24;401.8;402;401.8;402;2
2004.06.28 10:26;401.8;401.8;401.6;401.6;4
2004.06.28 10:27;402.1;402.3;402.1;402.3;2
2004.06.28 10:29;401.8;401.8;401.8;401.8;1
2004.06.28 10:30;401.8;401.8;401.8;401.8;1
2004.06.28 10:31;401.8;402.1;401.6;402.1;3
2004.06.28 10:33;401.6;401.6;401.6;401.6;1
2004.06.28 10:34;401.6;401.6;401.6;401.6;1
2004.06.28 10:36;402.3;402.3;402.3;402.3;1
2004.06.28 10:37;402.3;402.3;402.1;402.1;3
2004.06.28 10:38;401.8;401.8;401.6;401.6;2
2004.06.28 10:39;402;402.1;402;402.1;2
2004.06.28 10:41;401.6;401.8;401.6;401.8;2
2004.06.28 10:43;401.3;401.3;401.3;401.3;1
2004.06.28 10:44;401.5;401.5;401.5;401.5;1
2004.06.28 10:46;402.1;402.1;402.1;402.1;1
2004.06.28 10:51;401.8;401.8;401.8;401.8;1
2004.06.28 10:55;401.6;402.1;401.6;402;3
2004.06.28 10:56;402.1;402.1;402.1;402.1;1
2004.06.28 11:01;401.8;401.8;401.6;401.6;2
2004.06.28 11:03;402.1;402.1;402.1;402.1;1
2004.06.28 11:04;401.8;402.1;401.8;401.8;4
2004.06.28 11:07;401.8;401.8;401.8;401.8;1
2004.06.28 11:10;402.1;402.1;402.1;402.1;1
2004.06.28 11:11;401.8;401.8;401.8;401.8;1
2004.06.28 11:13;401.5;401.5;401.5;401.5;1
2004.06.28 11:15;401.6;401.6;401.5;401.5;4
2004.06.28 11:17;401.3;401.5;401.3;401.5;2
2004.06.28 11:20;401.3;401.3;401.3;401.3;1
2004.06.28 11:21;401.5;401.5;401.5;401.5;1
2004.06.28 11:22;401.6;401.6;401.3;401.3;2
2004.06.28 11:24;401.8;401.8;401.8;401.8;1
2004.06.28 11:30;401.3;401.3;401.3;401.3;1
2004.06.28 11:33;401.6;401.6;401.5;401.5;2
2004.06.28 11:34;401.6;401.6;401.6;401.6;1
2004.06.28 11:35;401.3;401.5;401.3;401.3;3
2004.06.28 11:41;401.6;401.6;401.6;401.6;1
2004.06.28 11:44;401.8;401.8;401.8;401.8;1
2004.06.28 11:45;401.8;401.8;401.8;401.8;1
2004.06.28 11:46;400.8;400.8;400.8;400.8;1
2004.06.28 11:47;401.3;401.3;401.3;401.3;1
2004.06.28 11:48;401.1;401.1;401.1;401.1;1
2004.06.28 11:53;401.6;401.6;401.6;401.6;1
2004.06.28 11:54;401.5;401.5;401.3;401.3;2
2004.06.28 11:56;401.6;401.6;401.3;401.3;2
2004.06.28 11:57;401.6;401.6;401.3;401.5;6
2004.06.28 12:01;401.6;401.6;401.5;401.5;2
2004.06.28 12:02;401.6;401.6;401.5;401.5;2
2004.06.28 12:05;401.6;401.8;401.6;401.6;3
2004.06.28 12:06;401.6;401.6;401.6;401.6;1
2004.06.28 12:07;402;402.1;401.8;402.1;4
2004.06.28 12:08;402.1;402.1;401.8;401.8;2
2004.06.28 12:10;401.8;401.8;401.8;401.8;1
2004.06.28 12:11;402.3;402.3;402.3;402.3;1
2004.06.28 12:13;402.3;402.3;402.3;402.3;1
2004.06.28 12:14;402.1;402.6;402.1;402.6;2
2004.06.28 12:23;402.6;402.6;402.6;402.6;1
2004.06.28 12:27;402.3;402.8;402.3;402.8;4
2004.06.28 12:28;402.6;402.6;402.6;402.6;1
2004.06.28 12:42;402.6;402.6;402.6;402.6;1
2004.06.28 12:47;402.3;402.3;402.3;402.3;1
2004.06.28 12:55;402.1;402.1;402.1;402.1;1
2004.06.28 12:57;402.5;402.5;402.3;402.3;2
2004.06.28 12:58;402.8;402.8;402.8;402.8;1
2004.06.28 12:59;403.1;403.5;403.1;403.3;11
2004.06.28 13:00;403.1;403.6;403.1;403.6;3
2004.06.28 13:01;403.1;403.1;403.1;403.1;1
2004.06.28 13:02;403.8;403.8;403.6;403.6;2
2004.06.28 13:03;403.8;403.8;403.8;403.8;1
2004.06.28 13:07;403.6;403.8;403.5;403.8;3
2004.06.28 13:08;403.3;403.6;403.3;403.6;2
2004.06.28 13:10;403.6;403.6;403.6;403.6;1
2004.06.28 13:12;403;403.1;403;403.1;2
2004.06.28 13:17;403.8;403.8;403.6;403.6;2
2004.06.28 13:18;403;403;403;403;1
2004.06.28 13:19;403.3;403.5;403.3;403.5;2
2004.06.28 13:20;403.3;403.3;403.3;403.3;1
2004.06.28 13:28;403.6;403.6;403.5;403.5;2
2004.06.28 13:29;403.3;403.3;402.6;402.6;3
2004.06.28 13:30;403.1;403.1;403.1;403.1;1
2004.06.28 13:31;402.8;402.8;402.6;402.6;2
2004.06.28 13:37;402.5;402.5;402.5;402.5;1
2004.06.28 13:38;402.6;402.6;402.6;402.6;1
2004.06.28 13:42;402.8;402.8;402.8;402.8;1
2004.06.28 13:43;402.6;402.6;402.5;402.5;2
2004.06.28 13:44;402.3;402.8;402.3;402.6;4
2004.06.28 13:46;402.8;402.8;402.8;402.8;1
2004.06.28 13:48;402.8;402.8;402.8;402.8;1
2004.06.28 13:54;402.8;402.8;402.8;402.8;1
2004.06.28 13:56;402.1;402.1;402.1;402.1;1
2004.06.28 13:57;402.8;402.8;402.8;402.8;1
2004.06.28 13:59;402.3;402.3;402.1;402.1;2
2004.06.28 14:01;402.6;402.6;402.6;402.6;1
2004.06.28 14:02;402.3;402.5;402.3;402.3;3
2004.06.28 14:04;402.5;402.5;402.5;402.5;1
2004.06.28 14:05;402.3;402.3;402.3;402.3;1
2004.06.28 14:08;403;403.1;402.8;402.8;4
2004.06.28 14:09;403.1;403.1;403;403.1;3
2004.06.28 14:10;403.3;403.3;403.3;403.3;1
2004.06.28 14:11;403.6;403.6;403.5;403.5;2
2004.06.28 14:12;403.6;403.6;403.6;403.6;1
2004.06.28 14:13;403.6;403.8;403.6;403.8;3
2004.06.28 14:14;403.6;403.8;403.6;403.8;3
2004.06.28 14:17;403.3;403.3;403.3;403.3;1
2004.06.28 14:18;403.5;403.5;403.5;403.5;1
2004.06.28 14:19;404.1;404.1;404.1;404.1;1
2004.06.28 14:20;403.8;404.6;403.8;404.6;3
2004.06.28 14:21;404.3;404.3;403.8;404.1;9
2004.06.28 14:22;404;404.1;403.8;403.8;6
2004.06.28 14:23;404.3;404.3;404.1;404.1;8
2004.06.28 14:24;404.3;404.3;404.1;404.1;5
2004.06.28 14:25;404.3;404.3;403.6;403.6;4
2004.06.28 14:26;403.8;403.8;403.6;403.6;6
2004.06.28 14:27;403.8;404.1;403.6;403.6;4
2004.06.28 14:28;403.6;404.1;403.6;403.8;4
2004.06.28 14:29;404;404.1;403.8;403.8;3
2004.06.28 14:30;404;404;403.6;403.6;8
2004.06.28 14:31;403.5;403.8;403.3;403.3;11
2004.06.28 14:32;403.8;403.8;403.6;403.6;5
2004.06.28 14:33;403.3;403.8;403.1;403.6;14
2004.06.28 14:34;403.6;403.6;403.1;403.3;6
2004.06.28 14:35;403.1;403.5;403;403.3;12
2004.06.28 14:36;403.3;403.3;402.8;402.8;8
2004.06.28 14:37;403;403.3;402.8;403.3;13
2004.06.28 14:38;403;403.3;402.8;403;6
2004.06.28 14:39;402.8;403.1;402.6;403.1;7
2004.06.28 14:40;402.8;403.3;402.8;403.3;4
2004.06.28 14:41;403.1;403.3;402.8;403.3;4
2004.06.28 14:42;403.3;403.3;403.1;403.3;4
2004.06.28 14:43;403;403.1;402.8;403.1;7
2004.06.28 14:44;403.1;403.5;403;403.3;9
2004.06.28 14:45;403.3;403.3;403;403.3;5
2004.06.28 14:46;402.8;403.1;402.8;403.1;5
2004.06.28 14:47;403.1;403.5;402.8;403.5;11
2004.06.28 14:48;403.6;403.6;403;403;4
2004.06.28 14:49;403.3;403.6;403.1;403.6;9
2004.06.28 14:50;403.8;403.8;403.1;403.3;4
2004.06.28 14:51;403.3;403.3;403.1;403.1;4
2004.06.28 14:52;403.5;403.8;403.5;403.8;7
2004.06.28 14:53;403.8;403.8;403.6;403.6;3
2004.06.28 14:54;403.6;403.6;403.6;403.6;1
2004.06.28 14:55;403.8;403.8;403.6;403.6;3
2004.06.28 14:56;403.1;403.5;403.1;403.5;7
2004.06.28 14:57;403.6;403.8;403.6;403.8;2
2004.06.28 14:58;403.6;404.1;403.6;404.1;8
2004.06.28 14:59;403.8;403.8;403.6;403.6;6
2004.06.28 15:00;403.8;404.1;403.6;404.1;12
2004.06.28 15:01;404;404.1;404;404.1;2
2004.06.28 15:02;404;404.1;403.8;404;5
2004.06.28 15:03;403.8;404.1;403.8;403.8;3
2004.06.28 15:04;403.6;404.1;403.6;403.8;4
2004.06.28 15:05;403.6;403.8;403.3;403.8;7
2004.06.28 15:06;403.6;403.8;403.5;403.8;6
2004.06.28 15:07;403.8;403.8;403.8;403.8;1
2004.06.28 15:08;403.8;403.8;403.3;403.3;10
2004.06.28 15:09;403.5;404.1;403.5;404.1;2
2004.06.28 15:10;403.8;404.1;403.8;404;3
2004.06.28 15:11;403.8;403.8;403.6;403.6;2
2004.06.28 15:12;403.5;403.6;403.5;403.6;5
2004.06.28 15:13;403.5;403.6;403.5;403.6;6
2004.06.28 15:14;403.6;404.1;403.6;404.1;7
2004.06.28 15:15;404.3;404.3;404.1;404.1;3
2004.06.28 15:16;404.1;404.1;403.5;404.1;5
2004.06.28 15:17;404;404.3;403.6;404.1;6
2004.06.28 15:18;404.3;404.3;403.8;403.8;6
2004.06.28 15:19;404;404;403.6;404;4
2004.06.28 15:20;404.1;404.3;404.1;404.1;11
2004.06.28 15:21;404.1;404.1;404.1;404.1;1
2004.06.28 15:22;403.8;404;403.6;404;7
2004.06.28 15:23;403.8;403.8;403.6;403.8;6
2004.06.28 15:24;403.8;404.1;403.6;404.1;7
2004.06.28 15:25;403.8;404.3;403.8;404.1;6
2004.06.28 15:26;403.8;404.3;403.8;404.1;3
2004.06.28 15:27;404.1;404.3;404.1;404.1;4
2004.06.28 15:28;404.1;404.1;403.6;404.1;5
2004.06.28 15:29;403.6;403.8;403.6;403.8;4
2004.06.28 15:30;403.8;403.8;403.3;403.8;11
2004.06.28 15:31;403.8;403.8;403.6;403.6;3
2004.06.28 15:32;402.8;403.3;402.8;403.3;4
2004.06.28 15:33;403.3;403.8;403.3;403.8;6
2004.06.28 15:34;404.1;404.1;404;404;6
2004.06.28 15:35;403.8;403.8;403.6;403.8;4
2004.06.28 15:36;403.6;404.1;403.6;403.6;5
2004.06.28 15:37;403.8;404.3;403.6;404.3;5
2004.06.28 15:38;404.1;404.3;404.1;404.3;3
2004.06.28 15:39;403.8;404.3;403.6;404.3;6
2004.06.28 15:40;404.3;404.3;404.3;404.3;1
2004.06.28 15:41;404.1;404.3;403.8;404.3;4
2004.06.28 15:42;404.1;404.3;404;404.3;8
2004.06.28 15:43;404.3;404.3;404.3;404.3;1
2004.06.28 15:44;404;404.3;403.8;404.3;6
2004.06.28 15:45;403.8;403.8;403.8;403.8;1
2004.06.28 15:46;404;404.3;403.8;404.3;3
2004.06.28 15:47;404.1;404.1;403.8;403.8;3
2004.06.28 15:48;403.6;404;403.6;403.6;6
2004.06.28 15:49;403.6;404;403.6;403.6;8
2004.06.28 15:50;403.8;403.8;403.6;403.6;2
2004.06.28 15:51;404;404.3;404;404.3;2
2004.06.28 15:52;404.3;404.3;403.8;404.1;6
2004.06.28 15:53;403.8;404;403.8;403.8;3
2004.06.28 15:54;404.1;404.3;404.1;404.3;2
2004.06.28 15:55;404.1;404.3;404;404.3;3
2004.06.28 15:56;403.8;404.3;403.8;404.3;4
2004.06.28 15:57;403.8;403.8;403.6;403.6;2
2004.06.28 15:59;404;404.1;403.5;403.5;6
2004.06.28 16:00;404.1;404.1;404.1;404.1;1
2004.06.28 16:01;403.8;404.1;403.8;403.8;5
2004.06.28 16:02;403.5;403.8;403.5;403.8;5
2004.06.28 16:03;403.6;403.6;403.3;403.5;9
2004.06.28 16:04;403.6;403.8;403.3;403.8;6
2004.06.28 16:05;403.6;403.8;403.3;403.3;3
2004.06.28 16:06;403.8;403.8;403.6;403.6;3
2004.06.28 16:07;403.3;403.6;403.3;403.6;3
2004.06.28 16:08;403.6;403.6;403.3;403.5;3
2004.06.28 16:09;403.3;403.5;403.1;403.1;4
2004.06.28 16:10;403.5;403.8;403.3;403.6;8
2004.06.28 16:11;403.6;403.6;403.3;403.5;3
2004.06.28 16:12;403.3;403.3;403.3;403.3;1
2004.06.28 16:13;403.3;403.6;403.1;403.3;7
2004.06.28 16:14;403.3;403.3;403.3;403.3;1
2004.06.28 16:15;402.8;403.5;402.8;403.5;4
2004.06.28 16:16;403.6;403.6;403.3;403.3;5
2004.06.28 16:17;403.6;403.6;403.1;403.6;7
2004.06.28 16:18;403.1;403.5;403.1;403.3;7
2004.06.28 16:19;403.6;403.6;403.3;403.6;3
2004.06.28 16:20;403.1;403.5;403;403.1;5
2004.06.28 16:21;403.1;403.1;402.8;402.8;4
2004.06.28 16:22;403.1;403.3;403.1;403.3;7
2004.06.28 16:23;403.1;403.1;402.6;402.6;2
2004.06.28 16:24;402.3;403;402.3;402.8;4
2004.06.28 16:25;402.8;402.8;402.8;402.8;1
2004.06.28 16:26;403.3;403.3;403.3;403.3;1
2004.06.28 16:27;402.6;403.1;402.6;403.1;2
2004.06.28 16:28;402.6;402.6;402.3;402.3;15
2004.06.28 16:29;402.6;402.6;402.3;402.6;8
2004.06.28 16:30;402.6;403;402.5;403;7
2004.06.28 16:31;402.8;402.8;402.6;402.6;10
2004.06.28 16:32;402.6;402.6;402.1;402.1;7
2004.06.28 16:33;402.1;402.6;401.8;402.6;12
2004.06.28 16:34;402.3;402.6;402.3;402.6;5
2004.06.28 16:35;402.3;402.5;402.1;402.5;5
2004.06.28 16:36;402.6;402.6;402.3;402.3;3
2004.06.28 16:37;402.3;402.3;402.1;402.1;2
2004.06.28 16:38;401.6;402.3;401.6;402.1;8
2004.06.28 16:39;401.6;401.8;401.3;401.8;9
2004.06.28 16:40;401.6;401.8;401.5;401.8;12
2004.06.28 16:41;401.6;401.8;401.5;401.6;9
2004.06.28 16:42;401.8;401.8;401.6;401.6;3
2004.06.28 16:43;401.8;401.8;401.3;401.6;5
2004.06.28 16:44;401.8;401.8;401.8;401.8;1
2004.06.28 16:45;401.6;401.8;401.6;401.8;8
2004.06.28 16:46;401.6;401.8;401.6;401.8;6
2004.06.28 16:47;401.8;401.8;401.8;401.8;1
2004.06.28 16:48;401.8;401.8;401.3;401.8;8
2004.06.28 16:49;401.8;402.1;401.8;402;5
2004.06.28 16:51;401.6;402.1;401.6;401.6;6
2004.06.28 16:52;401.5;402.1;401.5;402.1;6
2004.06.28 16:53;402.1;402.1;402;402.1;5
2004.06.28 16:54;401.8;402;401.5;402;8
2004.06.28 16:55;401.6;402.1;401.6;402.1;2
2004.06.28 16:56;401.6;402.1;401.3;401.8;9
2004.06.28 16:57;401.3;401.8;401.3;401.8;6
2004.06.28 16:58;401.5;401.5;401;401.3;5
2004.06.28 16:59;401.6;401.6;400.8;401.3;9
2004.06.28 17:00;401.6;401.6;401.6;401.6;1
2004.06.28 17:01;401.1;401.3;400.8;401.3;6
2004.06.28 17:02;401;401.6;401;401.3;4
2004.06.28 17:03;401.1;401.6;401;401.6;7
2004.06.28 17:04;401.3;401.8;401.3;401.8;14
2004.06.28 17:05;401.8;401.8;401.3;401.8;4
2004.06.28 17:06;401.5;401.8;401.3;401.6;4
2004.06.28 17:07;401.6;401.8;401.6;401.8;4
2004.06.28 17:08;401.8;401.8;401.8;401.8;1
2004.06.28 17:09;401.6;402;401.3;402;5
2004.06.28 17:10;401.8;401.8;401.6;401.8;5
2004.06.28 17:11;401.8;401.8;401.5;401.5;2
2004.06.28 17:12;401.8;401.8;401.8;401.8;1
2004.06.28 17:13;401.3;401.8;401.3;401.8;6
2004.06.28 17:14;401.3;402;401.3;402;8
2004.06.28 17:15;402.1;402.1;401.8;401.8;2
2004.06.28 17:16;401.6;401.8;401.6;401.8;2
2004.06.28 17:17;401.6;402;401.6;401.8;4
2004.06.28 17:18;402;402;401.8;401.8;2
2004.06.28 17:19;401.3;401.8;401.3;401.8;2
2004.06.28 17:20;401.3;401.8;401.3;401.8;3
2004.06.28 17:21;401.5;401.6;401.3;401.6;4
2004.06.28 17:22;401.3;401.6;401.3;401.6;3
2004.06.28 17:23;401.1;401.6;401.1;401.6;4
2004.06.28 17:24;401.3;401.3;401.1;401.1;4
2004.06.28 17:25;401.3;401.8;401.3;401.8;4
2004.06.28 17:26;401.3;401.6;401.1;401.5;4
2004.06.28 17:27;401.6;401.6;401;401.6;5
2004.06.28 17:28;401.1;401.3;401.1;401.3;2
2004.06.28 17:29;401.5;401.6;401.1;401.3;4
2004.06.28 17:31;401.3;401.3;401.1;401.1;2
2004.06.28 17:32;401.5;401.8;401.5;401.8;5
2004.06.28 17:33;401.8;401.8;401.8;401.8;1
2004.06.28 17:34;401.5;401.6;401.3;401.6;3
2004.06.28 17:35;401.3;401.8;401.3;401.8;3
2004.06.28 17:36;401.3;401.3;401.3;401.3;1
2004.06.28 17:37;401.3;401.6;401.3;401.3;3
2004.06.28 17:38;401.1;401.1;401.1;401.1;1
2004.06.28 17:39;401.1;401.1;401.1;401.1;1
2004.06.28 17:40;401.1;401.3;401.1;401.3;4
2004.06.28 17:41;401.3;401.3;401.3;401.3;1
2004.06.28 17:43;401.1;401.1;401.1;401.1;1
2004.06.28 17:44;401.3;401.8;401.3;401.6;5
2004.06.28 17:45;401.1;401.3;401.1;401.3;2
2004.06.28 17:46;401.1;401.8;401.1;401.8;7
2004.06.28 17:47;401.1;401.6;401.1;401.6;3
2004.06.28 17:48;401.3;401.3;401.3;401.3;1
2004.06.28 17:49;401.3;401.3;401;401;5
2004.06.28 17:50;401.3;401.3;401.1;401.3;4
2004.06.28 17:51;401.3;401.3;401.1;401.1;2
2004.06.28 17:52;401.1;401.5;401.1;401.3;3
2004.06.28 17:53;400.8;400.8;400.8;400.8;1
2004.06.28 17:54;401;401;400.8;400.8;2
2004.06.28 17:55;401;401.3;401;401.1;4
2004.06.28 17:56;401;401.1;400.8;400.8;4
2004.06.28 17:57;400.5;401;400.3;401;9
2004.06.28 17:58;400.8;400.8;400.3;400.6;4
2004.06.28 17:59;400.6;400.6;400.5;400.6;4
2004.06.28 18:00;400.5;401.1;400.5;401.1;2
2004.06.28 18:01;400.5;400.6;400.3;400.3;3
2004.06.28 18:02;400.5;400.8;400.5;400.8;4
2004.06.28 18:04;400.6;400.6;400.1;400.6;5
2004.06.28 18:05;400.5;400.5;400.3;400.3;6
2004.06.28 18:06;400;400.6;400;400.6;3
2004.06.28 18:08;400.3;400.3;400.1;400.3;4
2004.06.28 18:09;400.1;400.6;400.1;400.5;6
2004.06.28 18:10;400.6;400.6;399.8;400.1;10
2004.06.28 18:11;400.1;400.3;400.1;400.3;7
2004.06.28 18:12;400.1;400.3;400.1;400.1;3
2004.06.28 18:13;400.3;400.3;400.3;400.3;1
2004.06.28 18:14;400.1;400.5;400.1;400.3;4
2004.06.28 18:15;400.3;400.3;400;400.3;3
2004.06.28 18:16;400.1;400.3;400.1;400.3;2
2004.06.28 18:17;400;400.3;399.8;400.1;5
2004.06.28 18:18;400;400.1;399.8;400;8
2004.06.28 18:19;399.8;400.1;399.8;400.1;2
2004.06.28 18:20;399.8;400.1;399.6;399.8;7
2004.06.28 18:21;400.1;400.3;400.1;400.1;3
2004.06.28 18:23;399.6;399.8;399.6;399.8;5
2004.06.28 18:24;399.8;399.8;399.6;399.8;6
2004.06.28 18:25;399.6;399.8;399.6;399.8;6
2004.06.28 18:26;399.6;399.8;399.6;399.6;4
2004.06.28 18:27;399.1;399.8;399.1;399.8;14
2004.06.28 18:28;399.6;399.8;399.6;399.6;3
2004.06.28 18:30;399.1;399.6;399;399;4
2004.06.28 18:31;399.1;399.3;399.1;399.3;5
2004.06.28 18:32;399.1;399.6;399.1;399.3;4
2004.06.28 18:33;399.1;399.5;399;399.5;12
2004.06.28 18:34;399;399.6;399;399.3;6
2004.06.28 18:35;399.3;399.3;399;399.1;4
2004.06.28 18:36;399.6;399.8;399.3;399.6;5
2004.06.28 18:37;399.6;399.6;398.8;398.8;6
2004.06.28 18:38;399.1;399.3;398.8;398.8;6
2004.06.28 18:39;398.8;399;398.8;399;2
2004.06.28 18:40;399.1;399.1;398.8;399;5
2004.06.28 18:41;398.8;399.3;398.8;399.3;2
2004.06.28 18:42;399.3;399.3;398.8;398.8;2
2004.06.28 18:43;398.8;399.3;398.8;399.3;7
2004.06.28 18:44;399.3;399.3;399.3;399.3;1
2004.06.28 18:45;399.3;399.3;398.8;398.8;4
2004.06.28 18:46;399;399.3;398.8;399.3;9
2004.06.28 18:47;399.5;399.5;399.3;399.3;3
2004.06.28 18:48;399.1;399.5;399;399.5;6
2004.06.28 18:49;399.6;399.6;399.6;399.6;1
2004.06.28 18:50;399;399.3;398.8;399.3;7
2004.06.28 18:51;399;399.1;399;399;3
2004.06.28 18:52;398.8;399.5;398.8;399.3;8
2004.06.28 18:53;398.8;399.3;398.8;399.1;4
2004.06.28 18:54;399;399.6;398.8;399.6;6
2004.06.28 18:55;399;399.8;399;399.6;6
2004.06.28 18:56;399.8;399.8;399.3;399.8;4
2004.06.28 18:57;399.5;399.5;399.3;399.3;2
2004.06.28 18:58;399.1;399.8;399.1;399.3;7
2004.06.28 18:59;399.3;399.8;399.3;399.6;7
2004.06.28 19:00;399.8;399.8;399.6;399.6;3
2004.06.28 19:02;399.1;399.3;399.1;399.3;3
2004.06.28 19:03;399.1;399.8;399.1;399.8;6
2004.06.28 19:04;399.6;399.6;399.3;399.3;6
2004.06.28 19:05;399.5;399.6;399.5;399.5;7
2004.06.28 19:06;399.6;399.6;399.3;399.3;5
2004.06.28 19:07;399.5;399.8;399.3;399.8;5
2004.06.28 19:08;399.1;399.8;399.1;399.6;6
2004.06.28 19:09;399.3;399.8;399.1;399.6;6
2004.06.28 19:10;399.8;399.8;399.5;399.5;6
2004.06.28 19:11;399.1;399.6;399.1;399.3;6
2004.06.28 19:12;399.1;399.8;399.1;399.8;4
2004.06.28 19:13;399.6;399.6;399.1;399.1;3
2004.06.28 19:14;399.3;399.8;399.3;399.3;5
2004.06.28 19:15;399.5;399.6;399.3;399.6;6
2004.06.28 19:16;399.5;399.6;399.5;399.6;3
2004.06.28 19:17;399.3;399.5;399.3;399.5;2
2004.06.28 19:18;399.6;399.6;399.3;399.3;2
2004.06.28 19:19;399.1;399.6;399.1;399.6;6
2004.06.28 19:20;399.8;399.8;399.3;399.6;4
2004.06.28 19:21;399.3;399.8;399.3;399.8;3
2004.06.28 19:22;399.8;399.8;399.1;399.6;9
2004.06.28 19:23;399.6;399.8;399.6;399.8;3
2004.06.28 19:24;399.6;399.6;399.3;399.3;12
2004.06.28 19:25;399.6;399.6;399.3;399.5;7
2004.06.28 19:26;399.6;400.1;399.6;400.1;5
2004.06.28 19:27;400.1;400.1;399.6;400.1;4
2004.06.28 19:28;399.6;400.3;399.6;400.3;6
2004.06.28 19:29;400.1;400.1;400.1;400.1;1
2004.06.28 19:30;400;400.1;400;400.1;2
2004.06.28 19:31;399.8;399.8;399.8;399.8;1
2004.06.28 19:32;400.1;400.1;400.1;400.1;1
2004.06.28 19:33;399.8;399.8;399.8;399.8;1
2004.06.28 19:34;399.8;399.8;399.8;399.8;1
2004.06.28 19:35;399.8;399.8;399.6;399.8;3
2004.06.28 19:36;399.6;400.1;399.6;400.1;6
2004.06.28 19:37;400.3;400.3;399.6;399.8;4
2004.06.28 19:38;399.8;399.8;399.6;399.6;2
2004.06.28 19:39;399.8;399.8;399.8;399.8;1
2004.06.28 19:41;399.6;399.6;399.6;399.6;1
2004.06.28 19:42;399.8;399.8;399.6;399.6;2
2004.06.28 19:43;400.3;400.3;400.3;400.3;1
2004.06.28 19:44;399.6;399.6;399.6;399.6;1
2004.06.28 19:48;400.1;400.1;400.1;400.1;1
2004.06.28 19:52;400.3;400.3;400.3;400.3;1
2004.06.28 19:53;399.8;400;399.8;399.8;3
2004.06.28 19:54;399.8;399.8;399.8;399.8;1
2004.06.28 19:55;399.8;399.8;399.8;399.8;1
2004.06.28 19:56;399.8;399.8;399.8;399.8;1
2004.06.28 19:57;399.8;400.1;399.8;400.1;2
2004.06.28 19:58;399.8;399.8;399.8;399.8;1
2004.06.28 20:01;399.8;399.8;399.8;399.8;1
2004.06.28 20:02;399.8;400.3;399.8;400.1;3
2004.06.28 20:03;399.8;399.8;399.8;399.8;1
2004.06.28 20:04;399.8;399.8;399.8;399.8;1
2004.06.28 20:05;399.8;399.8;399.8;399.8;1
2004.06.28 20:06;400.1;400.1;400.1;400.1;1
2004.06.28 20:07;399.8;399.8;399.8;399.8;1
2004.06.28 20:08;399.8;399.8;399.8;399.8;1
2004.06.28 20:09;399.8;399.8;399.8;399.8;1
2004.06.28 20:10;399.8;399.8;399.8;399.8;1
2004.06.28 20:11;399.8;400.1;399.8;400.1;2
2004.06.28 20:12;399.8;399.8;399.8;399.8;1
2004.06.28 20:15;399.8;399.8;399.8;399.8;1
2004.06.28 20:16;400.3;400.3;400;400;2
2004.06.28 20:17;399.8;399.8;399.8;399.8;1
2004.06.28 20:20;399.8;399.8;399.8;399.8;1
2004.06.28 20:21;399.8;399.8;399.8;399.8;1
2004.06.28 20:22;399.8;399.8;399.8;399.8;1
2004.06.28 20:23;399.8;400.6;399.8;400.6;2
2004.06.28 20:24;399.8;399.8;399.8;399.8;1
2004.06.28 20:27;399.8;399.8;399.8;399.8;1
2004.06.28 20:28;399.8;399.8;399.8;399.8;1
2004.06.28 20:29;399.8;399.8;399.8;399.8;1
2004.06.28 20:31;399.8;399.8;399.8;399.8;1
2004.06.28 20:32;399.8;400.1;399.8;399.8;3
2004.06.28 20:34;399.8;400.1;399.8;400.1;2
2004.06.28 20:36;399.8;399.8;399.8;399.8;1
2004.06.28 20:39;399.8;400.1;399.8;400.1;2
2004.06.28 20:42;399.8;399.8;399.8;399.8;1
2004.06.28 20:43;399.8;399.8;399.8;399.8;1
2004.06.28 20:44;399.8;399.8;399.8;399.8;1
2004.06.28 20:46;399.8;399.8;399.8;399.8;1
2004.06.28 20:48;399.8;399.8;399.8;399.8;1
2004.06.28 20:49;399.8;399.8;399.8;399.8;1
2004.06.28 20:52;399.8;399.8;399.8;399.8;1
2004.06.28 20:53;399.8;399.8;399.8;399.8;1
2004.06.28 20:56;399.8;399.8;399.8;399.8;1
2004.06.28 20:57;399.8;399.8;399.8;399.8;1
2004.06.28 20:59;399.8;399.8;399.8;399.8;1
2004.06.28 21:00;399.8;399.8;399.8;399.8;1
2004.06.28 21:01;399.8;399.8;399.8;399.8;1
2004.06.28 21:05;399.8;399.8;399.8;399.8;1
2004.06.28 21:06;399.8;399.8;399.8;399.8;1
2004.06.28 21:08;399.8;399.8;399.8;399.8;1
2004.06.28 21:10;399.8;399.8;399.8;399.8;1
2004.06.28 21:11;400;400;399.8;399.8;3
2004.06.28 21:12;399.8;399.8;399.8;399.8;1
2004.06.28 21:13;399.8;399.8;399.8;399.8;1
2004.06.28 21:15;399.8;399.8;399.8;399.8;1
2004.06.28 21:16;399.8;399.8;399.8;399.8;1
2004.06.28 21:17;400.1;400.1;400.1;400.1;1
2004.06.28 21:18;399.8;400.3;399.8;400.3;2
2004.06.28 21:19;399.8;399.8;399.8;399.8;1
2004.06.28 21:20;399.8;399.8;399.8;399.8;1
2004.06.28 21:21;399.8;399.8;399.8;399.8;1
2004.06.28 21:22;400.6;400.6;400.6;400.6;1
2004.06.28 21:23;399.8;399.8;399.8;399.8;1
2004.06.28 21:25;399.8;399.8;399.8;399.8;1
2004.06.28 21:26;399.8;399.8;399.8;399.8;1
2004.06.28 21:27;399.8;399.8;399.8;399.8;1
2004.06.28 21:28;399.8;399.8;399.8;399.8;1
2004.06.28 21:29;399.8;399.8;399.8;399.8;1
2004.06.28 21:30;400.3;400.3;400.3;400.3;1
2004.06.28 21:31;400.3;400.3;400.3;400.3;1
2004.06.28 21:32;400.3;400.3;400.3;400.3;1
2004.06.28 21:33;400.1;400.1;400.1;400.1;1
2004.06.28 21:37;399.8;399.8;399.8;399.8;1
2004.06.28 21:38;399.8;399.8;399.8;399.8;1
2004.06.28 21:39;399.8;399.8;399.8;399.8;1
2004.06.28 21:41;399.8;399.8;399.8;399.8;1
2004.06.28 21:42;399.8;400.3;399.8;400.3;2
2004.06.28 21:45;400.6;400.6;400.3;400.3;2
2004.06.28 21:48;399.8;399.8;399.8;399.8;1
2004.06.28 21:51;399.8;399.8;399.8;399.8;1
2004.06.28 21:56;399.8;399.8;399.8;399.8;1
2004.06.28 22:02;399.8;399.8;399.8;399.8;1
2004.06.28 22:06;399.8;399.8;399.8;399.8;1
2004.06.28 22:12;400.3;400.3;400.3;400.3;1
2004.06.28 22:13;399.8;399.8;399.8;399.8;1
2004.06.28 22:14;399.8;400.3;399.8;400.3;3
2004.06.28 22:20;400.3;400.3;400.3;400.3;1
2004.06.28 22:21;399.8;399.8;399.8;399.8;1
2004.06.28 22:22;399.8;399.8;399.8;399.8;1
2004.06.28 22:23;399.8;399.8;399.8;399.8;1
2004.06.28 22:24;399.8;399.8;399.8;399.8;1
2004.06.28 22:25;399.8;399.8;399.8;399.8;1
2004.06.28 22:28;399.8;399.8;399.8;399.8;1
2004.06.28 22:29;399.8;399.8;399.8;399.8;1
2004.06.28 22:32;399.8;399.8;399.8;399.8;1
2004.06.28 22:33;399.8;399.8;399.8;399.8;1
2004.06.28 22:36;400.1;400.1;400.1;400.1;1
2004.06.28 22:37;399.8;399.8;399.8;399.8;1
2004.06.28 22:41;399.8;399.8;399.8;399.8;1
2004.06.28 22:48;399.8;399.8;399.8;399.8;1
2004.06.28 22:50;400.3;400.3;400.3;400.3;1
2004.06.28 22:51;399.8;399.8;399.8;399.8;1
2004.06.28 22:52;399.8;399.8;399.8;399.8;1
2004.06.28 22:54;399.8;399.8;399.8;399.8;1
2004.06.28 23:04;400.6;400.6;400.6;400.6;1
2004.06.28 23:06;399.8;399.8;399.8;399.8;1
2004.06.28 23:09;399.8;399.8;399.8;399.8;1
2004.06.28 23:12;399.8;399.8;399.8;399.8;1
2004.06.28 23:13;399.8;399.8;399.8;399.8;1
2004.06.28 23:14;399.8;399.8;399.8;399.8;1
2004.06.28 23:16;400.8;400.8;400.8;400.8;1
2004.06.28 23:19;399.8;399.8;399.8;399.8;1
2004.06.28 23:24;399.8;399.8;399.8;399.8;1
2004.06.28 23:26;399.8;399.8;399.8;399.8;1
2004.06.28 23:28;399.8;399.8;399.8;399.8;1
2004.06.28 23:40;400.3;400.3;400.3;400.3;1
2004.06.28 23:42;399.8;399.8;399.8;399.8;1
2004.06.28 23:43;400.3;400.3;400.3;400.3;1
2004.06.28 23:44;399.8;399.8;399.8;399.8;1
2004.06.28 23:52;399.8;399.8;399.8;399.8;1
2004.06.29 01:05;399.8;399.8;399.8;399.8;1
2004.06.29 01:07;399.8;399.8;399.8;399.8;1
2004.06.29 01:13;399.8;399.8;399.8;399.8;1
2004.06.29 01:16;399.8;399.8;399.8;399.8;1
2004.06.29 01:22;399.8;399.8;399.8;399.8;1
2004.06.29 01:26;399.8;399.8;399.8;399.8;1
2004.06.29 01:30;399.8;399.8;399.8;399.8;1
2004.06.29 01:33;399.8;399.8;399.8;399.8;1
2004.06.29 01:34;399.8;399.8;399.8;399.8;1
2004.06.29 01:37;399.8;399.8;399.8;399.8;1
2004.06.29 01:40;399.8;399.8;399.8;399.8;1
2004.06.29 01:41;399.8;399.8;399.8;399.8;1
2004.06.29 01:44;399.8;399.8;399.8;399.8;1
2004.06.29 01:45;399.8;399.8;399.8;399.8;1
2004.06.29 01:47;399.8;399.8;399.8;399.8;1
2004.06.29 01:48;399.8;399.8;399.8;399.8;1
2004.06.29 01:50;399.8;399.8;399.8;399.8;1
2004.06.29 01:54;399.8;399.8;399.8;399.8;1
2004.06.29 01:55;399.8;399.8;399.8;399.8;1
2004.06.29 01:56;400.5;400.5;400.5;400.5;1
2004.06.29 01:57;399.8;399.8;399.8;399.8;1
2004.06.29 01:59;399.8;399.8;399.8;399.8;1
2004.06.29 02:02;399.8;400;399.6;400;3
2004.06.29 02:03;399.6;399.6;399.6;399.6;1
2004.06.29 02:09;400.1;400.1;400.1;400.1;1
2004.06.29 02:20;400.1;400.1;400.1;400.1;1
2004.06.29 02:21;400;400;400;400;1
2004.06.29 02:35;399.8;399.8;399.6;399.6;4
2004.06.29 02:37;399.8;399.8;399.6;399.6;2
2004.06.29 02:39;399.6;399.6;399.6;399.6;1
2004.06.29 02:46;399.5;399.5;399.3;399.3;2
2004.06.29 02:51;399.3;399.3;399.3;399.3;1
2004.06.29 02:52;399.3;399.3;399.3;399.3;1
2004.06.29 03:01;399.3;399.5;399.3;399.5;2
2004.06.29 03:04;399.5;399.5;399.5;399.5;1
2004.06.29 03:05;399.3;399.3;399.3;399.3;1
2004.06.29 03:06;399.5;399.5;399.5;399.5;1
2004.06.29 03:11;399.3;399.3;399.3;399.3;1
2004.06.29 03:21;399.3;399.6;399.3;399.5;3
2004.06.29 03:22;399.6;399.6;399.5;399.5;3
2004.06.29 03:30;399.3;399.3;399.3;399.3;1
2004.06.29 03:31;399.3;399.3;399.3;399.3;1
2004.06.29 03:35;399.1;399.3;399.1;399.3;4
2004.06.29 03:36;399.1;399.3;399.1;399.1;4
2004.06.29 03:37;399.1;399.1;399.1;399.1;1
2004.06.29 03:38;399.3;399.3;399.3;399.3;1
2004.06.29 03:39;399.1;399.1;399.1;399.1;1
2004.06.29 03:41;399.1;399.1;399.1;399.1;1
2004.06.29 03:43;399.1;399.1;399.1;399.1;1
2004.06.29 03:46;399.1;399.1;399.1;399.1;1
2004.06.29 03:48;399.3;399.3;399.1;399.3;5
2004.06.29 03:49;399.5;399.5;399.3;399.3;2
2004.06.29 03:51;399.3;399.5;399.3;399.5;2
2004.06.29 04:00;399.1;399.3;399.1;399.1;3
2004.06.29 04:02;399.1;399.1;399.1;399.1;1
2004.06.29 04:13;399.3;399.3;399.3;399.3;1
2004.06.29 04:31;399.1;399.3;399.1;399.3;6
2004.06.29 04:33;399.1;399.1;399.1;399.1;1
2004.06.29 04:41;399.3;399.3;399.1;399.1;5
2004.06.29 04:42;399.1;399.1;399.1;399.1;1
2004.06.29 04:54;399.3;399.3;399.3;399.3;1
2004.06.29 04:55;399.1;399.1;399.1;399.1;1
2004.06.29 04:57;399.3;399.5;399.3;399.3;4
2004.06.29 04:59;399.3;399.3;399.3;399.3;1
2004.06.29 05:00;399.3;399.3;399.3;399.3;1
2004.06.29 05:07;399.3;399.3;399.3;399.3;1
2004.06.29 05:10;399.3;399.3;399.3;399.3;1
2004.06.29 05:12;399.3;399.3;399.3;399.3;1
2004.06.29 05:13;399.3;399.3;399.3;399.3;1
2004.06.29 05:14;399.3;399.3;399.3;399.3;1
2004.06.29 05:24;399.3;399.3;399.3;399.3;1
2004.06.29 05:27;399.3;399.3;399.3;399.3;1
2004.06.29 05:28;399.3;399.3;399.1;399.1;4
2004.06.29 05:42;399.3;399.3;399.1;399.1;2
2004.06.29 05:46;399.1;399.1;399.1;399.1;1
2004.06.29 05:51;399.3;399.3;399.3;399.3;1
2004.06.29 05:57;399.3;399.3;399.1;399.1;2
2004.06.29 05:58;399.3;399.3;399.3;399.3;1
2004.06.29 06:17;399.3;399.3;399.3;399.3;1
2004.06.29 06:18;399.1;399.1;399.1;399.1;1
2004.06.29 06:20;399.1;399.1;399.1;399.1;1
2004.06.29 06:25;399;399;399;399;1
2004.06.29 06:29;399.1;399.3;399.1;399.3;2
2004.06.29 06:46;399.1;399.1;399.1;399.1;1
2004.06.29 06:48;399.1;399.1;399.1;399.1;1
2004.06.29 06:50;399.3;399.3;399.1;399.3;3
2004.06.29 06:51;399.1;399.1;399.1;399.1;1
2004.06.29 06:54;399.1;399.3;399.1;399.3;4
2004.06.29 06:55;399.1;399.3;399.1;399.1;3
2004.06.29 06:56;399.3;399.3;399.3;399.3;1
2004.06.29 07:02;399.5;399.5;399.3;399.3;2
2004.06.29 07:03;399.3;399.3;399.3;399.3;1
2004.06.29 07:08;399.3;399.3;399.3;399.3;1
2004.06.29 07:12;399.3;399.3;399.3;399.3;1
2004.06.29 07:17;399.1;399.1;399.1;399.1;1
2004.06.29 07:18;399.1;399.1;399.1;399.1;1
2004.06.29 07:21;399.1;399.1;399.1;399.1;1
2004.06.29 07:22;399.1;399.1;399.1;399.1;1
2004.06.29 07:35;399.1;399.3;399.1;399.3;2
2004.06.29 07:37;399.6;399.6;399.6;399.6;1
2004.06.29 07:38;399.1;399.1;399.1;399.1;1
2004.06.29 07:46;399.1;399.1;399.1;399.1;1
2004.06.29 07:47;399.1;399.1;399.1;399.1;1
2004.06.29 07:48;399.1;399.3;399.1;399.3;2
2004.06.29 07:51;399.3;399.3;399;399;2
2004.06.29 07:53;398.8;399.1;398.8;398.8;3
2004.06.29 07:54;399.3;399.3;399.3;399.3;1
2004.06.29 07:57;399;399;398.8;398.8;2
2004.06.29 07:58;399.3;399.3;399.3;399.3;1
2004.06.29 08:00;398.8;398.8;398.8;398.8;1
2004.06.29 08:01;398.8;398.8;398.8;398.8;1
2004.06.29 08:07;398.6;398.8;398.6;398.8;2
2004.06.29 08:08;399.1;399.1;399.1;399.1;1
2004.06.29 08:10;398.6;398.6;398.6;398.6;1
2004.06.29 08:16;398.8;398.8;398.6;398.6;2
2004.06.29 08:17;398.6;398.8;398.6;398.6;3
2004.06.29 08:18;398.3;398.8;398.3;398.3;4
2004.06.29 08:21;398.8;398.8;398.8;398.8;1
2004.06.29 08:24;399;399;398.8;398.8;2
2004.06.29 08:28;399;399;398.8;398.8;2
2004.06.29 08:30;398.6;398.8;398.6;398.6;3
2004.06.29 08:31;398.8;398.8;398.8;398.8;1
2004.06.29 08:33;398.6;398.6;398.6;398.6;1
2004.06.29 08:36;398.5;398.5;398.5;398.5;1
2004.06.29 08:37;398.3;398.3;398.3;398.3;1
2004.06.29 08:40;398.3;398.3;398.3;398.3;1
2004.06.29 08:42;398.3;398.3;398.3;398.3;1
2004.06.29 08:43;398.3;398.3;398.3;398.3;1
2004.06.29 08:45;398.5;398.8;398.5;398.8;2
2004.06.29 08:46;398.5;398.5;398.5;398.5;1
2004.06.29 08:50;398.3;398.8;398.3;398.8;2
2004.06.29 08:52;398.5;398.8;398.5;398.8;2
2004.06.29 08:53;398.3;398.3;398.3;398.3;1
2004.06.29 08:54;398.5;398.5;398.5;398.5;1
2004.06.29 08:55;398.3;398.3;398.3;398.3;1
2004.06.29 08:56;398.5;398.5;398.5;398.5;1
2004.06.29 08:59;398.5;398.6;398.5;398.6;2
2004.06.29 09:00;398.6;398.6;398.5;398.6;3
2004.06.29 09:01;398.5;398.6;398.5;398.6;4
2004.06.29 09:02;398.5;398.5;398.3;398.5;3
2004.06.29 09:04;398.3;398.5;398.3;398.5;2
2004.06.29 09:08;398.3;399.1;398.3;399.1;2
2004.06.29 09:13;398.5;398.5;398.5;398.5;1
2004.06.29 09:14;398.6;398.8;398.6;398.6;4
2004.06.29 09:15;398.6;398.6;398.6;398.6;1
2004.06.29 09:16;398.6;398.6;398.5;398.5;2
2004.06.29 09:17;398.6;398.6;398.5;398.6;3
2004.06.29 09:18;399;399;398.8;398.8;2
2004.06.29 09:20;398.6;398.6;398.5;398.5;2
2004.06.29 09:21;398.3;398.5;398.3;398.5;2
2004.06.29 09:23;398.3;398.3;398.3;398.3;1
2004.06.29 09:26;398.5;398.5;398.3;398.3;2
2004.06.29 09:27;398.8;398.8;398.8;398.8;1
2004.06.29 09:28;398.3;398.3;398.3;398.3;1
2004.06.29 09:29;398.3;398.3;398.3;398.3;1
2004.06.29 09:30;398.3;398.6;398.3;398.6;3
2004.06.29 09:31;398.1;398.1;398.1;398.1;1
2004.06.29 09:32;398.6;398.8;398.6;398.6;3
2004.06.29 09:33;398;398.3;398;398.3;3
2004.06.29 09:34;398.3;398.3;398.3;398.3;1
2004.06.29 09:36;398.3;398.3;398.1;398.1;2
2004.06.29 09:39;397.3;397.5;397.3;397.3;3
2004.06.29 09:40;397.5;398;397.5;398;4
2004.06.29 09:41;398.1;398.1;398.1;398.1;1
2004.06.29 09:42;397.8;397.8;397.8;397.8;1
2004.06.29 09:44;397.5;397.5;397.5;397.5;1
2004.06.29 09:48;397.8;397.8;397.8;397.8;1
2004.06.29 09:55;397.3;397.3;397.3;397.3;1
2004.06.29 09:56;397.3;397.3;397.3;397.3;1
2004.06.29 09:58;397.5;397.5;397.3;397.3;2
2004.06.29 09:59;397.3;397.3;397.3;397.3;1
2004.06.29 10:04;397.3;397.5;397.1;397.3;4
2004.06.29 10:05;397.3;397.3;397.3;397.3;1
2004.06.29 10:12;397.3;397.3;397.3;397.3;1
2004.06.29 10:13;397.5;397.5;397.1;397.3;3
2004.06.29 10:14;397.1;397.1;397.1;397.1;1
2004.06.29 10:20;397.1;397.1;397.1;397.1;1
2004.06.29 10:22;397;397.1;397;397.1;2
2004.06.29 10:23;397;397;397;397;1
2004.06.29 10:25;397;397.1;396.8;397;5
2004.06.29 10:31;397;397.1;397;397.1;2
2004.06.29 10:35;397.1;397.1;397.1;397.1;1
2004.06.29 10:36;397.1;397.3;397.1;397.1;3
2004.06.29 10:37;397.3;397.3;397.3;397.3;1
2004.06.29 10:46;397.3;397.3;397.3;397.3;1
2004.06.29 10:47;397.3;397.3;397.3;397.3;1
2004.06.29 10:48;397.1;397.3;397.1;397.3;2
2004.06.29 10:52;397.1;397.3;397.1;397.3;2
2004.06.29 10:53;397.3;397.6;397.3;397.3;3
2004.06.29 10:58;397.3;397.5;397.3;397.5;2
2004.06.29 10:59;397.3;397.3;397.3;397.3;1
2004.06.29 11:03;396.8;397.1;396.8;396.8;4
2004.06.29 11:04;397;397;397;397;1
2004.06.29 11:07;397;397;396.8;396.8;2
2004.06.29 11:08;397;397;397;397;1
2004.06.29 11:13;396.8;396.8;396.8;396.8;1
2004.06.29 11:14;397;397;396.8;396.8;2
2004.06.29 11:20;396.6;396.6;396.6;396.6;1
2004.06.29 11:21;396.6;397;396.6;396.8;4
2004.06.29 11:22;396.6;396.8;396.6;396.8;2
2004.06.29 11:25;396.6;396.6;396.6;396.6;1
2004.06.29 11:30;396.8;396.8;396.8;396.8;1
2004.06.29 11:31;396.8;396.8;396.6;396.6;4
2004.06.29 11:32;396.5;396.6;396.5;396.6;2
2004.06.29 11:33;396.6;396.6;396.6;396.6;1
2004.06.29 11:36;396.3;396.5;396.1;396.1;4
2004.06.29 11:37;396.1;396.1;396.1;396.1;1
2004.06.29 11:40;396.1;396.1;396;396.1;3
2004.06.29 11:41;396;396;395.8;395.8;2
2004.06.29 11:42;395.8;395.8;395.8;395.8;1
2004.06.29 11:43;395.8;395.8;395.8;395.8;1
2004.06.29 11:45;395.8;396;395.8;396;2
2004.06.29 11:47;395.6;395.8;395.6;395.8;2
2004.06.29 11:48;396;396;396;396;1
2004.06.29 11:49;395.8;395.8;395.8;395.8;1
2004.06.29 11:51;395.6;395.6;395.3;395.3;4
2004.06.29 11:52;395.5;395.5;395.3;395.3;2
2004.06.29 11:54;395.3;395.5;395.3;395.3;3
2004.06.29 11:56;395.3;395.3;395.3;395.3;1
2004.06.29 12:02;395.3;395.3;395.3;395.3;1
2004.06.29 12:06;395.3;395.3;395.3;395.3;1
2004.06.29 12:11;395.6;395.8;395.6;395.6;3
2004.06.29 12:14;396.1;396.1;395.8;395.8;2
2004.06.29 12:15;396.1;396.1;396.1;396.1;1
2004.06.29 12:16;396.1;396.1;396.1;396.1;1
2004.06.29 12:20;396.1;396.1;396.1;396.1;1
2004.06.29 12:22;396.3;396.5;396.3;396.5;3
2004.06.29 12:23;396.3;396.3;396.3;396.3;1
2004.06.29 12:24;396.3;396.3;396.3;396.3;1
2004.06.29 12:30;396.5;396.5;396.5;396.5;1
2004.06.29 12:35;396.3;396.3;396.3;396.3;1
2004.06.29 12:41;396.1;396.1;396.1;396.1;1
2004.06.29 12:43;396.1;396.1;396;396.1;5
2004.06.29 12:44;396;396.1;396;396.1;2
2004.06.29 12:45;396;396.1;396;396;3
2004.06.29 12:51;396;396;396;396;1
2004.06.29 12:52;395.6;396;395.6;396;2
2004.06.29 12:58;395.8;396;395.8;395.8;3
2004.06.29 13:09;396.1;396.1;396.1;396.1;1
2004.06.29 13:10;396;396;396;396;1
2004.06.29 13:13;396;396;396;396;1
2004.06.29 13:14;396.1;396.1;395.8;396;6
2004.06.29 13:18;395.8;395.8;395.8;395.8;1
2004.06.29 13:21;396;396;395.8;395.8;2
2004.06.29 13:22;396;396;395.8;395.8;2
2004.06.29 13:25;395.8;396.1;395.8;396.1;3
2004.06.29 13:27;396;396;396;396;1
2004.06.29 13:42;396.3;396.6;396.3;396.3;3
2004.06.29 13:46;396.5;396.6;396.5;396.6;3
2004.06.29 13:48;396.6;396.6;396.6;396.6;1
2004.06.29 13:49;396.6;396.6;396.6;396.6;1
2004.06.29 13:52;396.8;396.8;396.8;396.8;1
2004.06.29 13:53;396.6;396.6;396.6;396.6;1
2004.06.29 13:57;396.8;397.1;396.8;396.8;3
2004.06.29 13:59;397;397;397;397;1
2004.06.29 14:00;396.8;396.8;396.8;396.8;1
2004.06.29 14:03;396.8;397;396.8;396.8;4
2004.06.29 14:04;396.8;396.8;396.8;396.8;1
2004.06.29 14:06;396.8;397;396.8;397;2
2004.06.29 14:07;396.8;396.8;396.8;396.8;1
2004.06.29 14:14;396.6;396.6;396.6;396.6;1
2004.06.29 14:18;396.8;396.8;396.8;396.8;1
2004.06.29 14:19;397.1;397.1;397.1;397.1;1
2004.06.29 14:20;397.3;397.5;397.1;397.1;4
2004.06.29 14:21;397.3;397.8;397.3;397.3;8
2004.06.29 14:22;397.6;397.8;397.1;397.3;27
2004.06.29 14:23;397.3;397.6;397.1;397.3;13
2004.06.29 14:24;397.3;397.6;397.3;397.6;4
2004.06.29 14:25;397.1;397.5;397.1;397.5;11
2004.06.29 14:26;397.3;397.8;397.1;397.8;10
2004.06.29 14:27;397.6;397.6;397.6;397.6;1
2004.06.29 14:28;397.1;397.3;397;397.3;9
2004.06.29 14:29;397.1;397.3;397.1;397.1;5
2004.06.29 14:30;397.6;397.6;397.6;397.6;1
2004.06.29 14:31;397.1;397.8;397.1;397.6;8
2004.06.29 14:32;397.8;397.8;397.8;397.8;1
2004.06.29 14:33;397.8;397.8;397.5;397.8;4
2004.06.29 14:34;397.8;397.8;397.3;397.8;3
2004.06.29 14:35;397.3;397.6;397.3;397.6;5
2004.06.29 14:36;397.5;397.8;397.3;397.8;4
2004.06.29 14:37;397.6;397.6;397.6;397.6;1
2004.06.29 14:38;397.1;397.5;397.1;397.3;7
2004.06.29 14:40;397.5;397.5;397.3;397.3;4
2004.06.29 14:41;397;397.1;396.8;397;8
2004.06.29 14:42;397.1;397.1;396.8;396.8;8
2004.06.29 14:43;397;397.1;396.8;397.1;5
2004.06.29 14:44;396.8;397;396.6;396.8;12
2004.06.29 14:45;397;397.3;396.8;397.1;4
2004.06.29 14:46;397;397.6;397;397.6;7
2004.06.29 14:47;397.5;397.5;397.1;397.1;4
2004.06.29 14:48;397.1;397.5;397;397.5;8
2004.06.29 14:49;397.3;397.3;397.3;397.3;1
2004.06.29 14:50;397;397.3;396.8;397.3;8
2004.06.29 14:51;396.8;397.1;396.8;397.1;2
2004.06.29 14:52;397.1;397.1;397.1;397.1;1
2004.06.29 14:53;396.8;397.3;396.8;397.3;6
2004.06.29 14:54;396.8;397.3;396.8;397.1;5
2004.06.29 14:55;397.1;397.3;397.1;397.3;2
2004.06.29 14:56;396.8;397.1;396.8;397.1;4
2004.06.29 14:57;397;397.1;397;397.1;2
2004.06.29 14:58;397;397.3;396.8;397.3;13
2004.06.29 14:59;396.8;397.1;396.8;397.1;3
2004.06.29 15:00;396.8;397.3;396.6;397.3;12
2004.06.29 15:01;397;397.3;397;397.3;2
2004.06.29 15:02;397.1;397.3;397;397;6
2004.06.29 15:03;397.1;397.6;397.1;397.3;5
2004.06.29 15:04;397.1;397.1;397;397;2
2004.06.29 15:05;397.1;397.3;396.8;397;9
2004.06.29 15:06;396.8;397.3;396.8;397.1;4
2004.06.29 15:07;397.1;397.1;396.8;396.8;3
2004.06.29 15:08;396.6;397.3;396.6;397.3;10
2004.06.29 15:09;397.3;397.3;397.3;397.3;1
2004.06.29 15:10;397;397.3;396.6;397.1;8
2004.06.29 15:11;397;397.1;396.8;397;5
2004.06.29 15:12;396.8;396.8;396.1;396.8;11
2004.06.29 15:13;396.3;396.6;396.1;396.6;9
2004.06.29 15:14;396.1;396.6;396.1;396.6;9
2004.06.29 15:15;396.3;396.3;395.8;395.8;2
2004.06.29 15:16;396;396.3;395.8;396.1;23
2004.06.29 15:17;396;396.5;396;396.5;3
2004.06.29 15:18;396.1;396.3;396.1;396.1;13
2004.06.29 15:19;396.1;396.3;396;396.3;9
2004.06.29 15:20;396;396.3;396;396.3;9
2004.06.29 15:21;396.3;396.6;396;396.6;12
2004.06.29 15:22;396.3;396.3;396.1;396.1;2
2004.06.29 15:23;396.1;396.6;396;396.6;8
2004.06.29 15:24;396.3;396.3;396.1;396.1;3
2004.06.29 15:25;396;396.5;395.8;396.3;7
2004.06.29 15:26;396.1;396.1;396.1;396.1;1
2004.06.29 15:27;396.3;396.3;396;396;3
2004.06.29 15:28;396.1;396.6;396.1;396.6;3
2004.06.29 15:29;396.1;396.5;396.1;396.1;10
2004.06.29 15:30;395.8;396.8;395.8;396.8;9
2004.06.29 15:31;396.3;396.8;396.3;396.8;8
2004.06.29 15:32;396.8;396.8;396.3;396.3;5
2004.06.29 15:33;396.8;396.8;396.1;396.3;5
2004.06.29 15:34;396.1;396.8;396.1;396.8;5
2004.06.29 15:35;396.6;396.6;396.3;396.3;5
2004.06.29 15:36;396.6;396.6;396.3;396.3;2
2004.06.29 15:37;396.1;396.5;396.1;396.1;14
2004.06.29 15:38;396.1;396.6;396.1;396.6;4
2004.06.29 15:39;396.1;396.6;396.1;396.3;6
2004.06.29 15:40;396.3;396.8;396.3;396.8;5
2004.06.29 15:41;396.3;396.8;396.3;396.6;7
2004.06.29 15:42;396.5;396.5;396.3;396.3;5
2004.06.29 15:43;396.3;396.3;396.3;396.3;1
2004.06.29 15:44;396.6;396.8;396.6;396.6;3
2004.06.29 15:45;396.8;396.8;396.6;396.6;2
2004.06.29 15:46;396.3;396.6;396.3;396.6;2
2004.06.29 15:47;396.1;396.6;396.1;396.1;5
2004.06.29 15:48;396;396.3;396;396.3;4
2004.06.29 15:49;396.1;396.5;396.1;396.5;4
2004.06.29 15:50;396.3;396.6;396.3;396.6;2
2004.06.29 15:51;396.1;396.8;396.1;396.6;3
2004.06.29 15:53;396.1;396.3;396.1;396.3;3
2004.06.29 15:54;396.1;396.6;396.1;396.3;6
2004.06.29 15:55;396;396;396;396;1
2004.06.29 15:56;396.1;396.6;396.1;396.1;8
2004.06.29 15:57;396.1;396.5;396;396.5;6
2004.06.29 15:58;396;396.3;395.8;396;6
2004.06.29 15:59;395.8;396.3;395.8;396.3;4
2004.06.29 16:00;395.8;396.3;395.5;395.5;11
2004.06.29 16:01;394.6;395.5;394.3;395.3;12
2004.06.29 16:02;394.8;395;394.8;394.8;9
2004.06.29 16:03;394.3;394.8;394.3;394.5;9
2004.06.29 16:04;394.6;394.6;394.6;394.6;1
2004.06.29 16:05;394.3;395.1;394.3;394.8;4
2004.06.29 16:06;395.1;395.1;394.3;394.3;5
2004.06.29 16:07;394.1;394.6;394.1;394.1;6
2004.06.29 16:08;393.8;394.1;393.6;393.6;16
2004.06.29 16:09;393.8;394.3;393.6;394.3;20
2004.06.29 16:10;393.8;394.5;393.8;394.5;12
2004.06.29 16:11;394.6;394.6;394.3;394.3;2
2004.06.29 16:12;394;394.3;393.6;394.1;23
2004.06.29 16:13;394.3;394.6;393.8;394.6;10
2004.06.29 16:14;394.3;394.8;394.1;394.8;9
2004.06.29 16:15;394.1;394.6;394;394.3;12
2004.06.29 16:16;394.6;394.6;394.3;394.3;3
2004.06.29 16:17;394.5;394.5;394.3;394.3;3
2004.06.29 16:18;393.8;394.1;393.6;394.1;8
2004.06.29 16:19;393.8;394.1;393.6;394.1;6
2004.06.29 16:20;394.3;394.3;393.6;394.1;6
2004.06.29 16:21;393.6;393.8;393.6;393.6;6
2004.06.29 16:22;393.8;394.1;393.6;394.1;11
2004.06.29 16:23;393.8;394.3;393.6;394.1;10
2004.06.29 16:24;394.1;394.3;394;394.3;10
2004.06.29 16:25;394.5;394.6;394.3;394.5;10
2004.06.29 16:26;394.5;394.8;394.3;394.6;10
2004.06.29 16:27;394.8;394.8;394.6;394.8;12
2004.06.29 16:28;395.1;395.1;394.6;395.1;9
2004.06.29 16:29;395.3;395.3;394.8;394.8;3
2004.06.29 16:30;394.6;395.1;394.6;395;3
2004.06.29 16:31;394.8;394.8;394.6;394.6;3
2004.06.29 16:32;394.5;394.8;394.3;394.8;5
2004.06.29 16:33;394.5;394.8;394.5;394.8;4
2004.06.29 16:34;394.6;394.6;394.1;394.1;5
2004.06.29 16:35;394.1;394.1;394.1;394.1;1
2004.06.29 16:36;394.1;394.1;394.1;394.1;1
2004.06.29 16:37;394.3;394.6;394.3;394.6;2
2004.06.29 16:38;394.5;394.6;394.3;394.3;3
2004.06.29 16:39;394;394.6;394;394.6;9
2004.06.29 16:40;394.1;394.3;394.1;394.3;7
2004.06.29 16:41;394.6;394.6;394.5;394.6;3
2004.06.29 16:42;394.8;394.8;394.8;394.8;1
2004.06.29 16:43;394.6;394.8;394.3;394.6;8
2004.06.29 16:44;394.6;394.8;394.5;394.5;5
2004.06.29 16:45;394.6;394.6;394.3;394.3;6
2004.06.29 16:46;394.6;394.8;394.6;394.8;3
2004.06.29 16:47;394.6;394.8;394.3;394.8;6
2004.06.29 16:48;394.3;394.8;394.3;394.8;2
2004.06.29 16:49;394.5;394.8;394.1;394.8;4
2004.06.29 16:50;394.6;394.8;394.6;394.8;2
2004.06.29 16:51;394.6;394.6;394.6;394.6;1
2004.06.29 16:52;394.1;394.5;394.1;394.5;3
2004.06.29 16:53;394;394.5;393.8;394.3;6
2004.06.29 16:54;394;394.3;393.8;394.3;5
2004.06.29 16:55;394.3;394.3;394;394.1;4
2004.06.29 16:56;394.1;394.3;394;394.1;6
2004.06.29 16:57;394.1;394.6;394;394.6;8
2004.06.29 16:58;394.8;394.8;394.6;394.6;6
2004.06.29 16:59;394.6;394.8;394.6;394.6;3
2004.06.29 17:00;394;394.5;394;394.3;3
2004.06.29 17:01;393.8;394.5;393.8;394.3;3
2004.06.29 17:02;393.8;394.3;393.8;394.1;3
2004.06.29 17:03;393.1;393.3;392.8;393.1;18
2004.06.29 17:04;393.1;393.8;393.1;393.5;10
2004.06.29 17:05;393.1;393.6;393.1;393.6;7
2004.06.29 17:06;393.6;393.6;393.3;393.5;4
2004.06.29 17:07;393.1;393.6;393.1;393.6;3
2004.06.29 17:08;393.3;393.5;393.1;393.3;8
2004.06.29 17:09;393.1;393.3;393.1;393.3;8
2004.06.29 17:10;393.3;393.3;393.1;393.3;5
2004.06.29 17:11;393.3;393.8;393.1;393.6;8
2004.06.29 17:12;393.8;393.8;393.3;393.8;6
2004.06.29 17:13;393.3;393.8;393.3;393.8;4
2004.06.29 17:14;393.8;393.8;393.8;393.8;1
2004.06.29 17:15;393.3;394.1;393.3;394.1;11
2004.06.29 17:16;393.6;394;393.6;394;8
2004.06.29 17:17;394.1;394.1;393.5;393.6;6
2004.06.29 17:18;393.8;394.1;393.8;393.8;3
2004.06.29 17:19;394.1;394.1;394;394.1;3
2004.06.29 17:20;393.6;393.8;393.5;393.8;3
2004.06.29 17:21;393.6;393.8;393.3;393.8;5
2004.06.29 17:22;393.5;393.6;393.3;393.6;3
2004.06.29 17:23;393.6;393.6;392.6;392.8;8
2004.06.29 17:24;392.8;392.8;390.8;390.8;16
2004.06.29 17:25;390.8;390.8;390.3;390.8;10
2004.06.29 17:26;391.3;391.8;391.3;391.8;8
2004.06.29 17:27;391.8;392;391.8;391.8;5
2004.06.29 17:28;391.5;391.8;391.5;391.8;9
2004.06.29 17:29;391.8;391.8;391.3;391.3;5
2004.06.29 17:30;391.6;391.6;391.5;391.5;6
2004.06.29 17:31;391;391.6;391;391.3;5
2004.06.29 17:32;391.1;391.3;391.1;391.3;2
2004.06.29 17:33;391.1;391.3;390.8;391.3;4
2004.06.29 17:34;391.3;391.3;391.3;391.3;1
2004.06.29 17:35;391.1;391.1;390.6;391.1;5
2004.06.29 17:36;391.1;391.3;391.1;391.3;3
2004.06.29 17:37;390.8;391.3;390.8;391.1;4
2004.06.29 17:38;391.3;391.3;390.8;390.8;2
2004.06.29 17:39;391;391.1;390.8;391;9
2004.06.29 17:40;390.8;391.3;390.8;391.3;5
2004.06.29 17:41;390.8;391.1;390.6;391.1;4
2004.06.29 17:42;391;391.1;390.8;390.8;4
2004.06.29 17:43;390.6;391.3;390.6;391.3;10
2004.06.29 17:44;390.8;391.3;390.8;391.3;5
2004.06.29 17:45;390.8;391;390.6;390.6;4
2004.06.29 17:46;390.8;391.1;390.8;391.1;2
2004.06.29 17:47;391;391.3;390.6;391.1;5
2004.06.29 17:48;391.3;391.6;391.3;391.6;3
2004.06.29 17:49;391.1;391.8;391.1;391.8;5
2004.06.29 17:50;391.8;391.8;391.3;391.8;5
2004.06.29 17:51;391.6;391.8;391.3;391.5;8
2004.06.29 17:52;391.6;392.1;391.6;392;8
2004.06.29 17:53;392.1;392.1;391.5;392.1;8
2004.06.29 17:54;391.3;391.8;391.3;391.8;3
2004.06.29 17:55;391.6;391.6;391.6;391.6;1
2004.06.29 17:56;391.8;392.1;391.6;391.6;4
2004.06.29 17:57;391.8;392.3;391.8;392.3;4
2004.06.29 17:58;392.1;392.1;392.1;392.1;1
2004.06.29 17:59;391.8;392.3;391.8;392.1;7
2004.06.29 18:00;392;392.3;392;392.3;4
2004.06.29 18:01;391.8;392.5;391.8;392.3;6
2004.06.29 18:02;392.5;392.5;392.5;392.5;1
2004.06.29 18:03;392.3;392.6;392.1;392.6;3
2004.06.29 18:04;392.3;392.6;392.3;392.6;5
2004.06.29 18:05;392.6;392.6;392.3;392.3;3
2004.06.29 18:06;392.6;392.6;392.6;392.6;1
2004.06.29 18:07;392.5;392.5;392.3;392.3;2
2004.06.29 18:09;392.3;392.6;392.3;392.5;3
2004.06.29 18:10;392.1;392.6;392.1;392.6;6
2004.06.29 18:11;392.6;392.6;392.6;392.6;1
2004.06.29 18:12;392.1;392.6;392.1;392.6;6
2004.06.29 18:13;392.1;392.6;392;392.6;4
2004.06.29 18:14;392.5;392.5;392;392;3
2004.06.29 18:15;391.8;392.3;391.8;392.3;5
2004.06.29 18:16;392;392;391.8;391.8;2
2004.06.29 18:17;392.1;392.1;391.5;391.6;6
2004.06.29 18:18;391.5;391.6;391.5;391.6;3
2004.06.29 18:19;391.5;391.8;391.3;391.8;3
2004.06.29 18:20;391.5;391.6;391.5;391.6;2
2004.06.29 18:21;391.3;391.6;391.1;391.6;5
2004.06.29 18:22;391.1;391.5;391.1;391.3;10
2004.06.29 18:23;391.1;391.5;391;391.5;6
2004.06.29 18:24;391.3;391.3;391.1;391.1;3
2004.06.29 18:25;391.3;391.3;391.1;391.1;2
2004.06.29 18:26;390.8;391.1;390.6;391.1;4
2004.06.29 18:27;391.3;391.6;391.3;391.3;6
2004.06.29 18:28;390.8;391;390.8;390.8;3
2004.06.29 18:29;391;391.3;390.8;391.1;16
2004.06.29 18:30;391.1;391.6;391.1;391.1;5
2004.06.29 18:31;391.6;391.6;391.6;391.6;1
2004.06.29 18:32;391.3;391.3;391.1;391.1;3
2004.06.29 18:33;391.1;391.3;391.1;391.3;3
2004.06.29 18:34;391;391.1;390.8;391.1;5
2004.06.29 18:35;391;391.3;391;391.3;2
2004.06.29 18:36;391.1;391.3;391.1;391.3;3
2004.06.29 18:37;391.1;391.6;391.1;391.5;7
2004.06.29 18:38;391.1;391.1;391.1;391.1;1
2004.06.29 18:39;391.3;391.6;391.3;391.6;2
2004.06.29 18:40;391.1;391.5;390.8;391.5;5
2004.06.29 18:41;391.6;391.6;391.3;391.5;3
2004.06.29 18:42;391.3;391.5;391.3;391.3;3
2004.06.29 18:43;391.1;391.6;391.1;391.6;2
2004.06.29 18:44;391.1;391.1;391.1;391.1;1
2004.06.29 18:45;391.3;391.5;391.1;391.5;5
2004.06.29 18:46;391.3;391.3;391.1;391.1;4
2004.06.29 18:47;391.5;391.5;391.5;391.5;1
2004.06.29 18:48;391.3;391.3;391.1;391.1;2
2004.06.29 18:49;391.3;391.3;391.3;391.3;1
2004.06.29 18:50;391.1;391.1;391.1;391.1;1
2004.06.29 18:51;391;391.5;391;391.3;4
2004.06.29 18:52;391.1;391.1;391;391.1;5
2004.06.29 18:53;391.1;391.6;391.1;391.3;5
2004.06.29 18:54;391.6;391.6;391.6;391.6;1
2004.06.29 18:55;391.1;391.1;391;391.1;4
2004.06.29 18:56;391.3;391.3;391.3;391.3;1
2004.06.29 18:57;391.1;391.6;391.1;391.5;3
2004.06.29 18:58;391.3;391.3;391.3;391.3;1
2004.06.29 18:59;391.6;391.6;391.3;391.5;5
2004.06.29 19:00;392.1;392.1;392;392;2
2004.06.29 19:01;391.8;391.8;391.5;391.8;4
2004.06.29 19:02;391.8;391.8;391.6;391.6;3
2004.06.29 19:03;391.8;391.8;391.6;391.8;3
2004.06.29 19:04;391.5;391.8;391.5;391.8;3
2004.06.29 19:05;391.6;391.8;391.3;391.8;6
2004.06.29 19:06;392.1;392.1;392.1;392.1;1
2004.06.29 19:07;391.8;392;391.5;391.8;4
2004.06.29 19:08;392;392;391.8;391.8;2
2004.06.29 19:09;391.8;392;391.6;392;5
2004.06.29 19:10;391.8;392.1;391.6;392.1;7
2004.06.29 19:11;391.8;392.3;391.8;392.3;4
2004.06.29 19:12;392.1;392.1;391.8;392.1;3
2004.06.29 19:13;392.3;392.3;391.6;391.6;5
2004.06.29 19:14;391.8;392;391.8;391.8;3
2004.06.29 19:15;391.6;391.6;391.6;391.6;1
2004.06.29 19:16;391.8;392.1;391.6;392;7
2004.06.29 19:17;391.8;392;391.3;391.8;6
2004.06.29 19:18;391.6;391.8;391.5;391.5;4
2004.06.29 19:19;391.3;391.8;391.1;391.8;7
2004.06.29 19:20;391.3;391.8;391.3;391.6;3
2004.06.29 19:21;391.3;391.6;391.1;391.5;6
2004.06.29 19:22;391.3;391.5;391.3;391.5;2
2004.06.29 19:23;391.3;391.6;391.1;391.6;5
2004.06.29 19:24;391;391.3;391;391.3;2
2004.06.29 19:25;391.1;391.6;391.1;391.6;4
2004.06.29 19:26;391.1;391.8;391.1;391.8;5
2004.06.29 19:27;391.6;391.8;391.3;391.3;7
2004.06.29 19:28;391.3;391.3;391.1;391.1;5
2004.06.29 19:29;391.3;392.1;391.3;391.8;6
2004.06.29 19:30;391.3;391.3;391.3;391.3;1
2004.06.29 19:34;391.6;391.8;391.6;391.8;2
2004.06.29 19:35;391.5;392;391.5;392;3
2004.06.29 19:36;391.6;392;391.6;392;4
2004.06.29 19:37;392.1;392.3;392.1;392.1;4
2004.06.29 19:38;392;392;392;392;1
2004.06.29 19:39;392.1;392.1;392.1;392.1;1
2004.06.29 19:43;391.8;391.8;391.8;391.8;1
2004.06.29 19:45;391.8;391.8;391.8;391.8;1
2004.06.29 19:46;391.8;391.8;391.8;391.8;1
2004.06.29 19:49;391.8;391.8;391.8;391.8;1
2004.06.29 19:54;391.5;391.5;391.3;391.3;2
2004.06.29 19:55;391.8;391.8;391.8;391.8;1
2004.06.29 20:00;391.8;391.8;391.8;391.8;1
2004.06.29 20:03;391.8;391.8;391.8;391.8;1
2004.06.29 20:08;391.5;391.5;391.5;391.5;1
2004.06.29 20:10;391.3;391.3;391.3;391.3;1
2004.06.29 20:19;391.3;391.3;391.3;391.3;1
2004.06.29 20:20;391.3;391.3;391.3;391.3;1
2004.06.29 20:27;392;392;392;392;1
2004.06.29 20:28;391.5;391.8;391.5;391.8;2
2004.06.29 20:36;391.5;391.5;391.5;391.5;1
2004.06.29 20:37;391.3;391.3;391.3;391.3;1
2004.06.29 20:38;391.5;391.5;391.3;391.3;2
2004.06.29 20:41;391.3;391.8;391.3;391.6;3
2004.06.29 20:42;391.3;391.8;391.3;391.8;2
2004.06.29 20:46;391.6;391.6;391.6;391.6;1
2004.06.29 20:47;391.8;391.8;391.8;391.8;1
2004.06.29 20:48;391.6;391.6;391.6;391.6;1
2004.06.29 20:49;391.6;391.6;391.6;391.6;1
2004.06.29 20:51;391.3;391.3;391.3;391.3;1
2004.06.29 20:52;391.8;391.8;391.6;391.6;2
2004.06.29 20:54;391.6;391.6;391.6;391.6;1
2004.06.29 21:01;391.5;391.5;391.5;391.5;1
2004.06.29 21:02;391.3;391.3;391.3;391.3;1
2004.06.29 21:03;391.8;391.8;391.8;391.8;1
2004.06.29 21:12;391.8;391.8;391.8;391.8;1
2004.06.29 21:14;391.6;391.6;391.6;391.6;1
2004.06.29 21:16;391.3;391.3;391.3;391.3;1
2004.06.29 21:17;391.3;391.3;391.3;391.3;1
2004.06.29 21:19;391.5;391.5;391.3;391.3;2
2004.06.29 21:20;391.5;391.5;391.5;391.5;1
2004.06.29 21:22;391.3;391.8;391.3;391.8;2
2004.06.29 21:38;391.8;391.8;391.8;391.8;1
2004.06.29 21:40;391.5;391.5;391.5;391.5;1
2004.06.29 21:42;391.6;391.6;391.6;391.6;1
2004.06.29 21:47;391.8;391.8;391.8;391.8;1
2004.06.29 21:53;391.6;391.6;391.6;391.6;1
2004.06.29 21:56;391.8;391.8;391.8;391.8;1
2004.06.29 21:58;391.5;391.5;391.5;391.5;1
2004.06.29 21:59;391.3;391.3;391.3;391.3;1
2004.06.29 22:10;391.5;391.5;391.3;391.3;2
2004.06.29 22:13;391.5;391.5;391.3;391.3;2
2004.06.29 22:14;391.8;391.8;391.8;391.8;1
2004.06.29 22:16;391.5;391.5;391.3;391.3;2
2004.06.29 22:38;391.5;391.5;391.5;391.5;1
2004.06.29 22:39;391.3;391.3;391.3;391.3;1
2004.06.29 22:42;391.5;391.5;391.3;391.3;2
2004.06.29 22:53;392.1;392.1;392.1;392.1;1
2004.06.29 23:03;391.1;391.3;391.1;391.3;2
2004.06.29 23:04;391.5;391.5;391.5;391.5;1
2004.06.29 23:07;391.8;391.8;391.8;391.8;1
2004.06.29 23:09;391.5;391.5;391.5;391.5;1
2004.06.29 23:10;391.3;391.3;391.3;391.3;1
2004.06.29 23:40;391.5;391.5;391.5;391.5;1
2004.06.29 23:41;391.3;391.3;391.3;391.3;1
2004.06.30 01:17;391.5;391.5;391.5;391.5;1
2004.06.30 01:18;391.3;391.3;391.3;391.3;1
2004.06.30 01:31;391.5;391.5;391.5;391.5;1
2004.06.30 01:32;391.3;391.3;391.3;391.3;1
2004.06.30 01:37;391.3;391.3;391.3;391.3;1
2004.06.30 01:38;391.3;391.3;391.3;391.3;1
2004.06.30 01:39;391.5;391.5;391.3;391.3;2
2004.06.30 01:42;391.5;391.5;391.5;391.5;1
2004.06.30 01:43;391.3;391.3;391.3;391.3;1
2004.06.30 01:44;391.5;391.5;391.5;391.5;1
2004.06.30 01:55;391.5;391.5;391.5;391.5;1
2004.06.30 01:57;391.5;391.5;391.5;391.5;1
2004.06.30 01:58;391.3;391.3;391.3;391.3;1
2004.06.30 02:02;391.5;391.5;391.3;391.3;2
2004.06.30 02:04;391.1;391.1;391.1;391.1;1
2004.06.30 02:05;392;392.1;391.3;392;4
2004.06.30 02:13;392.3;392.3;392.3;392.3;1
2004.06.30 02:14;392.3;392.5;392.1;392.5;3
2004.06.30 02:15;392.6;392.6;392.6;392.6;1
2004.06.30 02:16;392.5;392.5;392.5;392.5;1
2004.06.30 02:19;393;393;393;393;1
2004.06.30 02:24;392.8;392.8;392.1;392.1;3
2004.06.30 02:25;392.3;392.3;392.1;392.3;3
2004.06.30 02:26;392.1;392.1;392.1;392.1;1
2004.06.30 02:27;392.5;392.5;392.5;392.5;1
2004.06.30 02:29;392.3;392.3;392.1;392.3;3
2004.06.30 02:30;392.1;392.3;392.1;392.3;2
2004.06.30 02:31;392.1;392.1;392.1;392.1;1
2004.06.30 02:34;392.1;392.3;392.1;392.3;2
2004.06.30 02:36;392.1;392.1;392.1;392.1;1
2004.06.30 02:38;392.3;392.3;392.3;392.3;1
2004.06.30 02:39;392.5;392.6;392.5;392.5;3
2004.06.30 02:42;392.1;392.1;392.1;392.1;1
2004.06.30 02:47;392.3;392.3;392.3;392.3;1
2004.06.30 02:48;392.1;392.1;392.1;392.1;1
2004.06.30 02:49;392.3;392.3;392.3;392.3;1
2004.06.30 02:51;392.1;392.1;392.1;392.1;1
2004.06.30 02:58;392.3;392.3;392.3;392.3;1
2004.06.30 02:59;392.1;392.1;392.1;392.1;1
2004.06.30 03:04;392.3;392.3;392.1;392.1;2
2004.06.30 03:07;392.1;392.1;392.1;392.1;1
2004.06.30 03:08;392.1;392.3;392.1;392.3;2
2004.06.30 03:09;392.1;392.3;392.1;392.3;4
2004.06.30 03:12;392.1;392.1;392.1;392.1;1
2004.06.30 03:13;392.1;392.3;392.1;392.1;3
2004.06.30 03:16;392.1;392.1;392.1;392.1;1
2004.06.30 03:18;391.8;391.8;391.8;391.8;1
2004.06.30 03:26;391.8;391.8;391.8;391.8;1
2004.06.30 03:27;392;392;392;392;1
2004.06.30 03:35;391.8;392;391.8;392;2
2004.06.30 03:53;392.3;392.3;392.1;392.3;3
2004.06.30 03:54;392.1;392.3;392.1;392.3;2
2004.06.30 03:55;392.1;392.1;392.1;392.1;1
2004.06.30 04:09;392.1;392.1;392.1;392.1;1
2004.06.30 04:12;392.1;392.1;392;392;3
2004.06.30 04:13;392.1;392.1;392.1;392.1;1
2004.06.30 04:14;392.1;392.1;392.1;392.1;1
2004.06.30 04:17;392;392.1;392;392.1;2
2004.06.30 04:29;392.1;392.1;392.1;392.1;1
2004.06.30 04:30;392.1;392.1;392.1;392.1;1
2004.06.30 04:32;392;392;392;392;1
2004.06.30 04:39;391.8;391.8;391.8;391.8;1
2004.06.30 04:43;391.8;391.8;391.8;391.8;1
2004.06.30 04:55;391.8;391.8;391.8;391.8;1
2004.06.30 04:59;391.8;391.8;391.8;391.8;1
2004.06.30 05:01;391.8;391.8;391.8;391.8;1
2004.06.30 05:05;391.8;391.8;391.8;391.8;1
2004.06.30 05:07;391.8;391.8;391.8;391.8;1
2004.06.30 05:08;391.8;391.8;391.8;391.8;1
2004.06.30 05:09;391.8;391.8;391.8;391.8;1
2004.06.30 05:12;391.8;391.8;391.8;391.8;1
2004.06.30 05:13;391.8;391.8;391.8;391.8;1
2004.06.30 05:14;391.8;391.8;391.8;391.8;1
2004.06.30 05:16;391.8;391.8;391.8;391.8;1
2004.06.30 05:18;391.8;391.8;391.8;391.8;1
2004.06.30 05:20;391.8;391.8;391.8;391.8;1
2004.06.30 05:25;391.8;391.8;391.8;391.8;1
2004.06.30 05:27;391.8;391.8;391.8;391.8;1
2004.06.30 05:30;392;392;392;392;1
2004.06.30 05:45;391.6;391.6;391.6;391.6;1
2004.06.30 05:46;391.8;391.8;391.6;391.6;2
2004.06.30 05:49;391.8;391.8;391.6;391.6;2
2004.06.30 05:52;391.6;391.8;391.5;391.5;3
2004.06.30 05:53;391.3;391.5;391.3;391.3;3
2004.06.30 05:54;391.5;391.6;391.5;391.6;2
2004.06.30 05:57;391.3;391.5;391.3;391.5;3
2004.06.30 05:58;391.3;391.3;391.3;391.3;1
2004.06.30 05:59;391.8;391.8;391.3;391.5;4
2004.06.30 06:01;391.3;391.3;391.3;391.3;1
2004.06.30 06:09;391.3;391.3;391.3;391.3;1
2004.06.30 06:10;391.3;391.3;391.3;391.3;1
2004.06.30 06:11;391.5;391.5;391.5;391.5;1
2004.06.30 06:13;391.3;391.3;391.3;391.3;1
2004.06.30 06:14;391.6;391.6;391.3;391.3;2
2004.06.30 06:16;391.5;391.5;391.3;391.3;2
2004.06.30 06:18;391.3;391.3;391.3;391.3;1
2004.06.30 06:39;391.8;391.8;391.8;391.8;1
2004.06.30 06:43;391.8;392.1;391.6;392.1;5
2004.06.30 06:45;392;392;392;392;1
2004.06.30 06:46;392.3;392.3;392.3;392.3;1
2004.06.30 06:48;391.6;392.1;391.6;392.1;2
2004.06.30 06:51;391.8;392.3;391.6;392.3;7
2004.06.30 06:52;392.3;392.3;392.3;392.3;1
2004.06.30 06:55;391.6;392.1;391.6;392.1;3
2004.06.30 06:56;392;392.1;392;392;3
2004.06.30 07:00;391.8;392.1;391.8;392.1;4
2004.06.30 07:01;392.3;392.3;392.3;392.3;1
2004.06.30 07:02;391.8;391.8;391.8;391.8;1
2004.06.30 07:05;392;392;392;392;1
2004.06.30 07:08;391.8;392;391.8;391.8;4
2004.06.30 07:10;392;392.3;392;392.3;2
2004.06.30 07:12;392;392;392;392;1
2004.06.30 07:15;391.8;391.8;391.8;391.8;1
2004.06.30 07:17;392;392;392;392;1
2004.06.30 07:19;392.3;392.3;392.3;392.3;1
2004.06.30 07:30;392.3;392.5;392.3;392.5;2
2004.06.30 07:31;392.3;392.3;392.1;392.1;2
2004.06.30 07:32;392.3;392.3;392.3;392.3;1
2004.06.30 07:33;392;392;392;392;1
2004.06.30 07:37;392.3;392.3;392.3;392.3;1
2004.06.30 07:38;392.1;392.3;392.1;392.3;2
2004.06.30 07:40;392.3;392.5;392.1;392.5;6
2004.06.30 07:41;392.6;392.6;392.6;392.6;1
2004.06.30 07:42;392.1;392.1;392.1;392.1;1
2004.06.30 07:43;392.5;392.5;392.5;392.5;1
2004.06.30 07:45;392.3;393;392.1;393;4
2004.06.30 07:46;392.6;392.6;392.6;392.6;1
2004.06.30 07:47;392.5;392.5;392.5;392.5;1
2004.06.30 07:49;392.6;392.6;392.6;392.6;1
2004.06.30 07:50;393.1;393.1;393.1;393.1;1
2004.06.30 07:54;392.5;393;392.5;392.8;4
2004.06.30 07:55;392.8;392.8;392.8;392.8;1
2004.06.30 07:56;392.3;392.3;392.3;392.3;1
2004.06.30 07:57;392.3;392.3;392.3;392.3;1
2004.06.30 07:58;392.3;392.3;392.3;392.3;1
2004.06.30 07:59;392.3;392.6;392.3;392.6;2
2004.06.30 08:00;392.6;392.6;392.3;392.3;2
2004.06.30 08:03;392.1;392.1;392.1;392.1;1
2004.06.30 08:05;392.3;392.3;392.1;392.1;2
2004.06.30 08:06;392.3;392.3;392.3;392.3;1
2004.06.30 08:07;392.1;392.1;392;392;2
2004.06.30 08:10;392.3;392.3;392.3;392.3;1
2004.06.30 08:12;392.1;392.1;392.1;392.1;1
2004.06.30 08:16;392.1;392.3;392.1;392.3;2
2004.06.30 08:18;392.1;392.1;392;392;4
2004.06.30 08:20;391.8;391.8;391.8;391.8;1
2004.06.30 08:23;391.8;392;391.8;392;2
2004.06.30 08:24;391.8;392;391.8;392;2
2004.06.30 08:26;392.3;392.3;392.3;392.3;1
2004.06.30 08:27;392.3;392.3;392.3;392.3;1
2004.06.30 08:28;392.3;392.3;392.3;392.3;1
2004.06.30 08:29;392.6;392.6;392.6;392.6;1
2004.06.30 08:31;392.3;392.3;392.3;392.3;1
2004.06.30 08:32;392;392;392;392;1
2004.06.30 08:33;392.1;392.1;392;392;2
2004.06.30 08:34;391.8;392.1;391.8;392.1;2
2004.06.30 08:36;392;392.3;391.8;392.3;3
2004.06.30 08:37;392.1;392.1;392.1;392.1;1
2004.06.30 08:39;391.6;391.8;391.6;391.8;2
2004.06.30 08:41;392;392;392;392;1
2004.06.30 08:44;391.8;391.8;391.8;391.8;1
2004.06.30 08:45;391.6;391.6;391.6;391.6;1
2004.06.30 08:48;391.6;391.6;391.6;391.6;1
2004.06.30 08:49;391.6;391.6;391.6;391.6;1
2004.06.30 08:53;391.8;391.8;391.8;391.8;1
2004.06.30 08:54;391.6;391.8;391.6;391.8;2
2004.06.30 08:55;391.8;391.8;391.5;391.5;2
2004.06.30 08:57;391.3;391.3;391.3;391.3;1
2004.06.30 08:58;391.5;391.5;391.3;391.3;4
2004.06.30 08:59;391.3;391.3;391.3;391.3;1
2004.06.30 09:00;391.6;391.6;391.6;391.6;1
2004.06.30 09:01;391.6;391.6;391.6;391.6;1
2004.06.30 09:03;391.3;391.3;391.3;391.3;1
2004.06.30 09:04;391.3;391.3;391.3;391.3;1
2004.06.30 09:05;391.3;391.3;391.3;391.3;1
2004.06.30 09:07;391.1;391.3;391.1;391.3;2
2004.06.30 09:08;391.3;391.6;391.1;391.6;7
2004.06.30 09:09;391.3;391.3;391.3;391.3;1
2004.06.30 09:11;391.3;391.3;391.1;391.1;2
2004.06.30 09:12;391.3;391.3;391.3;391.3;1
2004.06.30 09:13;391.3;391.3;391.3;391.3;1
2004.06.30 09:14;391.3;391.8;391.3;391.8;4
2004.06.30 09:17;391.5;391.6;391.5;391.6;2
2004.06.30 09:18;391.6;392.1;391.6;392.1;4
2004.06.30 09:20;391.8;391.8;391.8;391.8;1
2004.06.30 09:21;391.6;391.8;391.6;391.8;2
2004.06.30 09:22;391.6;391.8;391.6;391.8;2
2004.06.30 09:23;391.6;391.6;391.6;391.6;1
2004.06.30 09:24;391.8;391.8;391.8;391.8;1
2004.06.30 09:25;392.3;392.3;392.3;392.3;1
2004.06.30 09:27;391.8;391.8;391.8;391.8;1
2004.06.30 09:28;391.8;392.1;391.8;392.1;2
2004.06.30 09:32;391.8;391.8;391.8;391.8;1
2004.06.30 09:36;391.8;391.8;391.8;391.8;1
2004.06.30 09:38;392.3;392.3;391.8;391.8;2
2004.06.30 09:41;392.1;392.1;391.8;391.8;2
2004.06.30 09:42;392.1;392.1;392.1;392.1;1
2004.06.30 09:43;392.3;392.6;392.3;392.6;6
2004.06.30 09:45;392.1;392.1;392.1;392.1;1
2004.06.30 09:46;392.3;392.3;392.3;392.3;1
2004.06.30 09:52;392.3;392.5;392.3;392.5;2
2004.06.30 09:55;392.3;392.6;392.3;392.6;5
2004.06.30 09:59;392.5;392.5;392.3;392.3;2
2004.06.30 10:01;392.5;392.5;392.5;392.5;1
2004.06.30 10:02;392.8;392.8;392.8;392.8;1
2004.06.30 10:08;392.3;392.3;392.3;392.3;1
2004.06.30 10:09;392.3;392.3;392.3;392.3;1
2004.06.30 10:10;392.3;392.3;392.3;392.3;1
2004.06.30 10:15;392.3;392.3;392.3;392.3;1
2004.06.30 10:17;392.3;392.3;392.3;392.3;1
2004.06.30 10:19;392.3;392.8;392.3;392.8;3
2004.06.30 10:20;392.8;392.8;392.6;392.6;3
2004.06.30 10:27;392.3;392.8;392.3;392.8;4
2004.06.30 10:31;392.5;392.6;392.5;392.6;2
2004.06.30 10:32;392.8;392.8;392.8;392.8;1
2004.06.30 10:33;392.8;392.8;392.8;392.8;1
2004.06.30 10:35;392.6;392.6;392.6;392.6;1
2004.06.30 10:37;392.6;392.6;392.6;392.6;1
2004.06.30 10:40;392.8;392.8;392.6;392.6;2
2004.06.30 10:41;392.6;392.6;392.6;392.6;1
2004.06.30 10:42;393.1;393.1;393.1;393.1;1
2004.06.30 10:43;392.8;392.8;392.6;392.6;3
2004.06.30 10:44;392.6;392.6;392.6;392.6;1
2004.06.30 10:45;393.1;393.1;393.1;393.1;1
2004.06.30 10:46;392.8;392.8;392.8;392.8;1
2004.06.30 10:51;392.8;392.8;392.8;392.8;1
2004.06.30 10:55;392.8;392.8;392.8;392.8;1
2004.06.30 10:57;393.1;393.1;393.1;393.1;1
2004.06.30 11:00;393.1;393.1;393.1;393.1;1
2004.06.30 11:01;393.3;393.3;393.3;393.3;1
2004.06.30 11:02;393.3;393.3;393.3;393.3;1
2004.06.30 11:04;393.6;393.6;393.6;393.6;1
2004.06.30 11:09;393.3;393.3;393.3;393.3;1
2004.06.30 11:10;393.1;393.1;393.1;393.1;1
2004.06.30 11:17;393.3;393.3;393.3;393.3;1
2004.06.30 11:19;393.3;393.3;393.3;393.3;1
2004.06.30 11:26;393.1;393.1;393.1;393.1;1
2004.06.30 11:31;393.1;393.3;393.1;393.3;2
2004.06.30 11:34;393.5;393.5;393.3;393.3;2
2004.06.30 11:35;393.1;393.1;393.1;393.1;1
2004.06.30 12:13;393.3;393.3;393.3;393.3;1
2004.06.30 12:19;393.6;393.6;393.6;393.6;1
2004.06.30 12:25;393.3;393.3;393.3;393.3;1
2004.06.30 12:32;393.3;393.3;393.3;393.3;1
2004.06.30 12:33;393.6;393.6;393.6;393.6;1
2004.06.30 12:39;393.6;393.6;393.6;393.6;1
2004.06.30 12:42;393.8;393.8;393.8;393.8;1
2004.06.30 12:43;393.6;393.6;393.6;393.6;1
2004.06.30 12:44;393.8;393.8;393.8;393.8;1
2004.06.30 12:45;393.8;393.8;393.8;393.8;1
2004.06.30 12:47;394.1;394.1;393.8;393.8;2
2004.06.30 12:52;393.8;393.8;393.8;393.8;1
2004.06.30 12:53;393.8;394;393.8;394;2
2004.06.30 12:54;393.8;393.8;393.8;393.8;1
2004.06.30 12:55;394.3;394.3;394.3;394.3;1
2004.06.30 12:58;393.8;393.8;393.8;393.8;1
2004.06.30 12:59;394.1;394.1;394.1;394.1;1
2004.06.30 13:06;393.6;393.6;393.6;393.6;1
2004.06.30 13:09;394;394.1;394;394.1;2
2004.06.30 13:10;393.8;393.8;393.8;393.8;1
2004.06.30 13:11;393.6;393.6;393.6;393.6;1
2004.06.30 13:13;393.5;393.5;393.5;393.5;1
2004.06.30 13:15;394;394;393.8;393.8;2
2004.06.30 13:19;394.1;394.1;394.1;394.1;1
2004.06.30 13:24;393.6;393.6;393.6;393.6;1
2004.06.30 13:27;393.6;393.6;393.6;393.6;1
2004.06.30 13:28;393.6;393.6;393.6;393.6;1
2004.06.30 13:39;393.8;393.8;393.8;393.8;1
2004.06.30 13:40;393.8;393.8;393.8;393.8;1
2004.06.30 13:41;393.6;393.6;393.5;393.6;3
2004.06.30 13:42;393.5;393.6;393.3;393.6;4
2004.06.30 13:43;393.3;393.3;393.3;393.3;1
2004.06.30 13:45;393.8;393.8;393.8;393.8;1
2004.06.30 13:50;393.8;393.8;393.8;393.8;1
2004.06.30 13:55;393.8;393.8;393.8;393.8;1
2004.06.30 13:58;394.1;394.1;394.1;394.1;1
2004.06.30 14:00;393.3;393.8;393.3;393.8;2
2004.06.30 14:02;393.6;393.6;393.3;393.3;2
2004.06.30 14:08;393.6;393.6;393.6;393.6;1
2004.06.30 14:09;393.3;393.3;393.1;393.1;2
2004.06.30 14:10;393.3;393.3;393.3;393.3;1
2004.06.30 14:11;393.3;393.3;393.3;393.3;1
2004.06.30 14:12;393.3;393.3;393.3;393.3;1
2004.06.30 14:20;393.3;393.8;393.3;393.8;6
2004.06.30 14:21;393.8;393.8;393.8;393.8;1
2004.06.30 14:22;393.8;393.8;393.3;393.8;7
2004.06.30 14:23;393.8;394;393.8;394;2
2004.06.30 14:24;394.1;394.1;393.8;394.1;6
2004.06.30 14:25;394;394.1;393.8;394.1;7
2004.06.30 14:26;394;394;393.5;393.6;5
2004.06.30 14:27;393.3;393.6;393.3;393.5;3
2004.06.30 14:28;393.3;393.6;393.1;393.5;15
2004.06.30 14:29;393.3;393.3;393.3;393.3;1
2004.06.30 14:30;393.1;393.5;393.1;393.3;8
2004.06.30 14:31;393.3;393.6;393.1;393.6;10
2004.06.30 14:32;393.1;393.6;393;393.6;7
2004.06.30 14:33;393.5;393.8;393.3;393.8;8
2004.06.30 14:34;393.8;393.8;393.6;393.6;2
2004.06.30 14:35;393.3;393.5;393;393.5;10
2004.06.30 14:36;393.6;393.6;392.8;392.8;4
2004.06.30 14:37;393;393.3;392.8;392.8;7
2004.06.30 14:38;392.8;393;392.5;393;14
2004.06.30 14:39;393.1;393.1;392.6;393;6
2004.06.30 14:40;392.8;393;392.8;392.8;3
2004.06.30 14:41;393;393.1;392.8;393.1;6
2004.06.30 14:42;393;393.3;392.6;393.3;10
2004.06.30 14:43;393.1;393.3;393.1;393.1;7
2004.06.30 14:44;393.3;393.3;393.1;393.3;7
2004.06.30 14:45;393.1;393.3;393.1;393.1;6
2004.06.30 14:46;393;393.3;393;393.3;2
2004.06.30 14:47;392.8;393.3;392.6;393.3;4
2004.06.30 14:48;393.1;393.3;393.1;393.3;2
2004.06.30 14:49;393.1;393.1;393;393.1;5
2004.06.30 14:50;393.1;393.1;393.1;393.1;1
2004.06.30 14:51;392.8;393.1;392.8;393.1;4
2004.06.30 14:52;393.3;393.3;393.1;393.1;4
2004.06.30 14:53;393;393;392.8;392.8;2
2004.06.30 14:54;392.8;393.1;392.8;393.1;2
2004.06.30 14:55;393;393.1;392.8;393.1;7
2004.06.30 14:56;392.8;393.3;392.8;393.1;8
2004.06.30 14:57;393.3;393.6;393.3;393.3;6
2004.06.30 14:58;393.6;393.8;393.3;393.6;4
2004.06.30 14:59;393.3;393.6;393.3;393.3;4
2004.06.30 15:00;392.8;393.3;392.8;393.3;3
2004.06.30 15:01;393.3;393.3;392.8;393.1;4
2004.06.30 15:02;392.8;393.6;392.8;393.5;9
2004.06.30 15:03;393.6;393.8;393.1;393.8;6
2004.06.30 15:04;393.6;393.6;393.6;393.6;1
2004.06.30 15:05;393.3;393.6;393.1;393.3;8
2004.06.30 15:06;393.5;393.6;393.5;393.6;2
2004.06.30 15:07;393.3;393.5;393.1;393.5;5
2004.06.30 15:08;393.3;393.8;393.1;393.6;4
2004.06.30 15:09;393.1;393.5;393.1;393.3;3
2004.06.30 15:10;393.1;393.6;393;393.5;9
2004.06.30 15:11;393.8;394.3;393.8;394.3;5
2004.06.30 15:12;394.6;394.6;394.3;394.3;4
2004.06.30 15:13;394.1;394.3;394.1;394.1;5
2004.06.30 15:14;394.3;394.3;394.1;394.1;16
2004.06.30 15:15;394.3;394.6;394.3;394.5;15
2004.06.30 15:16;394.6;394.6;394.3;394.6;8
2004.06.30 15:17;394.6;395.3;394.6;395.1;24
2004.06.30 15:18;394.8;394.8;394.8;394.8;1
2004.06.30 15:19;395.1;395.1;395;395.1;5
2004.06.30 15:20;395.3;395.8;395;395.8;20
2004.06.30 15:21;395.6;395.8;395;395;18
2004.06.30 15:22;395.3;395.3;394.8;395.3;5
2004.06.30 15:23;395.1;395.3;395;395;7
2004.06.30 15:24;395.3;395.3;394.8;395.1;11
2004.06.30 15:25;395.1;395.3;395.1;395.1;15
2004.06.30 15:26;395.1;395.3;395.1;395.3;11
2004.06.30 15:27;395.1;395.1;394.8;395;5
2004.06.30 15:28;395.1;395.5;394.8;395.3;8
2004.06.30 15:29;395.5;395.6;395.3;395.3;4
2004.06.30 15:30;395.1;395.6;395.1;395.6;12
2004.06.30 15:31;395.3;395.6;395.1;395.6;16
2004.06.30 15:32;395.3;395.6;395.1;395.5;7
2004.06.30 15:33;395.6;395.6;395.5;395.5;2
2004.06.30 15:35;395.1;395.6;395.1;395.6;3
2004.06.30 15:36;395.1;395.3;395;395.1;5
2004.06.30 15:37;395.3;395.5;395.1;395.5;13
2004.06.30 15:38;395.3;395.5;395.3;395.5;3
2004.06.30 15:39;395.3;395.5;395.1;395.1;5
2004.06.30 15:40;395.1;395.1;394.8;395.1;11
2004.06.30 15:41;395;395.5;395;395.3;12
2004.06.30 15:42;395.1;395.6;395.1;395.6;6
2004.06.30 15:43;395.8;395.8;395.6;395.6;3
2004.06.30 15:44;395.6;396.1;395.3;396;8
2004.06.30 15:45;396.3;396.3;395.8;395.8;3
2004.06.30 15:46;395.3;395.6;395.3;395.5;6
2004.06.30 15:47;395.6;395.6;395.6;395.6;1
2004.06.30 15:48;395.6;395.6;395.5;395.6;3
2004.06.30 15:49;395.5;395.8;395.5;395.6;8
2004.06.30 15:50;395.6;395.8;395.6;395.6;3
2004.06.30 15:51;395.6;396.1;395.6;396;6
2004.06.30 15:52;395.8;395.8;395.3;395.5;12
2004.06.30 15:53;395.3;396.1;395.3;395.8;10
2004.06.30 15:54;395.8;395.8;395.6;395.6;4
2004.06.30 15:55;395.3;395.5;395.3;395.5;5
2004.06.30 15:56;395.6;395.6;395.1;395.1;3
2004.06.30 15:57;395.1;395.6;395.1;395.5;8
2004.06.30 15:58;395.3;395.3;395;395.1;5
2004.06.30 15:59;395.5;395.5;395.3;395.5;5
2004.06.30 16:00;395.1;395.3;395.1;395.3;4
2004.06.30 16:01;395.8;395.8;395.3;395.6;15
2004.06.30 16:02;395.6;395.6;395.3;395.6;8
2004.06.30 16:03;395.8;395.8;395.6;395.8;8
2004.06.30 16:04;395.8;396.1;395.1;396.1;5
2004.06.30 16:05;395.8;396;395.3;396;3
2004.06.30 16:06;395.1;396;395.1;396;3
2004.06.30 16:07;395.1;395.1;394.8;394.8;7
2004.06.30 16:08;394.8;395.1;394.6;394.8;13
2004.06.30 16:09;394.8;394.8;394.5;394.6;11
2004.06.30 16:10;395.8;395.8;394.6;394.8;6
2004.06.30 16:11;394.6;395.8;394.5;395.8;7
2004.06.30 16:12;395.6;395.6;395.3;395.3;8
2004.06.30 16:13;395.3;395.3;394.6;394.6;3
2004.06.30 16:14;395.1;395.1;394.8;395.1;4
2004.06.30 16:15;394.8;395;394.6;394.8;9
2004.06.30 16:16;394.8;395;394.6;394.6;8
2004.06.30 16:17;394.8;395;394.8;395;2
2004.06.30 16:18;394.8;395;394.6;394.6;7
2004.06.30 16:19;394.8;395.1;394.3;395.1;7
2004.06.30 16:20;394.5;395.1;394.5;395.1;4
2004.06.30 16:21;394.6;394.8;394.6;394.6;12
2004.06.30 16:22;395;395.1;394.6;394.6;13
2004.06.30 16:23;394.8;395;394.8;395;2
2004.06.30 16:24;395.1;395.3;395.1;395.3;4
2004.06.30 16:25;395.3;395.3;395;395;3
2004.06.30 16:26;394.8;395.1;394.6;395.1;4
2004.06.30 16:27;395.1;395.1;395.1;395.1;1
2004.06.30 16:28;395.1;395.3;395;395.3;4
2004.06.30 16:29;395.3;395.3;395.3;395.3;1
2004.06.30 16:30;395;395.3;395;395.3;2
2004.06.30 16:31;395.3;395.3;395.3;395.3;1
2004.06.30 16:32;395.6;395.6;395.3;395.3;3
2004.06.30 16:33;395.5;395.5;395.5;395.5;1
2004.06.30 16:34;394.8;395.3;394.8;395.3;4
2004.06.30 16:35;395.3;395.6;395.3;395.6;3
2004.06.30 16:36;395.6;395.8;395.6;395.8;2
2004.06.30 16:37;395.3;395.3;395.1;395.3;3
2004.06.30 16:38;395.1;395.5;395;395;4
2004.06.30 16:39;395.3;395.6;395.3;395.3;4
2004.06.30 16:40;395.1;395.1;395;395;2
2004.06.30 16:42;395.3;395.6;395.3;395.3;4
2004.06.30 16:43;395;395;395;395;1
2004.06.30 16:44;395.3;395.6;395.3;395.3;3
2004.06.30 16:45;395.3;395.6;395.1;395.6;3
2004.06.30 16:46;395.5;395.5;395.3;395.3;3
2004.06.30 16:47;395.5;395.5;395.1;395.5;6
2004.06.30 16:48;395.6;395.6;394.8;394.8;3
2004.06.30 16:49;395.1;395.1;395.1;395.1;1
2004.06.30 16:50;395.1;395.3;394.8;395.1;5
2004.06.30 16:51;394.6;395;394.6;394.8;7
2004.06.30 16:52;394.6;394.8;394.3;394.6;8
2004.06.30 16:53;394.6;394.6;394.1;394.1;3
2004.06.30 16:54;394.5;394.6;394.5;394.6;2
2004.06.30 16:55;394;394.3;394;394.3;10
2004.06.30 16:56;394.1;394.5;394.1;394.5;5
2004.06.30 16:57;394.1;394.3;394.1;394.3;2
2004.06.30 16:58;394.1;394.3;393.8;394.3;7
2004.06.30 16:59;393.8;394.3;393.8;394.3;7
2004.06.30 17:00;394.1;394.3;393.6;393.8;16
2004.06.30 17:01;393.6;394.3;393.6;394.1;10
2004.06.30 17:02;394.1;394.3;393.8;393.8;11
2004.06.30 17:03;394.3;394.3;394.1;394.1;6
2004.06.30 17:04;394.5;394.5;394.1;394.5;7
2004.06.30 17:05;394.6;394.8;394.3;394.8;13
2004.06.30 17:06;394.6;394.6;394.3;394.3;13
2004.06.30 17:07;394.1;394.6;394;394.3;5
2004.06.30 17:08;394.3;394.6;394.3;394.6;2
2004.06.30 17:09;394.5;394.5;394.1;394.5;8
2004.06.30 17:10;394.3;394.3;394.1;394.1;5
2004.06.30 17:11;394.1;394.3;394.1;394.3;4
2004.06.30 17:12;394.1;394.5;394.1;394.3;3
2004.06.30 17:13;394.1;394.1;393.8;394.1;9
2004.06.30 17:14;394.1;394.3;393.8;394.3;9
2004.06.30 17:15;394.1;394.3;394;394.3;3
2004.06.30 17:16;394.1;394.1;393.8;394.1;4
2004.06.30 17:17;394;394.6;394;394.6;6
2004.06.30 17:18;394.1;394.1;394.1;394.1;1
2004.06.30 17:20;394.1;394.3;394.1;394.3;2
2004.06.30 17:22;394.3;394.3;394;394;4
2004.06.30 17:23;394.1;394.3;394;394.1;8
2004.06.30 17:24;394;394.1;393.8;394;4
2004.06.30 17:25;393.8;394;393.8;394;2
2004.06.30 17:26;393.8;394.3;393.6;394.3;10
2004.06.30 17:27;394.3;394.3;394.3;394.3;1
2004.06.30 17:28;394.1;394.3;393.8;394.1;7
2004.06.30 17:29;394.1;394.3;393.8;394;7
2004.06.30 17:30;394.3;394.3;394.3;394.3;1
2004.06.30 17:31;394.6;394.6;394.5;394.6;5
2004.06.30 17:32;394.1;394.3;394.1;394.3;2
2004.06.30 17:33;394.1;394.1;394.1;394.1;1
2004.06.30 17:34;394.1;394.5;393.8;394.3;11
2004.06.30 17:36;394.5;394.6;394;394.3;4
2004.06.30 17:37;394.3;394.3;394.1;394.1;3
2004.06.30 17:38;393.8;394.3;393.8;394.3;5
2004.06.30 17:39;393.8;393.8;393.8;393.8;1
2004.06.30 17:40;394.1;394.3;394.1;394.1;5
2004.06.30 17:41;394;394.3;394;394.3;3
2004.06.30 17:42;394.1;394.3;394.1;394.3;2
2004.06.30 17:43;394.1;394.3;394.1;394.3;6
2004.06.30 17:45;394.1;394.1;394;394;2
2004.06.30 17:46;394;394;394;394;1
2004.06.30 17:47;394.1;394.3;394.1;394.3;2
2004.06.30 17:48;394.3;394.6;394.3;394.5;4
2004.06.30 17:49;394.5;394.6;394.3;394.5;4
2004.06.30 17:50;394.3;394.5;394.3;394.5;2
2004.06.30 17:51;394.6;394.6;394.6;394.6;1
2004.06.30 17:52;394.5;394.8;394.5;394.8;2
2004.06.30 17:53;394.3;394.6;394.3;394.6;2
2004.06.30 17:55;394.3;394.6;394.1;394.6;6
2004.06.30 17:56;394.8;394.8;394.1;394.1;3
2004.06.30 17:59;394.5;394.5;394.3;394.3;2
2004.06.30 18:00;394.1;394.3;394.1;394.3;4
2004.06.30 18:01;394.3;394.5;394.3;394.3;5
2004.06.30 18:02;394.1;394.1;394.1;394.1;1
2004.06.30 18:03;394.3;394.8;394.1;394.6;6
2004.06.30 18:04;394.8;394.8;394.3;394.3;3
2004.06.30 18:05;394.3;394.6;394.3;394.6;2
2004.06.30 18:06;394.8;394.8;394.6;394.6;5
2004.06.30 18:07;394.1;394.3;394.1;394.1;3
2004.06.30 18:08;394.5;394.5;394.3;394.3;2
2004.06.30 18:10;394.1;394.3;394.1;394.1;3
2004.06.30 18:11;394.5;394.8;394.5;394.8;5
2004.06.30 18:12;394.8;394.8;394.1;394.1;3
2004.06.30 18:13;394.1;394.1;394.1;394.1;1
2004.06.30 18:14;394.6;394.6;394.3;394.3;5
2004.06.30 18:15;394.5;394.8;394.3;394.3;4
2004.06.30 18:16;394.5;394.5;394.3;394.3;2
2004.06.30 18:17;394.6;394.6;394.1;394.1;3
2004.06.30 18:18;394.5;394.6;394.5;394.6;2
2004.06.30 18:19;394.3;394.6;394.3;394.6;2
2004.06.30 18:20;394.3;394.3;394.3;394.3;1
2004.06.30 18:21;394.1;394.6;394.1;394.3;6
2004.06.30 18:22;394.6;394.8;394.3;394.3;3
2004.06.30 18:23;394.3;394.6;394.3;394.6;8
2004.06.30 18:24;394.8;394.8;394.8;394.8;1
2004.06.30 18:25;394.3;394.8;394.3;394.8;2
2004.06.30 18:26;394.6;394.6;394.6;394.6;1
2004.06.30 18:29;394.6;394.6;394.6;394.6;1
2004.06.30 18:30;394.3;394.5;394.3;394.5;2
2004.06.30 18:31;394.6;394.8;394.6;394.6;3
2004.06.30 18:32;394.3;394.6;394.1;394.6;4
2004.06.30 18:33;394.3;394.3;394.3;394.3;1
2004.06.30 18:34;394.5;394.8;394.5;394.8;2
2004.06.30 18:37;394.6;394.6;394.6;394.6;1
2004.06.30 18:38;394.5;394.6;394.3;394.3;7
2004.06.30 18:40;394.8;394.8;394.6;394.6;2
2004.06.30 18:41;394.1;394.8;394.1;394.8;5
2004.06.30 18:42;394.3;394.6;394.1;394.6;4
2004.06.30 18:43;394.3;394.6;394.3;394.6;2
2004.06.30 18:45;394.5;394.8;394.3;394.8;3
2004.06.30 18:46;394.6;394.6;394.6;394.6;1
2004.06.30 18:47;394.6;394.6;394.6;394.6;1
2004.06.30 18:48;394.1;394.8;394.1;394.8;4
2004.06.30 18:49;394.6;394.6;394.6;394.6;1
2004.06.30 18:50;394.3;394.3;394.1;394.1;2
2004.06.30 18:52;394.1;394.5;394.1;394.3;5
2004.06.30 18:53;394.3;394.3;393.8;393.8;8
2004.06.30 18:54;393.8;393.8;393.1;393.6;8
2004.06.30 18:55;393.3;393.5;393.1;393.5;7
2004.06.30 18:56;393.3;393.3;392.8;393.3;8
2004.06.30 18:57;393.3;393.6;393.3;393.6;10
2004.06.30 18:58;393.3;393.3;392.8;393.3;6
2004.06.30 18:59;393.3;393.3;393.1;393.3;7
2004.06.30 19:00;393.5;393.5;393;393.1;6
2004.06.30 19:01;393.3;393.3;393.1;393.1;3
2004.06.30 19:02;393.1;393.3;393.1;393.3;3
2004.06.30 19:03;392.8;393.1;392.8;393.1;4
2004.06.30 19:04;392.8;393;392.8;392.8;5
2004.06.30 19:05;392.6;393;392.3;392.8;5
2004.06.30 19:06;393;393.1;392.8;392.8;5
2004.06.30 19:07;392.8;393;392.6;392.8;10
2004.06.30 19:08;392.6;393;392.6;392.8;4
2004.06.30 19:09;392.6;393.1;392.5;393.1;4
2004.06.30 19:10;393.3;393.3;393.1;393.3;7
2004.06.30 19:11;393.1;393.3;393.1;393.1;8
2004.06.30 19:12;392.3;392.8;392.3;392.8;8
2004.06.30 19:13;392.8;392.8;392.6;392.8;5
2004.06.30 19:14;392.8;392.8;392.1;392.3;6
2004.06.30 19:15;392.3;392.3;392.1;392.3;5
2004.06.30 19:16;392.1;392.3;392.1;392.3;5
2004.06.30 19:17;392.3;392.3;392.1;392.3;5
2004.06.30 19:18;392.1;392.1;391.8;391.8;3
2004.06.30 19:19;392.1;392.1;391.3;391.6;11
2004.06.30 19:20;391.8;391.8;391.8;391.8;1
2004.06.30 19:21;392;392;391.6;391.8;9
2004.06.30 19:22;391.6;391.8;391.6;391.6;13
2004.06.30 19:23;392;392.1;391.8;391.8;4
2004.06.30 19:24;392;392.1;391.8;392.1;10
2004.06.30 19:25;392.1;392.1;391.8;391.8;10
2004.06.30 19:26;392.1;392.3;392.1;392.3;4
2004.06.30 19:27;392.3;392.3;392.3;392.3;1
2004.06.30 19:28;392.3;392.3;392.1;392.1;9
2004.06.30 19:29;392.1;392.3;391.8;392.3;9
2004.06.30 19:30;392.3;392.3;392.3;392.3;1
2004.06.30 19:34;392.3;392.3;392.3;392.3;1
2004.06.30 19:36;392.3;392.5;392.3;392.3;5
2004.06.30 19:37;392.1;392.1;392;392;2
2004.06.30 19:38;392.1;392.1;392.1;392.1;1
2004.06.30 19:39;392;392;392;392;1
2004.06.30 19:40;391.8;391.8;391.8;391.8;1
2004.06.30 19:41;391.6;391.6;391.6;391.6;1
2004.06.30 19:42;392;392;392;392;1
2004.06.30 19:43;392.1;392.1;392.1;392.1;1
2004.06.30 19:44;391.8;391.8;391.6;391.6;2
2004.06.30 19:45;391.6;391.6;391.6;391.6;1
2004.06.30 19:49;391.3;391.3;391.3;391.3;1
2004.06.30 19:54;391.6;391.6;391.6;391.6;1
2004.06.30 19:55;391.6;391.6;391.6;391.6;1
2004.06.30 19:57;391.5;391.6;391.5;391.6;2
2004.06.30 19:59;391.6;391.6;391.6;391.6;1
2004.06.30 20:00;391.6;391.8;391.6;391.8;2
2004.06.30 20:01;392.3;392.3;392.3;392.3;1
2004.06.30 20:02;391.6;391.6;391.6;391.6;1
2004.06.30 20:03;392.1;392.1;392.1;392.1;1
2004.06.30 20:05;392.8;392.8;392.8;392.8;1
2004.06.30 20:06;392.6;392.6;392.6;392.6;1
2004.06.30 20:09;392.3;392.3;392.3;392.3;1
2004.06.30 20:12;392.6;392.6;392.1;392.1;2
2004.06.30 20:13;391.6;392.8;391.6;392.8;3
2004.06.30 20:14;392.8;392.8;392.8;392.8;1
2004.06.30 20:15;392.6;392.8;392.6;392.8;2
2004.06.30 20:16;392.8;392.8;392.8;392.8;1
2004.06.30 20:18;391.8;391.8;391.6;391.6;2
2004.06.30 20:19;391.5;391.5;391.5;391.5;1
2004.06.30 20:21;391.5;391.5;391.5;391.5;1
2004.06.30 20:22;391.6;392.6;391.6;392.6;2
2004.06.30 20:23;391.5;391.5;391.5;391.5;1
2004.06.30 20:24;391.6;391.6;391.6;391.6;1
2004.06.30 20:25;391.8;391.8;391.5;391.5;3
2004.06.30 20:26;391.6;392.8;391.6;392.8;2
2004.06.30 20:27;391.6;392.6;391.6;391.6;4
2004.06.30 20:28;392.6;392.6;392.6;392.6;1
2004.06.30 20:29;391.6;392.8;391.6;392.8;2
2004.06.30 20:30;391.6;392.8;391.6;392.8;3
2004.06.30 20:31;393;393;392.8;392.8;2
2004.06.30 20:32;393.1;393.1;393.1;393.1;1
2004.06.30 20:33;392.8;392.8;392.8;392.8;1
2004.06.30 20:34;392.6;392.6;392.6;392.6;1
2004.06.30 20:35;391.5;391.6;391.5;391.6;2
2004.06.30 20:36;392;392.1;391.6;391.6;3
2004.06.30 20:41;391.6;392.8;391.6;392.6;3
2004.06.30 20:42;392.6;392.8;392.6;392.8;2
2004.06.30 20:43;392.3;392.3;391.6;391.6;2
2004.06.30 20:46;391.5;391.6;391.5;391.6;2
2004.06.30 20:48;392.8;392.8;392.8;392.8;1
2004.06.30 20:49;393.3;393.3;393.1;393.1;2
2004.06.30 20:51;393.3;393.3;393.3;393.3;1
2004.06.30 20:52;393.1;393.3;393.1;393.3;2
2004.06.30 21:00;393.3;393.3;393.3;393.3;1
2004.06.30 21:08;393.3;393.3;393.3;393.3;1
2004.06.30 21:21;393.6;393.6;393.3;393.3;2
2004.06.30 21:35;393.3;393.3;393.3;393.3;1
2004.06.30 21:36;393.8;393.8;393.8;393.8;1
2004.06.30 21:37;392.6;392.6;392.6;392.6;1
2004.06.30 21:38;391.6;391.6;391.6;391.6;1
2004.06.30 21:42;391.6;391.6;391.6;391.6;1
2004.06.30 21:43;391.6;391.6;391.6;391.6;1
2004.06.30 21:45;391.6;391.6;391.6;391.6;1
2004.06.30 22:25;391.6;391.6;391.6;391.6;1
2004.06.30 22:31;392.8;392.8;392.8;392.8;1
2004.06.30 22:32;391.6;391.6;391.6;391.6;1
2004.06.30 22:34;391.5;391.5;391.5;391.5;1
2004.06.30 22:38;391.6;391.6;391.6;391.6;1
2004.06.30 23:02;392.3;392.3;392.3;392.3;1
2004.06.30 23:08;392.8;392.8;392.8;392.8;1
2004.06.30 23:10;393.1;393.1;393.1;393.1;1
2004.06.30 23:21;393.1;393.1;393.1;393.1;1
2004.06.30 23:27;393.3;393.3;393.3;393.3;1
2004.06.30 23:38;393.3;393.3;393.3;393.3;1
2004.06.30 23:40;393.3;393.3;393.3;393.3;1
2004.06.30 23:45;393.3;393.3;393.3;393.3;1
2004.06.30 23:53;393.3;393.3;393.3;393.3;1
2004.07.01 01:53;391.6;391.6;391.6;391.6;1
2004.07.01 01:58;391.5;391.6;391.5;391.6;2
2004.07.01 02:01;391.6;391.6;391.6;391.6;1
2004.07.01 02:11;393.6;393.6;393.6;393.6;1
2004.07.01 02:14;394.3;394.3;394.3;394.3;1
2004.07.01 02:17;394.1;394.1;394.1;394.1;1
2004.07.01 02:18;393.6;393.6;393.6;393.6;1
2004.07.01 02:21;393.6;393.6;393.6;393.6;1
2004.07.01 02:29;394.3;394.6;394.3;394.6;2
2004.07.01 02:36;393.6;393.6;393.6;393.6;1
2004.07.01 02:41;394.8;394.8;394.5;394.8;5
2004.07.01 02:42;394.3;394.3;394.3;394.3;1
2004.07.01 02:44;394.3;394.3;394.3;394.3;1
2004.07.01 02:46;394.3;394.3;394.3;394.3;1
2004.07.01 02:48;394.3;394.3;394.3;394.3;1
2004.07.01 02:51;394.3;394.3;394.3;394.3;1
2004.07.01 02:52;394.3;394.3;394.3;394.3;1
2004.07.01 02:54;394.3;394.3;393.8;394.1;3
2004.07.01 02:55;393.8;393.8;393.8;393.8;1
2004.07.01 02:56;393.6;393.6;393.6;393.6;1
2004.07.01 02:57;394.3;394.3;394.3;394.3;1
2004.07.01 03:07;393.8;393.8;393.8;393.8;1
2004.07.01 03:08;393.6;393.6;393.6;393.6;1
2004.07.01 03:14;393.8;394.1;393.8;394.1;2
2004.07.01 03:17;393.6;393.6;393.6;393.6;1
2004.07.01 03:19;393.6;393.6;393.6;393.6;1
2004.07.01 03:22;393.8;393.8;393.6;393.6;2
2004.07.01 03:23;393.8;393.8;393.8;393.8;1
2004.07.01 03:24;394.1;394.1;393.8;393.8;2
2004.07.01 03:32;394;394;393.8;393.8;2
2004.07.01 03:40;393.8;393.8;393.8;393.8;1
2004.07.01 03:44;394.3;394.3;393.8;394;7
2004.07.01 03:45;394.6;394.6;394.6;394.6;1
2004.07.01 03:46;394.3;394.3;394.1;394.1;2
2004.07.01 03:49;394.1;394.1;394.1;394.1;1
2004.07.01 03:54;394.1;394.1;394.1;394.1;1
2004.07.01 03:59;394.1;394.3;394.1;394.3;2
2004.07.01 04:09;394.1;394.1;394.1;394.1;1
2004.07.01 04:12;394.1;394.1;394.1;394.1;1
2004.07.01 04:18;394;394.1;394;394.1;2
2004.07.01 04:20;394.1;394.1;394.1;394.1;1
2004.07.01 04:23;394;394;394;394;1
2004.07.01 04:25;394.1;394.1;394.1;394.1;1
2004.07.01 04:27;394;394;394;394;1
2004.07.01 04:32;394.1;394.1;394;394;2
2004.07.01 04:35;393.8;394.3;393.8;394.3;2
2004.07.01 04:38;393.8;393.8;393.8;393.8;1
2004.07.01 04:42;394;394;394;394;1
2004.07.01 04:43;393.8;393.8;393.8;393.8;1
2004.07.01 04:46;393.8;394;393.8;394;2
2004.07.01 04:47;393.8;393.8;393.8;393.8;1
2004.07.01 04:53;393.8;393.8;393.8;393.8;1
2004.07.01 04:54;394;394;393.8;393.8;2
2004.07.01 04:56;393.8;393.8;393.8;393.8;1
2004.07.01 05:01;393.8;393.8;393.8;393.8;1
2004.07.01 05:08;393.8;393.8;393.8;393.8;1
2004.07.01 05:10;394.3;394.3;394.3;394.3;1
2004.07.01 05:12;393.8;393.8;393.8;393.8;1
2004.07.01 05:14;393.8;393.8;393.8;393.8;1
2004.07.01 05:18;394.1;394.3;394.1;394.3;2
2004.07.01 05:19;394.1;394.1;394.1;394.1;1
2004.07.01 05:20;393.6;394.1;393.6;393.8;4
2004.07.01 05:22;394;394.3;393.8;393.8;3
2004.07.01 05:23;393.8;393.8;393.8;393.8;1
2004.07.01 05:39;394.1;394.1;394.1;394.1;1
2004.07.01 05:43;394.3;394.3;394.3;394.3;1
2004.07.01 05:45;393.6;393.6;393.6;393.6;1
2004.07.01 05:46;393.6;393.6;393.6;393.6;1
2004.07.01 05:49;393.6;393.6;393.6;393.6;1
2004.07.01 05:51;393.6;393.6;393.6;393.6;1
2004.07.01 05:55;393.6;394.1;393.6;394.1;2
2004.07.01 05:56;393.8;393.8;393.8;393.8;1
2004.07.01 05:58;393.6;393.6;393.6;393.6;1
2004.07.01 06:03;393.6;393.6;393.6;393.6;1
2004.07.01 06:06;393.8;393.8;393.8;393.8;1
2004.07.01 06:16;394;394;394;394;1
2004.07.01 06:17;393.6;393.6;393.6;393.6;1
2004.07.01 06:18;393.6;393.6;393.6;393.6;1
2004.07.01 06:19;393.8;393.8;393.8;393.8;1
2004.07.01 06:20;393.8;394.1;393.8;393.8;7
2004.07.01 06:21;393.6;393.8;393.6;393.8;4
2004.07.01 06:22;393.8;393.8;393.8;393.8;1
2004.07.01 06:28;393.8;394.1;393.8;394.1;2
2004.07.01 06:30;393.6;393.6;393.6;393.6;1
2004.07.01 06:31;393.5;393.5;393.5;393.5;1
2004.07.01 06:33;393.6;393.6;393.5;393.6;3
2004.07.01 06:35;393.6;393.6;393.6;393.6;1
2004.07.01 06:37;393.6;393.6;393.5;393.5;2
2004.07.01 06:40;393.5;393.5;393.5;393.5;1
2004.07.01 06:41;394.1;394.1;394.1;394.1;1
2004.07.01 06:42;393.8;394.1;393.8;394.1;2
2004.07.01 06:45;393.6;393.6;393.5;393.5;2
2004.07.01 06:49;393.8;393.8;393.6;393.6;2
2004.07.01 06:50;393.8;393.8;393.8;393.8;1
2004.07.01 06:54;394.3;394.3;394.3;394.3;1
2004.07.01 07:00;393.8;394.1;393.8;394.1;6
2004.07.01 07:03;394;394.3;394;394.1;3
2004.07.01 07:04;393.8;393.8;393.8;393.8;1
2004.07.01 07:06;393.8;393.8;393.8;393.8;1
2004.07.01 07:07;393.8;393.8;393.8;393.8;1
2004.07.01 07:08;393.8;393.8;393.8;393.8;1
2004.07.01 07:09;393.8;393.8;393.8;393.8;1
2004.07.01 07:12;393.8;393.8;393.8;393.8;1
2004.07.01 07:13;393.8;393.8;393.8;393.8;1
2004.07.01 07:21;394.3;394.3;394.3;394.3;1
2004.07.01 07:22;393.8;393.8;393.8;393.8;1
2004.07.01 07:24;393.8;393.8;393.8;393.8;1
2004.07.01 07:26;394.3;394.3;394.3;394.3;1
2004.07.01 07:28;394;394;394;394;1
2004.07.01 07:29;393.8;393.8;393.8;393.8;1
2004.07.01 07:30;393.6;394;393.6;394;2
2004.07.01 07:32;393.8;393.8;393.8;393.8;1
2004.07.01 07:34;394.3;394.3;394.3;394.3;1
2004.07.01 07:35;394;394;394;394;1
2004.07.01 07:39;393.8;393.8;393.8;393.8;1
2004.07.01 07:46;394;394;393.8;393.8;2
2004.07.01 07:52;394.1;394.3;394.1;394.3;2
2004.07.01 07:53;394;394;394;394;1
2004.07.01 07:56;394.1;394.1;394.1;394.1;1
2004.07.01 08:01;394.3;394.3;394.1;394.1;2
2004.07.01 08:04;393.8;393.8;393.8;393.8;1
2004.07.01 08:05;393.8;393.8;393.8;393.8;1
2004.07.01 08:06;393.8;394.1;393.8;394.1;2
2004.07.01 08:15;393.5;393.5;393.5;393.5;1
2004.07.01 08:16;393.6;393.6;393.6;393.6;1
2004.07.01 08:21;393.8;393.8;393.6;393.8;3
2004.07.01 08:24;394;394;393.8;393.8;3
2004.07.01 08:25;393.8;393.8;393.8;393.8;1
2004.07.01 08:27;393.8;393.8;393.8;393.8;1
2004.07.01 08:28;393.8;393.8;393.6;393.6;2
2004.07.01 08:29;393.8;393.8;393.6;393.6;2
2004.07.01 08:31;394;394;394;394;1
2004.07.01 08:32;393.8;394.1;393.8;393.8;3
2004.07.01 08:33;394.3;394.3;394.3;394.3;1
2004.07.01 08:35;393.8;393.8;393.8;393.8;1
2004.07.01 08:38;394.1;394.1;394.1;394.1;1
2004.07.01 08:39;393.8;393.8;393.8;393.8;1
2004.07.01 08:43;393.8;393.8;393.8;393.8;1
2004.07.01 08:44;393.8;393.8;393.8;393.8;1
2004.07.01 08:45;394.3;394.3;393.8;393.8;2
2004.07.01 08:46;393.8;394.1;393.8;393.8;3
2004.07.01 08:47;394.3;394.3;394.3;394.3;1
2004.07.01 08:49;394.3;394.3;394.3;394.3;1
2004.07.01 08:50;394.1;394.3;394.1;394.3;2
2004.07.01 08:52;393.8;393.8;393.8;393.8;1
2004.07.01 08:53;394.1;394.3;394.1;394.3;3
2004.07.01 08:56;393.6;393.8;393.6;393.8;2
2004.07.01 08:58;394.3;394.3;394.3;394.3;1
2004.07.01 08:59;393.8;393.8;393.8;393.8;1
2004.07.01 09:01;394;394.3;394;394.3;2
2004.07.01 09:02;394.1;394.1;394.1;394.1;1
2004.07.01 09:03;393.8;393.8;393.6;393.6;2
2004.07.01 09:04;393.8;393.8;393.6;393.6;2
2004.07.01 09:05;394;394;393.8;393.8;2
2004.07.01 09:06;394.1;394.1;394.1;394.1;1
2004.07.01 09:07;394;394;393.8;393.8;2
2004.07.01 09:11;393.3;393.3;393.3;393.3;1
2004.07.01 09:12;393.5;393.6;393.3;393.6;5
2004.07.01 09:13;393.8;393.8;393.8;393.8;1
2004.07.01 09:18;393.8;393.8;393.8;393.8;1
2004.07.01 09:19;393.3;393.3;393.3;393.3;1
2004.07.01 09:20;393.5;393.5;393.1;393.3;4
2004.07.01 09:25;392.8;392.8;392.8;392.8;1
2004.07.01 09:26;393.1;393.1;393;393;2
2004.07.01 09:28;393.1;393.3;393;393.1;7
2004.07.01 09:29;392.6;392.6;392.6;392.6;1
2004.07.01 09:30;392.8;392.8;392.6;392.8;3
2004.07.01 09:33;392.8;392.8;392.8;392.8;1
2004.07.01 09:35;392.5;392.6;392.5;392.6;2
2004.07.01 09:36;392.6;392.6;392.6;392.6;1
2004.07.01 09:37;392.6;392.6;392.6;392.6;1
2004.07.01 09:39;392.6;392.6;392.6;392.6;1
2004.07.01 09:41;392.8;392.8;392.8;392.8;1
2004.07.01 09:45;392.6;392.6;392.6;392.6;1
2004.07.01 09:46;393.1;393.1;393.1;393.1;1
2004.07.01 09:48;392.8;392.8;392.8;392.8;1
2004.07.01 09:49;392.6;392.6;392.6;392.6;1
2004.07.01 09:55;393.1;393.3;393.1;393.3;5
2004.07.01 09:56;393.5;393.5;393.5;393.5;1
2004.07.01 09:57;393.3;393.6;393.1;393.1;3
2004.07.01 09:58;393.5;393.5;393.3;393.3;2
2004.07.01 10:00;393.8;393.8;393.8;393.8;1
2004.07.01 10:01;393.5;393.5;393.3;393.3;2
2004.07.01 10:03;393.8;393.8;393.8;393.8;1
2004.07.01 10:06;393.8;393.8;393.8;393.8;1
2004.07.01 10:07;393.3;393.3;393.1;393.1;2
2004.07.01 10:08;393.3;393.3;393.3;393.3;1
2004.07.01 10:09;393.3;393.5;393.3;393.5;2
2004.07.01 10:10;393.3;393.3;393.3;393.3;1
2004.07.01 10:11;393;393.1;393;393.1;2
2004.07.01 10:12;392.8;392.8;392.8;392.8;1
2004.07.01 10:13;393.1;393.1;393;393;2
2004.07.01 10:14;393.1;393.1;393;393;2
2004.07.01 10:15;393.3;393.3;393.3;393.3;1
2004.07.01 10:18;393.1;393.3;393.1;393.3;2
2004.07.01 10:19;392.8;392.8;392.8;392.8;1
2004.07.01 10:30;393.8;393.8;393.8;393.8;1
2004.07.01 10:31;393.3;393.3;393.3;393.3;1
2004.07.01 10:34;393.3;393.3;393.3;393.3;1
2004.07.01 10:35;393.1;393.1;393.1;393.1;1
2004.07.01 10:36;393.3;393.3;393.3;393.3;1
2004.07.01 10:37;393.1;393.3;393.1;393.1;3
2004.07.01 10:38;393.3;393.3;393;393.3;5
2004.07.01 10:40;392.8;392.8;392.8;392.8;1
2004.07.01 10:41;393;393;393;393;1
2004.07.01 10:48;393.1;393.1;393.1;393.1;1
2004.07.01 10:52;392.8;393.1;392.8;393.1;2
2004.07.01 11:00;393.5;393.8;393.5;393.8;2
2004.07.01 11:02;393.3;393.3;393.1;393.1;3
2004.07.01 11:03;393.3;393.3;393.3;393.3;1
2004.07.01 11:07;393.8;393.8;393.8;393.8;1
2004.07.01 11:08;393.5;393.5;393.5;393.5;1
2004.07.01 11:09;393.3;393.3;393.3;393.3;1
2004.07.01 11:10;393.3;393.3;393.3;393.3;1
2004.07.01 11:12;393.5;393.5;393.5;393.5;1
2004.07.01 11:13;393.8;393.8;393.8;393.8;1
2004.07.01 11:14;394.1;394.1;394.1;394.1;1
2004.07.01 11:16;394;394;393.8;393.8;3
2004.07.01 11:17;393.6;393.6;393.6;393.6;1
2004.07.01 11:18;393.6;393.6;393.6;393.6;1
2004.07.01 11:20;393.6;393.6;393.6;393.6;1
2004.07.01 11:22;393.6;393.6;393.6;393.6;1
2004.07.01 11:23;393.6;393.6;393.6;393.6;1
2004.07.01 11:25;393.6;393.6;393.6;393.6;1
2004.07.01 11:26;393.5;393.6;393.5;393.6;2
2004.07.01 11:27;393.6;393.8;393.3;393.3;5
2004.07.01 11:29;393.8;393.8;393.8;393.8;1
2004.07.01 11:30;393.3;393.6;393.3;393.6;3
2004.07.01 11:31;393.3;393.8;393.3;393.8;5
2004.07.01 11:32;393.6;394.1;393.6;394.1;2
2004.07.01 11:33;393.6;394.1;393.6;394.1;4
2004.07.01 11:36;394.1;394.1;393.8;393.8;2
2004.07.01 11:42;394.1;394.1;394.1;394.1;1
2004.07.01 11:43;393.6;393.6;393.6;393.6;1
2004.07.01 11:44;393.8;393.8;393.8;393.8;1
2004.07.01 11:49;393.6;394;393.6;394;3
2004.07.01 11:50;394.3;394.3;394;394;3
2004.07.01 11:51;394.1;394.1;394;394;2
2004.07.01 11:52;394.3;394.3;394.3;394.3;1
2004.07.01 11:57;394.3;394.3;394.3;394.3;1
2004.07.01 11:58;394.5;394.8;394.3;394.6;5
2004.07.01 11:59;394.8;394.8;394.6;394.6;2
2004.07.01 12:01;394.8;394.8;394.5;394.5;2
2004.07.01 12:02;394.6;394.6;394.6;394.6;1
2004.07.01 12:03;394.5;394.5;394.5;394.5;1
2004.07.01 12:04;394.8;394.8;394.8;394.8;1
2004.07.01 12:06;394.8;394.8;394.8;394.8;1
2004.07.01 12:07;394.6;394.6;394.5;394.5;2
2004.07.01 12:08;394.6;394.6;394.5;394.5;2
2004.07.01 12:10;394.6;394.6;394.6;394.6;1
2004.07.01 12:11;394.5;394.6;394.5;394.6;2
2004.07.01 12:12;395.3;395.3;395.3;395.3;1
2004.07.01 12:13;395.3;395.3;395.1;395.1;2
2004.07.01 12:14;395.3;395.3;395.3;395.3;1
2004.07.01 12:16;395.1;395.1;394.8;394.8;3
2004.07.01 12:17;394.8;395.3;394.8;395.3;2
2004.07.01 12:24;394.6;394.8;394.6;394.8;2
2004.07.01 12:36;395.1;395.3;395.1;395.3;2
2004.07.01 12:37;395.1;395.1;395.1;395.1;1
2004.07.01 12:38;395;395;395;395;1
2004.07.01 12:44;395.6;395.6;395.6;395.6;1
2004.07.01 12:47;395.8;395.8;395.8;395.8;1
2004.07.01 12:49;395.3;395.6;395.3;395.6;3
2004.07.01 12:50;395.1;395.1;395.1;395.1;1
2004.07.01 12:51;395.1;395.1;395;395;2
2004.07.01 13:02;395.1;395.1;394.8;394.8;2
2004.07.01 13:03;395;395;395;395;1
2004.07.01 13:04;394.8;394.8;394.8;394.8;1
2004.07.01 13:06;394.8;394.8;394.8;394.8;1
2004.07.01 13:08;395.3;395.3;395.3;395.3;1
2004.07.01 13:09;394.8;395.1;394.8;395.1;2
2004.07.01 13:10;394.8;394.8;394.8;394.8;1
2004.07.01 13:11;394.8;394.8;394.8;394.8;1
2004.07.01 13:12;394.8;394.8;394.8;394.8;1
2004.07.01 13:13;394.8;394.8;394.6;394.8;3
2004.07.01 13:14;394.6;394.6;394.5;394.5;2
2004.07.01 13:15;395;395;394.8;394.8;2
2004.07.01 13:18;394.8;394.8;394.8;394.8;1
2004.07.01 13:19;394.8;394.8;394.8;394.8;1
2004.07.01 13:28;394.8;394.8;394.8;394.8;1
2004.07.01 13:29;394.8;394.8;394.6;394.6;3
2004.07.01 13:30;394.8;394.8;394.8;394.8;1
2004.07.01 13:31;394.3;394.3;394.3;394.3;1
2004.07.01 13:33;394.3;394.6;394.3;394.6;2
2004.07.01 13:35;394.6;394.6;394.6;394.6;1
2004.07.01 13:38;394.3;394.3;394.1;394.1;2
2004.07.01 13:39;394.6;394.6;394.6;394.6;1
2004.07.01 13:42;394.3;394.3;394.3;394.3;1
2004.07.01 13:43;394.8;394.8;394.8;394.8;1
2004.07.01 13:47;394.5;394.5;394.3;394.3;2
2004.07.01 13:49;394.8;394.8;394.6;394.6;2
2004.07.01 13:52;394.8;394.8;394.8;394.8;1
2004.07.01 13:54;394.6;394.6;394.5;394.5;2
2004.07.01 13:55;394.6;394.6;394.6;394.6;1
2004.07.01 13:57;394.3;394.6;394.3;394.3;3
2004.07.01 13:58;394.6;394.6;394.3;394.3;3
2004.07.01 13:59;394.5;394.5;394.5;394.5;1
2004.07.01 14:06;394.6;394.6;394.6;394.6;1
2004.07.01 14:07;394.5;394.5;394.5;394.5;1
2004.07.01 14:08;395.1;395.1;395;395;2
2004.07.01 14:09;394.8;394.8;394.8;394.8;1
2004.07.01 14:18;395;395;394.8;394.8;2
2004.07.01 14:19;395;395;395;395;1
2004.07.01 14:20;394.8;394.8;394.3;394.3;8
2004.07.01 14:21;394.5;394.8;394.3;394.6;6
2004.07.01 14:22;394.6;394.6;394.6;394.6;1
2004.07.01 14:24;394.5;394.5;394.3;394.5;3
